id,customfields_candidateexp,applications_jobdetails_customfields_joblevel,applications_jobs_name,customfields_gender,customfields_candidateage,customfields_dateofbirth,customfields_language,applications_location_address,applications_jobdetails_hiringteam_hiringmanagers_name,applications_jobdetails_departments_name,customfields_hiredate,customfields_startdate,applications_offerdetails_resolvedat,applications_offerdetails_createdat,applications_appliedat,applications_jobdetails_openings_openedat,applications_jobdetails_openings_closedat,customfields_degree,customfields_discipline,applications_source_publicname,applications_rejectedat,applications_status,applications_jobdetails_status,applications_offerdetails_status,recruiter_name,applications_rejectionreason_name,applications_currentstage_name,applications_prospect,company,applications_jobdetails_customfields_salaryrange_maxvalue,applications_jobdetails_customfields_salaryrange_minvalue
3283846668914525184,9,L3,Backend Developer,Female,30,1994-03-03,UK,UK,Duke Thomas,Platform,2024-01-19,2024-01-27,2024-01-15,2024-01-09,2023-12-24,2023-12-12,2024-01-06,PhD,CS,HRMarket,,hired,Closed,hired,Duke Thomas,,hired,True,Lowe-Brown,400000,350000
3286584808511112192,1,L1,Junior Backend Developer,Female,22,2002-06-24,USA,USA,Connor Hawke,Platform,2024-02-12,2024-02-16,2024-02-03,2024-01-30,2024-01-17,2023-12-07,,PhD,IS,HRMarket,,hired,Open,hired,Connor Hawke,,hired,True,Knox PLC,170000,70000
3287863936115802112,4,L2,Support Specialist,Female,25,2000-01-04,Canada,Canada,Zatanna Zatara,Customer Service,2024-02-12,2024-02-13,2024-02-08,2024-02-04,2024-01-21,2023-12-21,2024-01-15,BE,CS,Monster,,hired,Closed,hired,Zatanna Zatara,,hired,True,Jordan-Gray,250000,200000
3287864387607461888,2,L1,Customer Service Associate,Female,25,1999-02-02,Canada,Canada,Selina Kyle,Customer Service,2024-02-13,2024-02-14,2024-02-03,2024-01-29,2024-01-08,2023-12-14,2024-01-04,BE,CS,Monster,,hired,Closed,hired,Selina Kyle,,hired,True,Reese Ltd,170000,120000
3287871858333974528,2,L2,System Administrator,Male,23,2001-08-03,USA,USA,Hal Jordan,IT,2024-01-12,2024-01-16,2024-01-04,2023-12-29,2023-12-11,2023-12-04,2023-12-27,PhD,EC,LinkedIn,,hired,Closed,hired,Hal Jordan,,hired,True,Elliott Ltd,190000,140000
3287876294145998848,1,L1,Customer Service Associate,Male,23,2001-05-02,UK,UK,Zatanna Zatara,Customer Service,2024-01-12,2024-01-20,2024-01-03,2023-12-29,2023-12-15,2023-12-14,2024-01-04,other,IS,LinkedIn,,hired,Closed,hired,Zatanna Zatara,,hired,True,Reyes Ltd,150000,100000
3287876623843459072,9,L5,Regional Sales Manager,Female,30,1994-08-12,UK,UK,Arnold Flass,Sales,2024-01-12,2024-01-18,2024-01-10,2024-01-05,2023-12-18,2023-12-17,2024-01-11,BE,IS,LinkedIn,,hired,Closed,hired,Arnold Flass,,hired,True,Mathews-Yang,460000,400000
3287880923315437568,4,L3,UX Designer,Male,28,1996-04-08,Canada,Canada,Tim Drake,UI/UX,2024-01-12,2024-01-16,2024-01-07,2024-01-01,2023-12-23,2023-12-19,,Mtech,EC,HRMarket,,hired,Open,hired,Tim Drake,,hired,True,Miller-Bennett,290000,200000
3287998310224232960,3,L1,Junior UX Designer,Female,25,1999-02-10,USA,USA,Jason Todd,UI/UX,2024-01-12,2024-01-19,2024-01-10,2024-01-05,2023-12-27,2023-12-11,,Mtech,AI,Monster,,hired,Open,hired,Jason Todd,,hired,True,Mercer Group,220000,140000
3290758569749643776,4,L1,Junior UX Designer,Male,28,1996-12-08,USA,USA,Jason Todd,UI/UX,2024-01-12,2024-01-13,2024-01-05,2023-12-30,2023-12-12,2023-12-11,,Mtech,EC,HRMarket,,hired,Open,hired,Jason Todd,,hired,True,Alvarez Ltd,220000,170000
3290775229911008256,2,L1,Junior Backend Developer,Non-Binary,24,2000-11-28,Mexico,Mexico,Damian Wayne,Platform,2024-02-12,2024-02-25,2024-02-02,2024-01-28,2024-01-12,2023-12-07,,Btech,IS,HRMarket,,hired,Open,hired,Damian Wayne,,hired,True,"Clark, Hall and Blackburn",190000,90000
3290906560808616448,1,L1,Social Media Coordinator,Female,22,2002-12-04,Canada,Canada,Harleen Quinnzel,Marketing,2024-01-01,2024-01-12,2023-12-23,2023-12-16,2023-11-30,2023-11-29,,Btech,AI,Referral,,hired,Open,hired,Harleen Quinnzel,,hired,True,Mathews-Yang,160000,70000
3291458383139308032,9,L1,IT Support,Female,32,1992-03-18,USA,USA,Jon Stewart,IT,2024-07-17,2024-07-24,2024-07-13,2024-07-06,2024-06-19,2023-12-20,2024-01-10,PhD,CS,LinkedIn,,hired,Closed,hired,Jon Stewart,,hired,True,"Zuniga, Trujillo and Johnson",320000,240000
3291488197241995776,10,L4,MLOps Engineer,Female,31,1993-06-09,USA,USA,Cassandra Cain,Machine Learning,2024-01-01,2024-01-07,2023-12-29,2023-12-24,2023-12-06,2023-12-05,2023-12-30,PhD,AI,HRMarket,,hired,Closed,hired,Cassandra Cain,,hired,True,"Murray, Baker and Wright",440000,370000
3291491089508205056,2,L2,Frontend Developer,Male,26,1998-07-21,India,India,Tim Drake,UI/UX,2024-01-01,2024-01-03,2023-12-25,2023-12-21,2023-12-03,2023-12-02,2023-12-26,Btech,IS,HRMarket,,hired,Closed,hired,Tim Drake,,hired,True,Harding-Hudson,230000,120000
3291515646948409856,5,L3,Data Analyst,Male,28,1996-08-02,China,China,Stephanie Brown,Machine Learning,2024-01-01,2024-01-06,2023-12-28,2023-12-21,2023-12-04,2023-12-03,,BE,EC,HRMarket,,hired,Open,hired,Stephanie Brown,,hired,True,"Cox, Thomas and Pineda",330000,230000
3291569315198796288,5,L3,Technical Consultant,Male,28,1996-05-22,UK,UK,Selina Kyle,Customer Service,2024-01-01,2024-01-03,2023-12-23,2023-12-18,2023-12-10,2023-12-09,2023-12-24,BE,EE,LinkedIn,,hired,Closed,hired,Selina Kyle,,hired,True,Johnson Ltd,330000,260000
3291586856113669120,10,L2,System Administrator,Female,31,1993-06-23,Canada,Canada,Hal Jordan,IT,2024-01-01,2024-01-07,2023-12-26,2023-12-21,2023-12-05,2023-12-04,2023-12-27,BE,AI,HRMarket,,hired,Closed,hired,Hal Jordan,,hired,True,Velez-Hays,390000,330000
3291623008195575808,8,L1,Junior UX Designer,Male,29,1995-08-24,USA,USA,Jason Todd,UI/UX,2024-01-12,2024-01-24,2024-01-10,2024-01-05,2023-12-16,2023-12-11,,BE,AI,Internal,,hired,Open,hired,Jason Todd,,hired,True,Jones PLC,310000,270000
3295942539760108032,10,L1,Junior UX Designer,Male,32,1992-05-28,Canada,Canada,Richard Grayson,UI/UX,2024-02-06,2024-02-10,2024-01-27,2024-01-22,2024-01-11,2023-12-11,,other,EC,HRMarket,,hired,Open,hired,Richard Grayson,,hired,True,Cameron PLC,390000,310000
3295945231219819520,3,L2,Frontend Developer,Non-Binary,27,1997-09-07,USA,USA,Barabara Gordon,UI/UX,2024-02-06,2024-02-10,2024-01-31,2024-01-25,2024-01-05,2023-12-02,2023-12-26,Btech,EC,Others,,hired,Closed,hired,Barabara Gordon,,hired,True,Nelson PLC,230000,180000
3295965441742078976,9,L1,Junior UX Designer,Female,31,1993-10-04,Canada,Canada,Tim Drake,UI/UX,2024-02-05,2024-02-06,2024-01-31,2024-01-27,2024-01-14,2023-12-11,,PhD,IS,Monster,,hired,Open,hired,Tim Drake,,hired,True,"Murray, Baker and Wright",330000,260000
3295969250530821120,7,L2,Platform Engineer,Male,28,1997-01-03,UK,UK,Connor Hawke,Platform,2024-02-24,2024-02-28,2024-02-15,2024-02-10,2024-01-20,2023-12-20,2024-01-10,PhD,CS,Others,,hired,Closed,hired,Connor Hawke,,hired,True,Mitchell Group,350000,260000
3296042905151472640,2,L3,Backend Developer,Male,24,2000-02-15,UK,UK,Connor Hawke,Platform,2024-02-12,2024-02-22,2024-02-07,2024-02-03,2024-01-16,2023-12-12,2024-01-06,PhD,EE,Monster,,hired,Closed,hired,Connor Hawke,,hired,True,"Wood, Scott and Thomas",260000,170000
3296043329304658944,8,L1,Customer Service Associate,Female,30,1994-07-04,Canada,Canada,Selina Kyle,Customer Service,2024-02-05,2024-02-06,2024-01-29,2024-01-24,2024-01-11,2023-12-14,2024-01-04,Mtech,IS,LinkedIn,,hired,Closed,hired,Selina Kyle,,hired,True,Peters-Rodriguez,320000,260000
3296058440316617728,3,L2,Marketing Associate,Non-Binary,25,1999-07-30,USA,USA,Pamela Isley,Marketing,2024-02-06,2024-02-16,2024-02-01,2024-01-26,2024-01-13,2023-12-27,,PhD,IS,Monster,,hired,Open,hired,Pamela Isley,,hired,True,Reyes-Clark,230000,190000
3296712091154514432,8,L1,Customer Service Associate,Male,31,1993-06-24,USA,USA,Selina Kyle,Customer Service,2024-02-06,2024-02-16,2024-01-28,2024-01-21,2024-01-03,2023-12-14,2024-01-04,PhD,IS,HRMarket,,hired,Closed,hired,Selina Kyle,,hired,True,Schroeder-Allen,350000,240000
3298853815662412288,1,L1,Junior Backend Developer,Male,22,2002-10-06,Canada,Canada,Duke Thomas,Platform,2024-03-01,2024-03-09,2024-02-21,2024-02-14,2024-02-02,2023-12-07,,PhD,AI,HRMarket,,hired,Open,hired,Duke Thomas,,hired,True,Mcintosh Group,170000,80000
3298899986208523776,3,L1,IT Support,Male,27,1997-11-15,India,India,Guy Gardner,IT,2024-02-01,2024-02-03,2024-01-24,2024-01-17,2023-12-27,2023-12-20,2024-01-10,BE,CS,HRMarket,,hired,Closed,hired,Guy Gardner,,hired,True,Conway-Hernandez,210000,120000
3298943628210078208,5,L1,Sales Associate,Male,29,1995-04-20,USA,USA,Arnold Flass,Sales,2024-02-02,2024-02-05,2024-01-29,2024-01-22,2024-01-14,2023-12-08,2023-12-30,BE,other,LinkedIn,,hired,Closed,hired,Arnold Flass,,hired,True,Benitez PLC,270000,190000
3298950062767342080,7,L1,Junior UX Designer,Female,31,1993-04-05,UK,UK,Richard Grayson,UI/UX,2024-02-03,2024-02-09,2024-02-01,2024-01-27,2024-01-16,2023-12-11,,HighSchool,EC,HRMarket,,hired,Open,hired,Richard Grayson,,hired,True,"Silva, Turner and Carpenter",320000,230000
3298958904955765248,1,L1,IT Support,Female,23,2001-01-14,USA,USA,Guy Gardner,IT,2024-02-01,2024-02-08,2024-01-27,2024-01-20,2024-01-08,2023-12-20,2024-01-10,Btech,IS,HRMarket,,hired,Closed,hired,Guy Gardner,,hired,True,Watkins LLC,170000,80000
3298963327564120576,1,L3,Backend Developer,Male,25,1999-10-22,UK,UK,Roy Harper,Platform,2024-02-01,2024-02-10,2024-01-28,2024-01-23,2024-01-11,2023-12-12,2024-01-06,Btech,CS,HRMarket,,hired,Closed,hired,Roy Harper,,hired,True,Mercer Group,240000,160000
3300925552679976960,4,L3,Backend Developer,Male,28,1996-07-24,Canada,Canada,Damian Wayne,Platform,2024-01-12,2024-01-20,2024-01-10,2024-01-06,2023-12-29,2023-12-12,2024-01-06,BE,EC,Referral,,hired,Closed,hired,Damian Wayne,,hired,True,Thomas-Stephens,300000,210000
3300930720221888512,5,L1,Junior Backend Developer,Male,26,1998-05-27,UK,UK,Duke Thomas,Platform,2024-01-12,2024-01-18,2024-01-10,2024-01-04,2023-12-17,2023-12-07,,Mtech,AI,HRMarket,,hired,Open,hired,Duke Thomas,,hired,True,"Baker, Randolph and Murray",260000,170000
3300956872772681728,3,L1,ML Intern,Male,27,1997-06-18,USA,USA,Cassandra Cain,Machine Learning,2024-01-12,2024-01-24,2024-01-04,2023-12-30,2023-12-17,2023-12-16,2024-01-05,PhD,IS,HRMarket,,hired,Closed,hired,Cassandra Cain,,hired,True,Taylor LLC,200000,160000
3300957161449848832,9,L2,Frontend Developer,Female,33,1991-07-08,China,China,Jason Todd,UI/UX,2024-01-12,2024-01-13,2024-01-03,2023-12-28,2023-12-16,2023-12-02,2023-12-26,Btech,EC,Others,,hired,Closed,hired,Jason Todd,,hired,True,Stafford Group,360000,330000
3300957553961205760,4,L1,Social Media Coordinator,Female,25,1999-05-19,Canada,Canada,Pamela Isley,Marketing,2024-01-12,2024-01-15,2024-01-05,2023-12-30,2023-12-10,2023-11-29,,BE,AI,Referral,,hired,Open,hired,Pamela Isley,,hired,True,Elliott Ltd,210000,170000
3300958240828817408,2,L2,Data Scientist,Female,24,2000-08-27,UK,UK,Cassandra Cain,Machine Learning,2024-01-12,2024-01-23,2024-01-04,2023-12-29,2023-12-08,2023-12-07,2024-01-05,Btech,EC,Monster,,hired,Closed,hired,Cassandra Cain,,hired,True,Watts-Harris,220000,150000
3300983066066944512,5,L2,Frontend Developer,Female,26,1998-08-05,Canada,Canada,Tim Drake,UI/UX,2024-09-26,2024-10-03,2024-09-21,2024-09-17,2024-09-08,2023-12-02,2023-12-26,Btech,CS,LinkedIn,,hired,Closed,hired,Tim Drake,,hired,True,Lopez-Hudson,290000,180000
3300995587658220032,8,L4,Sales Manager,Female,32,1992-09-20,Canada,Canada,Jim Gordon,Sales,2024-01-12,2024-01-14,2024-01-08,2024-01-04,2023-12-26,2023-12-25,2024-01-09,Mtech,CS,Others,,hired,Closed,hired,Jim Gordon,,hired,True,"Johnson, Hunt and Wallace",430000,370000
3302558550550642688,1,L1,Junior Backend Developer,Male,25,1999-10-18,USA,USA,Damian Wayne,Platform,2024-02-06,2024-02-17,2024-01-28,2024-01-22,2024-01-03,2023-12-07,,Mtech,EE,LinkedIn,,hired,Open,hired,Damian Wayne,,hired,True,Miller-Bennett,160000,90000
3303936892419965952,4,L3,UX Designer,Female,25,1999-07-31,UK,UK,Jason Todd,UI/UX,2024-02-15,2024-02-28,2024-02-08,2024-02-04,2024-01-22,2023-12-19,,BE,CS,LinkedIn,,hired,Open,hired,Jason Todd,,hired,True,Hoffman Inc,300000,200000
3306911318191112704,7,L1,Junior Backend Developer,Female,31,1993-11-30,USA,USA,Damian Wayne,Platform,2024-08-17,2024-08-22,2024-08-14,2024-08-07,2024-07-27,2023-12-07,,BE,AI,LinkedIn,,hired,Open,hired,Damian Wayne,,hired,True,Shaw Inc,300000,230000
3307393473291748352,10,L2,Frontend Developer,Female,32,1992-11-09,USA,USA,Tim Drake,UI/UX,2024-02-15,2024-02-24,2024-02-12,2024-02-05,2024-01-24,2023-12-02,2023-12-26,Mtech,IS,Referral,,hired,Closed,hired,Tim Drake,,hired,True,Yang Ltd,400000,320000
3307656079420163072,9,L7,General Manager,Female,33,1991-06-11,USA,USA,Bruce Wayne,Management,2024-02-13,2024-02-26,2024-02-06,2024-02-02,2024-01-14,2024-01-06,2024-02-07,BE,other,HRMarket,,hired,Closed,hired,Bruce Wayne,,hired,True,Shaw Inc,540000,470000
3308039988083425792,8,L1,IT Support,Male,32,1992-09-28,USA,USA,Jon Stewart,IT,2024-02-28,2024-03-11,2024-02-25,2024-02-20,2024-02-03,2023-12-20,2024-01-10,Btech,CS,HRMarket,,hired,Closed,hired,Jon Stewart,,hired,True,Camacho and Sons,350000,270000
3309073630029152768,10,L5,Regional Sales Manager,Male,32,1992-12-07,UK,UK,Arnold Flass,Sales,2024-02-22,2024-02-26,2024-02-13,2024-02-09,2024-01-31,2023-12-17,2024-01-11,BE,CS,Referral,,hired,Closed,hired,Arnold Flass,,hired,True,Hill-Whitney,510000,410000
3309078295034724864,10,L3,Marketing Analyst,Female,31,1993-02-04,USA,USA,Harleen Quinnzel,Marketing,2024-02-22,2024-02-23,2024-02-19,2024-02-13,2024-01-30,2023-12-28,,HighSchool,AI,Others,,hired,Open,hired,Harleen Quinnzel,,hired,True,Jones-Wilson,410000,340000
3309088835136128000,4,L1,Junior UX Designer,Male,28,1996-12-25,Canada,Canada,Richard Grayson,UI/UX,2024-02-22,2024-02-25,2024-02-18,2024-02-13,2024-02-04,2023-12-11,,Mtech,CS,Monster,,hired,Open,hired,Richard Grayson,,hired,True,Mercer Group,240000,140000
3309096711082738176,1,L1,ML Intern,Female,24,2000-09-06,USA,USA,Stephanie Brown,Machine Learning,2024-02-22,2024-02-25,2024-02-12,2024-02-08,2024-01-21,2023-12-16,2024-01-05,Mtech,EE,HRMarket,,hired,Closed,hired,Stephanie Brown,,hired,True,"Ware, Davis and Fernandez",170000,80000
3309103352880562688,3,L3,Network Engineer,Male,26,1998-09-08,USA,USA,Hal Jordan,IT,2024-02-22,2024-02-26,2024-02-13,2024-02-07,2024-01-22,2023-12-30,2024-01-14,PhD,AI,HRMarket,,hired,Closed,hired,Hal Jordan,,hired,True,Jones-Wilson,290000,190000
3311025707521410048,7,L1,Junior Backend Developer,Female,28,1996-03-23,USA,USA,Duke Thomas,Platform,2024-01-19,2024-01-27,2024-01-11,2024-01-05,2023-12-26,2023-12-07,,BE,EE,HRMarket,,hired,Open,hired,Duke Thomas,,hired,True,Huerta-Sullivan,280000,250000
3316844785762829312,8,L2,Support Specialist,Male,31,1993-03-17,USA,USA,Jason Blood,Customer Service,2024-03-01,2024-03-08,2024-02-28,2024-02-24,2024-02-10,2023-12-21,2024-01-15,BE,AI,LinkedIn,,hired,Closed,hired,Jason Blood,,hired,True,Shaw Inc,350000,310000
3320639328283001344,5,L3,Financial Analyst,Female,27,1997-07-08,UK,UK,Oswald Cobblepot,Finance & Admin,2024-01-12,2024-01-19,2024-01-02,2023-12-29,2023-12-13,2023-12-12,2024-01-03,HighSchool,CS,Others,,hired,Closed,hired,Oswald Cobblepot,,hired,True,Williams LLC,320000,260000
3320639889178886656,1,L1,Junior Backend Developer,Female,22,2002-04-14,Canada,Canada,Roy Harper,Platform,2024-01-12,2024-01-13,2024-01-08,2024-01-01,2023-12-17,2023-12-07,,BE,CS,Others,,hired,Open,hired,Roy Harper,,hired,True,Cameron PLC,160000,100000
3322647905281508352,3,L2,Platform Engineer,Female,26,1998-05-17,USA,USA,Damian Wayne,Platform,2024-04-02,2024-04-11,2024-03-26,2024-03-21,2024-03-08,2023-12-20,2024-01-10,Mtech,CS,Monster,,hired,Closed,hired,Damian Wayne,,hired,True,"Pierce, Wagner and Page",240000,180000
3322647998109844480,7,L1,Sales Associate,Male,31,1993-12-25,Canada,Canada,Renee Montoya,Sales,2024-04-02,2024-04-04,2024-03-27,2024-03-23,2024-03-02,2023-12-08,2023-12-30,HighSchool,CS,HRMarket,,hired,Closed,hired,Renee Montoya,,hired,True,Shaw Inc,320000,240000
3322665957289100288,8,L3,Backend Developer,Male,32,1992-05-07,USA,USA,Connor Hawke,Platform,2024-04-25,2024-05-04,2024-04-22,2024-04-18,2024-04-07,2023-12-12,2024-01-06,PhD,IS,Monster,,hired,Closed,hired,Connor Hawke,,hired,True,Shaw Inc,380000,310000
3322667730498225152,10,L1,Junior Backend Developer,Female,31,1993-04-04,USA,USA,Roy Harper,Platform,2024-03-13,2024-03-23,2024-03-11,2024-03-07,2024-02-24,2023-12-07,,PhD,CS,HRMarket,,hired,Open,hired,Roy Harper,,hired,True,"Wolfe, Sanchez and Parrish",350000,320000
3322677266441306112,8,L2,Tax Consultant,Male,30,1994-07-09,UK,UK,Victor Fries,Finance & Admin,2024-04-25,2024-04-27,2024-04-22,2024-04-16,2024-03-31,2024-03-30,2024-04-23,Mtech,IS,LinkedIn,,hired,Closed,hired,Victor Fries,,hired,True,Payne PLC,350000,250000
3322698881745027072,7,L7,Chief Marketing Officer,Male,28,1997-01-04,USA,USA,Harleen Quinnzel,Marketing,2024-01-12,2024-01-20,2024-01-10,2024-01-05,2023-12-16,2023-12-15,2024-01-11,BE,AI,LinkedIn,,hired,Closed,hired,Harleen Quinnzel,,hired,True,Velez-Hays,490000,390000
3322699251783303168,4,L1,Accounts Associate,Non-Binary,27,1997-01-10,Canada,Canada,Victor Fries,Finance & Admin,2024-01-12,2024-01-25,2024-01-09,2024-01-04,2023-12-14,2023-12-12,2024-01-06,Btech,EC,HRMarket,,hired,Closed,hired,Victor Fries,,hired,True,Simpson-Stein,240000,170000
3323555228036366336,1,L3,Technical Consultant,Male,24,2000-10-11,Canada,Canada,Jason Blood,Customer Service,2024-03-14,2024-03-21,2024-03-04,2024-02-27,2024-02-09,2023-12-09,2023-12-24,Btech,CS,HRMarket,,hired,Closed,hired,Jason Blood,,hired,True,Davis-Watkins,220000,150000
3323580901337596416,5,L3,Backend Developer,Male,27,1997-08-23,UK,UK,Duke Thomas,Platform,2024-03-14,2024-03-21,2024-03-07,2024-03-02,2024-02-13,2023-12-12,2024-01-06,PhD,CS,LinkedIn,,hired,Closed,hired,Duke Thomas,,hired,True,Hughes Group,310000,230000
3323586077108732416,2,L3,Technical Consultant,Male,25,1999-05-16,USA,USA,Zatanna Zatara,Customer Service,2024-03-14,2024-03-23,2024-03-07,2024-03-01,2024-02-12,2023-12-09,2023-12-24,Btech,IS,Monster,,hired,Closed,hired,Zatanna Zatara,,hired,True,"Garza, Wilson and Parker",220000,190000
3323590222515536384,2,L1,Junior UX Designer,Male,25,1999-02-01,Canada,Canada,Jason Todd,UI/UX,2024-03-14,2024-03-23,2024-03-08,2024-03-04,2024-02-13,2023-12-11,,Mtech,IS,HRMarket,,hired,Open,hired,Jason Todd,,hired,True,"Murray, Baker and Wright",180000,110000
3323594568393294336,3,L3,Network Engineer,Male,25,1999-12-08,USA,USA,Guy Gardner,IT,2024-03-14,2024-03-18,2024-03-06,2024-03-02,2024-02-16,2023-12-30,2024-01-14,Btech,IS,Referral,,hired,Closed,hired,Guy Gardner,,hired,True,Berg PLC,270000,200000
3323597687294525952,8,L2,System Administrator,Female,29,1995-03-22,Canada,Canada,Guy Gardner,IT,2024-03-14,2024-03-18,2024-03-09,2024-03-04,2024-02-17,2023-12-04,2023-12-27,BE,IS,HRMarket,,hired,Closed,hired,Guy Gardner,,hired,True,Guzman Inc,360000,310000
3323601369985712640,6,L3,Network Engineer,Female,27,1997-08-05,USA,USA,Jon Stewart,IT,2024-03-14,2024-03-22,2024-03-04,2024-02-26,2024-02-09,2023-12-30,2024-01-14,Mtech,CS,LinkedIn,,hired,Closed,hired,Jon Stewart,,hired,True,Nelson PLC,360000,280000
3323605401466831360,4,L2,Data Scientist,Female,28,1996-10-25,USA,USA,Stephanie Brown,Machine Learning,2024-03-14,2024-03-26,2024-03-05,2024-02-28,2024-02-10,2023-12-07,2024-01-05,PhD,EC,HRMarket,,hired,Closed,hired,Stephanie Brown,,hired,True,Conway-Hernandez,260000,180000
3324077462203138560,8,L1,Sales Associate,Female,29,1995-12-25,USA,USA,Jim Gordon,Sales,2024-01-12,2024-01-20,2024-01-10,2024-01-05,2023-12-16,2023-12-08,2023-12-30,Mtech,IS,HRMarket,,hired,Closed,hired,Jim Gordon,,hired,True,"Johnson, Hunt and Wallace",330000,250000
3324118388208304640,1,L2,Sales Representative,Female,24,2000-01-11,Canada,Canada,Jim Gordon,Sales,2024-01-12,2024-01-23,2024-01-02,2023-12-29,2023-12-21,2023-12-20,2024-01-03,Btech,EC,HRMarket,,hired,Closed,hired,Jim Gordon,,hired,True,"Silva, Turner and Carpenter",200000,100000
3324150943070552576,6,L2,Platform Engineer,Male,30,1994-11-07,Canada,Canada,Damian Wayne,Platform,2024-01-12,2024-01-22,2024-01-09,2024-01-04,2023-12-21,2023-12-20,2024-01-10,Mtech,CS,HRMarket,,hired,Closed,hired,Damian Wayne,,hired,True,"Wolfe, Sanchez and Parrish",290000,260000
3324151269991384064,7,L3,Backend Developer,Female,29,1995-03-30,UK,UK,Duke Thomas,Platform,2024-01-12,2024-01-20,2024-01-05,2024-01-01,2023-12-13,2023-12-12,2024-01-06,PhD,AI,HRMarket,,hired,Closed,hired,Duke Thomas,,hired,True,Guzman Inc,370000,290000
3324223673946080256,4,L2,Frontend Developer,Male,26,1998-03-26,USA,USA,Richard Grayson,UI/UX,2024-03-01,2024-03-09,2024-02-26,2024-02-21,2024-02-13,2023-12-02,2023-12-26,PhD,EC,HRMarket,,hired,Closed,hired,Richard Grayson,,hired,True,Davenport Ltd,240000,180000
3331339736521376768,2,L3,Sales Executive,Male,26,1998-08-02,USA,USA,Arnold Flass,Sales,2024-01-01,2024-01-12,2023-12-28,2023-12-24,2023-12-03,2023-12-02,2023-12-29,BE,IS,HRMarket,,hired,Closed,hired,Arnold Flass,,hired,True,Miller-Bennett,220000,190000
3333522038269674496,4,L1,Accounts Associate,Male,28,1996-08-25,UK,UK,Oswald Cobblepot,Finance & Admin,2024-04-24,2024-05-07,2024-04-17,2024-04-13,2024-03-31,2023-12-12,2024-01-06,Btech,CS,HRMarket,,hired,Closed,hired,Oswald Cobblepot,,hired,True,"Fernandez, Harrison and Beard",190000,160000
3336664804545789952,5,L3,Backend Developer,Male,28,1996-07-21,USA,USA,Roy Harper,Platform,2024-04-01,2024-04-03,2024-03-23,2024-03-19,2024-03-10,2023-12-12,2024-01-06,BE,EE,Others,,hired,Closed,hired,Roy Harper,,hired,True,White-Frank,310000,250000
3344431513486754816,5,L3,Backend Developer,Female,26,1998-12-26,USA,USA,Damian Wayne,Platform,2024-01-19,2024-01-25,2024-01-13,2024-01-07,2023-12-21,2023-12-12,2024-01-06,Mtech,EC,HRMarket,,hired,Closed,hired,Damian Wayne,,hired,True,"Baker, Randolph and Murray",330000,240000
3361780509112796160,0,L1,IT Support,Female,23,2001-10-05,USA,USA,Guy Gardner,IT,2024-05-06,2024-05-08,2024-05-03,2024-04-26,2024-04-08,2023-12-20,2024-01-10,PhD,CS,LinkedIn,,hired,Closed,hired,Guy Gardner,,hired,True,"Garza, Wilson and Parker",140000,40000
3362663495148503040,1,L1,IT Support,Male,24,2000-10-05,USA,USA,Guy Gardner,IT,2024-01-19,2024-02-01,2024-01-09,2024-01-05,2023-12-26,2023-12-20,2024-01-10,BE,IS,HRMarket,,hired,Closed,hired,Guy Gardner,,hired,True,"Alexander, Levy and Chambers",170000,70000
3362694911374656000,9,L3,UX Designer,Male,32,1993-01-03,USA,USA,Richard Grayson,UI/UX,2024-01-19,2024-01-26,2024-01-12,2024-01-07,2023-12-30,2023-12-19,,PhD,IS,HRMarket,,hired,Open,hired,Richard Grayson,,hired,True,"Ware, Davis and Fernandez",420000,360000
3369138330338853376,8,L3,Backend Developer,Female,32,1992-04-06,USA,USA,Roy Harper,Platform,2024-02-12,2024-02-18,2024-02-07,2024-02-02,2024-01-19,2023-12-12,2024-01-06,BE,AI,LinkedIn,,hired,Closed,hired,Roy Harper,,hired,True,Watts-Harris,400000,300000
3369159004709192192,7,L1,IT Support,Male,30,1994-09-22,China,China,Guy Gardner,IT,2024-02-12,2024-02-13,2024-02-09,2024-02-04,2024-01-23,2023-12-20,2024-01-10,Btech,EC,LinkedIn,,hired,Closed,hired,Guy Gardner,,hired,True,"Salinas, Payne and Fuller",310000,250000
3377760583368573440,4,L1,Sales Associate,Female,25,1999-07-15,Canada,Canada,Arnold Flass,Sales,2024-05-07,2024-05-11,2024-05-01,2024-04-26,2024-04-06,2023-12-08,2023-12-30,BE,CS,Referral,,hired,Closed,hired,Arnold Flass,,hired,True,"Parker, Allen and Stone",230000,120000
3377830987730781184,0,L3,Marketing Analyst,Female,22,2002-11-29,UK,UK,Harleen Quinnzel,Marketing,2024-05-30,2024-06-02,2024-05-21,2024-05-16,2024-05-05,2023-12-28,,Mtech,IS,Others,,hired,Open,hired,Harleen Quinnzel,,hired,True,Taylor LLC,200000,130000
3378453816390189568,6,L1,Accounts Associate,Male,27,1997-02-16,USA,USA,Oswald Cobblepot,Finance & Admin,2024-01-12,2024-01-16,2024-01-05,2023-12-29,2023-12-13,2023-12-12,2024-01-06,Btech,EC,HRMarket,,hired,Closed,hired,Oswald Cobblepot,,hired,True,Hansen-Thompson,300000,220000
3393736317123691520,1,L1,ML Intern,Male,22,2003-01-05,UK,UK,Cassandra Cain,Machine Learning,2024-06-12,2024-06-16,2024-06-06,2024-05-31,2024-05-16,2023-12-16,2024-01-05,Mtech,EC,Others,,hired,Closed,hired,Cassandra Cain,,hired,True,Davis-Dunn,160000,80000
3394538512609968640,4,L2,Platform Engineer,Male,26,1998-04-05,USA,USA,Damian Wayne,Platform,2024-06-20,2024-06-30,2024-06-15,2024-06-09,2024-05-30,2023-12-20,2024-01-10,Btech,CS,Others,,hired,Closed,hired,Damian Wayne,,hired,True,Carney-Newman,250000,160000
3398706202048201216,3,L1,ML Intern,Male,25,1999-12-11,USA,USA,Stephanie Brown,Machine Learning,2024-06-29,2024-07-11,2024-06-26,2024-06-20,2024-06-06,2023-12-16,2024-01-05,HighSchool,CS,LinkedIn,,hired,Closed,hired,Stephanie Brown,,hired,True,"Rogers, Phelps and Gardner",200000,130000
3399585895362331136,8,L2,System Administrator,Male,30,1994-05-23,USA,USA,Jon Stewart,IT,2024-10-08,2024-10-11,2024-10-03,2024-09-28,2024-09-13,2023-12-04,2023-12-27,HighSchool,IS,HRMarket,,hired,Closed,hired,Jon Stewart,,hired,True,Taylor LLC,360000,250000
3412530719778406912,3,L1,Junior Backend Developer,Female,26,1998-10-19,Canada,Canada,Damian Wayne,Platform,2024-01-19,2024-01-29,2024-01-17,2024-01-10,2023-12-29,2023-12-07,,HighSchool,CS,HRMarket,,hired,Open,hired,Damian Wayne,,hired,True,Shaw Inc,190000,130000
3412590024401617920,6,L2,System Administrator,Male,28,1996-03-20,UK,UK,Jon Stewart,IT,2024-01-19,2024-02-01,2024-01-15,2024-01-09,2023-12-24,2023-12-04,2023-12-27,BE,IS,HRMarket,,hired,Closed,hired,Jon Stewart,,hired,True,Stafford Group,300000,260000
3414125900663358464,6,L1,ML Intern,Male,29,1995-10-19,UK,UK,Cassandra Cain,Machine Learning,2024-02-19,2024-02-25,2024-02-15,2024-02-09,2024-01-20,2023-12-16,2024-01-05,PhD,IS,Others,,hired,Closed,hired,Cassandra Cain,,hired,True,Pena-Calhoun,260000,210000
3424296835013936128,6,L1,Social Media Coordinator,Male,29,1995-11-26,Canada,Canada,Harvey Dent,Marketing,2024-01-19,2024-01-20,2024-01-12,2024-01-06,2023-12-24,2023-11-29,,PhD,AI,HRMarket,,hired,Open,hired,Harvey Dent,,hired,True,"Clark, Hall and Blackburn",260000,200000
3425001345210384896,3,L3,Technical Consultant,Male,25,1999-07-30,UK,UK,Selina Kyle,Customer Service,2024-01-19,2024-01-25,2024-01-17,2024-01-10,2023-12-31,2023-12-09,2023-12-24,Btech,EC,Others,,hired,Closed,hired,Selina Kyle,,hired,True,Key-Huffman,250000,180000
3425002300471508992,4,L1,IT Support,Male,28,1996-07-01,USA,USA,Guy Gardner,IT,2024-01-19,2024-02-01,2024-01-10,2024-01-06,2023-12-26,2023-12-20,2024-01-10,Btech,CS,Others,,hired,Closed,hired,Guy Gardner,,hired,True,"Parker, Allen and Stone",240000,170000
3425003733421916672,7,L1,IT Support,Female,28,1996-12-21,USA,USA,Jon Stewart,IT,2024-01-19,2024-01-21,2024-01-13,2024-01-08,2023-12-30,2023-12-20,2024-01-10,Btech,AI,HRMarket,,hired,Closed,hired,Jon Stewart,,hired,True,Hansen-Thompson,280000,210000
3425035562812178944,8,L1,Junior UX Designer,Male,31,1993-10-23,USA,USA,Jason Todd,UI/UX,2024-01-19,2024-01-28,2024-01-16,2024-01-10,2023-12-28,2023-12-11,,BE,other,HRMarket,,hired,Open,hired,Jason Todd,,hired,True,Brown-Martin,340000,250000
3425036072990540288,10,L1,ML Intern,Male,34,1990-10-18,UK,UK,Stephanie Brown,Machine Learning,2024-01-19,2024-02-01,2024-01-12,2024-01-08,2023-12-21,2023-12-16,2024-01-05,BE,EC,HRMarket,,hired,Closed,hired,Stephanie Brown,,hired,True,Stafford Group,390000,300000
3425036954801013248,1,L1,Junior Backend Developer,Female,24,2000-09-02,Canada,Canada,Roy Harper,Platform,2024-01-19,2024-02-01,2024-01-16,2024-01-11,2023-12-24,2023-12-07,,BE,EC,Others,,hired,Open,hired,Roy Harper,,hired,True,Cameron PLC,180000,110000
3425039136594067968,6,L1,Junior UX Designer,Female,28,1996-01-16,Canada,Canada,Richard Grayson,UI/UX,2024-01-19,2024-01-21,2024-01-13,2024-01-09,2023-12-25,2023-12-11,,Btech,EC,HRMarket,,hired,Open,hired,Richard Grayson,,hired,True,"Scott, Smith and Dunn",280000,220000
3425568473789498368,8,L3,Network Engineer,Female,30,1994-02-17,UK,UK,Hal Jordan,IT,2024-01-19,2024-01-29,2024-01-13,2024-01-08,2023-12-31,2023-12-30,2024-01-14,Mtech,IS,LinkedIn,,hired,Closed,hired,Hal Jordan,,hired,True,Cameron PLC,380000,310000
3425606654605919232,7,L3,Backend Developer,Female,28,1996-12-26,USA,USA,Roy Harper,Platform,2024-01-19,2024-01-31,2024-01-11,2024-01-04,2023-12-19,2023-12-12,2024-01-06,Mtech,IS,HRMarket,,hired,Closed,hired,Roy Harper,,hired,True,Campbell-Curtis,370000,290000
3425632429895844864,4,L1,Sales Associate,Male,27,1997-06-09,Canada,Canada,Jim Gordon,Sales,2024-01-19,2024-01-21,2024-01-11,2024-01-06,2023-12-29,2023-12-08,2023-12-30,PhD,CS,Monster,,hired,Closed,hired,Jim Gordon,,hired,True,Cameron PLC,230000,170000
3425653317554929664,3,L2,Support Specialist,Non-Binary,25,1999-02-20,UK,UK,Jason Blood,Customer Service,2024-01-19,2024-01-27,2024-01-14,2024-01-09,2023-12-22,2023-12-21,2024-01-15,BE,EC,LinkedIn,,hired,Closed,hired,Jason Blood,,hired,True,Watts-Harris,240000,160000
3425675153495818240,5,L3,Sales Executive,Female,26,1998-08-01,UK,UK,Harvey Bullock,Sales,2024-09-26,2024-10-01,2024-09-17,2024-09-13,2024-09-01,2023-12-02,2023-12-29,BE,AI,LinkedIn,,hired,Closed,hired,Harvey Bullock,,hired,True,"Baker, Randolph and Murray",320000,250000
3425686785584267776,0,L2,Marketing Associate,Male,22,2002-03-23,UK,UK,Pamela Isley,Marketing,2024-08-01,2024-08-11,2024-07-29,2024-07-25,2024-07-04,2023-12-27,,Btech,CS,HRMarket,,hired,Open,hired,Pamela Isley,,hired,True,"Sanchez, Roach and Brooks",150000,70000
3425797786220626432,6,L3,Marketing Analyst,Male,29,1995-05-26,Mexico,Mexico,Harleen Quinnzel,Marketing,2024-01-19,2024-01-27,2024-01-16,2024-01-09,2023-12-29,2023-12-28,,BE,CS,Others,,hired,Open,hired,Harleen Quinnzel,,hired,True,Huerta Group,320000,270000
3425800853548696064,3,L3,Network Engineer,Female,25,1999-01-24,UK,UK,Hal Jordan,IT,2024-01-19,2024-01-22,2024-01-14,2024-01-08,2023-12-31,2023-12-30,2024-01-14,Mtech,EC,Referral,,hired,Closed,hired,Hal Jordan,,hired,True,Velez-Hays,260000,180000
3427783343100396544,8,L1,Customer Service Associate,Female,30,1994-10-10,USA,USA,Zatanna Zatara,Customer Service,2024-08-05,2024-08-14,2024-07-31,2024-07-25,2024-07-10,2023-12-14,2024-01-04,Mtech,CS,LinkedIn,,hired,Closed,hired,Zatanna Zatara,,hired,True,Berg PLC,310000,250000
3427785112677254144,2,L2,Frontend Developer,Female,26,1998-09-29,USA,USA,Jason Todd,UI/UX,2024-08-05,2024-08-14,2024-07-27,2024-07-23,2024-07-11,2023-12-02,2023-12-26,PhD,AI,Others,,hired,Closed,hired,Jason Todd,,hired,True,Levy LLC,200000,100000
3427785898043900928,3,L1,IT Support,Male,26,1998-10-09,Canada,Canada,Jon Stewart,IT,2024-08-05,2024-08-16,2024-08-01,2024-07-26,2024-07-16,2023-12-20,2024-01-10,other,EC,LinkedIn,,hired,Closed,hired,Jon Stewart,,hired,True,Huerta-Sullivan,190000,110000
3427787693524780032,0,L1,Junior UX Designer,Male,24,2000-10-27,USA,USA,Richard Grayson,UI/UX,2024-08-05,2024-08-10,2024-07-26,2024-07-19,2024-07-07,2023-12-11,,Btech,IS,HRMarket,,hired,Open,hired,Richard Grayson,,hired,True,Reyes-Clark,100000,40000
3427829552913580032,2,L2,Frontend Developer,Female,24,2000-08-27,USA,USA,Barabara Gordon,UI/UX,2024-08-05,2024-08-06,2024-07-30,2024-07-25,2024-07-09,2023-12-02,2023-12-26,Mtech,IS,Monster,,hired,Closed,hired,Barabara Gordon,,hired,True,Jones PLC,200000,110000
3427830836529988096,8,L1,Sales Associate,Male,31,1993-01-28,USA,USA,Harvey Bullock,Sales,2024-08-05,2024-08-07,2024-07-31,2024-07-26,2024-07-09,2023-12-08,2023-12-30,other,EC,Others,,hired,Closed,hired,Harvey Bullock,,hired,True,Small Group,320000,250000
3427856324946296832,4,L1,Social Media Coordinator,Male,25,1999-10-09,Canada,Canada,Harleen Quinnzel,Marketing,2024-08-05,2024-08-18,2024-07-30,2024-07-24,2024-07-05,2023-11-29,,BE,other,Others,,hired,Open,hired,Harleen Quinnzel,,hired,True,"Scott, Smith and Dunn",210000,160000
3427856486779322368,6,L2,Frontend Developer,Male,29,1996-01-02,USA,USA,Richard Grayson,UI/UX,2024-08-05,2024-08-09,2024-08-01,2024-07-26,2024-07-17,2023-12-02,2023-12-26,PhD,CS,HRMarket,,hired,Closed,hired,Richard Grayson,,hired,True,Taylor-Montgomery,270000,240000
3427861623560208896,8,L2,Frontend Developer,Female,31,1993-03-23,UK,UK,Barabara Gordon,UI/UX,2024-01-19,2024-01-25,2024-01-10,2024-01-05,2023-12-28,2023-12-02,2023-12-26,Mtech,AI,HRMarket,,hired,Closed,hired,Barabara Gordon,,hired,True,Shaw Inc,340000,270000
3430006591624053760,9,L1,Social Media Coordinator,Female,33,1991-03-24,UK,UK,Harvey Dent,Marketing,2024-01-19,2024-01-31,2024-01-14,2024-01-07,2023-12-26,2023-11-29,,Mtech,EC,HRMarket,,hired,Open,hired,Harvey Dent,,hired,True,Levy LLC,330000,270000
3430011028543374336,10,L1,IT Support,Male,31,1993-08-05,USA,USA,Guy Gardner,IT,2024-01-19,2024-01-21,2024-01-14,2024-01-07,2023-12-21,2023-12-20,2024-01-10,HighSchool,IS,LinkedIn,,hired,Closed,hired,Guy Gardner,,hired,True,Mitchell Group,370000,310000
3430111519696748544,9,L1,Junior Backend Developer,Female,30,1994-07-04,China,China,Damian Wayne,Platform,2024-01-01,2024-01-02,2023-12-29,2023-12-25,2023-12-08,2023-12-07,,Btech,EC,HRMarket,,hired,Open,hired,Damian Wayne,,hired,True,Thornton LLC,330000,270000
3430818442842735104,7,L3,Data Analyst,Female,28,1996-08-25,China,China,Cassandra Cain,Machine Learning,2024-01-19,2024-01-31,2024-01-11,2024-01-06,2023-12-29,2023-12-03,,other,EC,Others,,hired,Open,hired,Cassandra Cain,,hired,True,Lowe-Brown,350000,310000
3434404634452558336,10,L1,Social Media Coordinator,Female,34,1990-04-14,USA,USA,Harleen Quinnzel,Marketing,2024-01-19,2024-01-24,2024-01-11,2024-01-06,2023-12-19,2023-11-29,,HighSchool,IS,HRMarket,,hired,Open,hired,Harleen Quinnzel,,hired,True,Davenport Ltd,360000,320000
3440764316989522944,2,L3,Network Engineer,Male,25,1999-06-27,USA,USA,Guy Gardner,IT,2024-10-04,2024-10-10,2024-10-02,2024-09-26,2024-09-08,2023-12-30,2024-01-14,Mtech,AI,Others,,hired,Closed,hired,Guy Gardner,,hired,True,"Wood, Scott and Thomas",220000,160000
3442982375120699904,4,L3,Backend Developer,Male,28,1996-07-10,Canada,Canada,Damian Wayne,Platform,2024-01-19,2024-01-27,2024-01-17,2024-01-12,2023-12-27,2023-12-12,2024-01-06,BE,IS,HRMarket,,hired,Closed,hired,Damian Wayne,,hired,True,"Rogers, Phelps and Gardner",280000,220000
3443776520311537664,5,L1,Customer Service Associate,Female,29,1995-11-05,Canada,Canada,Zatanna Zatara,Customer Service,2024-01-19,2024-01-30,2024-01-13,2024-01-08,2023-12-18,2023-12-14,2024-01-04,HighSchool,CS,HRMarket,,hired,Closed,hired,Zatanna Zatara,,hired,True,"Martin, Jones and Whitehead",260000,200000
3448239503666315776,10,L1,Management Trainee,Female,34,1990-12-21,Canada,Canada,Bruce Wayne,Management,2024-01-19,2024-01-23,2024-01-14,2024-01-09,2023-12-30,2023-12-29,,Btech,EE,HRMarket,,hired,Open,hired,Bruce Wayne,,hired,True,"Sanchez, Roach and Brooks",370000,300000
3448251592850014208,1,L3,UX Designer,Female,25,1999-06-28,USA,USA,Jason Todd,UI/UX,2024-01-19,2024-01-30,2024-01-09,2024-01-04,2023-12-20,2023-12-19,,BE,CS,LinkedIn,,hired,Open,hired,Jason Todd,,hired,True,Mitchell Group,200000,170000
3459709029708726272,2,L3,Technical Consultant,Female,24,2000-04-07,USA,USA,Selina Kyle,Customer Service,2024-10-10,2024-10-20,2024-10-04,2024-09-30,2024-09-15,2023-12-09,2023-12-24,BE,EC,HRMarket,,hired,Closed,hired,Selina Kyle,,hired,True,"Rogers, Harrison and Norris",210000,130000
3459710794403414016,6,L2,Frontend Developer,Male,29,1995-06-02,USA,USA,Tim Drake,UI/UX,2024-01-01,2024-01-04,2023-12-28,2023-12-21,2023-12-09,2023-12-02,2023-12-26,BE,CS,HRMarket,,hired,Closed,hired,Tim Drake,,hired,True,Thornton LLC,320000,260000
3464771990844343808,6,L1,Junior Backend Developer,Male,30,1994-08-28,China,China,Damian Wayne,Platform,2024-09-25,2024-10-04,2024-09-22,2024-09-15,2024-08-25,2023-12-07,,PhD,CS,LinkedIn,,hired,Open,hired,Damian Wayne,,hired,True,Jones PLC,270000,200000
3464779821509248000,7,L4,Senior Frontend Developer,Female,31,1993-07-21,Canada,Canada,Barabara Gordon,UI/UX,2024-01-01,2024-01-09,2023-12-22,2023-12-15,2023-11-24,2023-11-23,2023-12-23,BE,CS,Others,,hired,Closed,hired,Barabara Gordon,,hired,True,Hicks-Copeland,370000,310000
3470504218169704960,4,L3,Sales Executive,Male,25,1999-03-22,Canada,Canada,Arnold Flass,Sales,2024-01-19,2024-01-25,2024-01-11,2024-01-05,2023-12-26,2023-12-02,2023-12-29,PhD,EC,HRMarket,,hired,Closed,hired,Arnold Flass,,hired,True,"Martin, Jones and Whitehead",300000,200000
3470505585294705664,3,L2,Marketing Associate,Female,25,1999-04-03,USA,USA,Harleen Quinnzel,Marketing,2024-01-19,2024-01-25,2024-01-16,2024-01-11,2023-12-28,2023-12-27,,BE,IS,HRMarket,,hired,Open,hired,Harleen Quinnzel,,hired,True,"Brown, Wilson and Bennett",250000,160000
3470507203692069888,6,L3,UX Designer,Female,29,1995-05-26,UK,UK,Richard Grayson,UI/UX,2024-01-19,2024-01-31,2024-01-12,2024-01-07,2023-12-29,2023-12-19,,PhD,AI,HRMarket,,hired,Open,hired,Richard Grayson,,hired,True,"Simmons, Hickman and Martinez",330000,260000
3481434316964102656,7,L1,Social Media Coordinator,Male,28,1996-04-12,USA,USA,Pamela Isley,Marketing,2024-10-14,2024-10-23,2024-10-09,2024-10-03,2024-09-18,2023-11-29,,BE,IS,HRMarket,,hired,Open,hired,Pamela Isley,,hired,True,"Cox, Thomas and Pineda",280000,230000
3481503588813897728,8,L1,Sales Associate,Male,32,1992-02-13,UK,UK,Renee Montoya,Sales,2024-01-01,2024-01-13,2023-12-29,2023-12-22,2023-12-09,2023-12-08,2023-12-30,other,IS,HRMarket,,hired,Closed,hired,Renee Montoya,,hired,True,Huerta Group,320000,250000
3481504394917183488,4,L2,System Administrator,Male,28,1996-08-08,Canada,Canada,Guy Gardner,IT,2024-07-01,2024-07-08,2024-06-29,2024-06-22,2024-06-02,2023-12-04,2023-12-27,BE,CS,Referral,,hired,Closed,hired,Guy Gardner,,hired,True,"Riggs, Larson and Herrera",240000,190000
3481504394917183988,2,L2,Senior IT Manager,Male,21,1994-07-08,Mexico,Mexico,,IT,,,,2024-03-20,2024-03-21,2024-03-20,,BE,EE,HRMarket,2024-03-21,rejected,Closed,rejected,Subhajit,Lack of Experience,rejected,False,"Clark, Hall and Blackburn",200000,100000
3481504394917183989,0,L1,Marketing Manager,Female,21,1991-01-30,Canada,Canada,,Marketing,,,,2024-08-21,2024-08-22,2024-08-21,,Mtech,EE,HRMarket,2024-08-27,rejected,Closed,rejected,Rajini,Lack of Experience,rejected,False,Jones PLC,140000,180000
3481504394917183990,10,L6,Senior Marketing Manager,Male,34,1997-12-26,USA,USA,,Marketing,,,,,2024-10-12,2024-01-20,,PhD,IS,HRMarket,,active,Open,Pending,Rajini,Location/Relocation,Manager,True,Elliott Ltd,180000,110000
3481504394917183991,12,L6,HR Generalist,Female,22,1991-11-28,India,India,,Human Resources,,,,2024-07-31,2024-08-01,2024-02-13,,Mtech,AI,HRMarket,2024-08-06,rejected,Open,rejected,Rajini,Failed Interview ,rejected,False,Morris-Williams,190000,170000
3481504394917183992,7,L6,Data Analyst,Female,28,2001-05-03,India,India,,Machine Learning,,,,,2024-10-10,2023-12-03,,Mtech,CS,HRMarket,,active,Open,Negotiation,Naveen Yarra,Not Qualified,Review,True,Taylor-Montgomery,140000,110000
3481504394917183993,12,L6,Chief Sales Officer,Male,21,2001-09-14,USA,USA,,Sales,,,,2024-04-11,2024-04-12,2024-04-11,,Mtech,AI,LinkedIn,2024-04-15,rejected,Closed,rejected,Naveen Yarra,Location/Relocation,rejected,False,"Ware, Davis and Fernandez",170000,190000
3481504394917183994,12,L6,Marketing Analyst,Female,32,1991-01-12,USA,USA,,Marketing,,,,2024-08-16,2024-08-17,2023-12-28,,Btech,other,LinkedIn,2024-08-17,rejected,Open,rejected,Rajini,Location/Relocation,rejected,False,Campbell-Curtis,130000,130000
3481504394917183995,5,L4,Brand Manager,Male,34,2001-04-16,USA,USA,,Marketing,,,,,2024-10-17,2024-05-01,,PhD,CS,HRMarket,,active,Closed,Pending,Subhajit,Not Qualified,Review,True,Clark LLC,140000,180000
3481504394917183996,12,L6,Sales Manager,Male,27,1999-05-28,Mexico,Mexico,,Sales,,,,2024-08-22,2024-08-23,2023-12-25,2024-01-09,Btech,CS,Monster,2024-08-27,rejected,Closed,rejected,Subhajit,Failed Interview ,rejected,False,"Santos, Charles and Blair",130000,160000
3481504394917183997,7,L6,Senior IT Manager,Female,22,1994-12-23,India,India,,IT,,,,,2024-10-16,2024-03-20,,BE,EE,LinkedIn,,active,Closed,Negotiation,Naveen Yarra,Location/Relocation,Review,True,"Ware, Davis and Fernandez",130000,110000
3481504394917183998,0,L1,HR Manager,Male,26,1996-04-04,USA,USA,,Human Resources,,,,,2024-10-06,2024-03-24,,Mtech,IS,HRMarket,,active,Closed,Pending,John,Failed Interview ,Review,True,Taylor-Montgomery,130000,170000
3481504394917183999,1,L1,Platform Engineer,Female,21,1991-12-25,USA,USA,,Platform,,,,,2024-10-02,2023-12-20,2024-01-10,PhD,IS,HRMarket,,active,Closed,Pending,Rajini,Failed Interview ,Technical,True,Sullivan LLC,190000,180000
3481504394917184000,5,L4,Assistant Manager,Female,26,2002-12-06,Mexico,Mexico,,Management,,,,,2024-10-24,2024-01-10,,HighSchool,IS,Others,,active,Closed,Negotiation,Rajini,Location/Relocation,Review,True,"Wilson, Mahoney and Peck",160000,100000
3481504394917184001,0,L1,Data Scientist,Female,30,2000-02-10,Mexico,Mexico,,Machine Learning,,,,2024-05-08,2024-05-09,2023-12-07,2024-01-05,Mtech,IS,LinkedIn,2024-05-12,rejected,Closed,rejected,Mak,Lack of Experience,rejected,False,Murphy Ltd,210000,110000
3481504394917184002,5,L4,Regional Sales Manager,Female,34,1999-01-08,China,China,,Sales,,,,2024-09-05,2024-09-06,2023-12-17,2024-01-11,BE,IS,HRMarket,2024-09-09,rejected,Closed,rejected,Subhajit,Lack of Experience,rejected,False,"Fernandez, Harrison and Beard",190000,150000
3481504394917184003,1,L1,HR Assistant,Male,21,1992-04-25,Canada,Canada,,Human Resources,,,,,2024-10-15,2024-03-10,,other,EC,Monster,,active,Open,Pending,Subhajit,Location/Relocation,Review,True,Lopez-Hudson,180000,100000
3481504394917184004,0,L1,Financial Analyst,Non-Binary,28,2003-04-14,USA,USA,,Finance & Admin,,,,2024-07-15,2024-07-16,2023-12-12,2024-01-03,BE,IS,Others,2024-07-17,rejected,Closed,rejected,Rajini,Lack of Experience,rejected,False,Camacho and Sons,120000,160000
3481504394917184005,7,L6,Platform Engineer,Non-Binary,30,2000-01-30,India,India,,Platform,,,,2024-06-28,2024-06-29,2023-12-20,2024-01-10,PhD,AI,HRMarket,2024-07-04,rejected,Closed,rejected,Naveen Yarra,Lack of Experience,rejected,False,Thornton LLC,140000,100000
3481504394917184006,2,L2,Principal Data Scientist,Male,27,2002-03-22,USA,USA,,Machine Learning,,,,2024-07-18,2024-07-19,2024-02-08,,Mtech,EC,HRMarket,2024-07-24,rejected,Open,rejected,Rajini,Failed Interview ,rejected,False,Hill-Whitney,120000,110000
3481504394917184007,2,L2,Customer Success Manager,Male,34,1996-09-24,India,India,,Customer Service,,,,2024-05-02,2024-05-03,2024-03-03,,Btech,EC,Referral,2024-05-04,rejected,Open,rejected,Rajini,Failed Interview ,rejected,False,"Salinas, Payne and Fuller",170000,150000
3481504394917184008,4,L3,ML Intern,Male,26,1993-03-17,USA,USA,,Machine Learning,,,,2024-03-25,2024-03-26,2023-12-16,2024-01-05,HighSchool,IS,HRMarket,2024-03-27,rejected,Closed,rejected,Subhajit,Lack of Experience,rejected,False,"Pierce, Wagner and Page",150000,170000
3481504394917184009,3,L2,Junior UX Designer,Male,30,2000-06-28,India,India,,UI/UX,,,,,2024-10-01,2023-12-11,,HighSchool,CS,HRMarket,,active,Open,Negotiation,Rajini,Lack of Experience,Review,True,Davis-Dunn,160000,180000
3481504394917184010,0,L1,Backend Developer,Male,34,2003-11-05,India,India,,Platform,,,,,2024-10-11,2023-12-12,2024-01-06,BE,EC,Others,,active,Closed,Negotiation,John,Lack of Experience,Review,True,Vasquez-Boyd,200000,150000
3481504394917184011,7,L6,Support Specialist,Male,31,1999-09-17,USA,USA,,Customer Service,,,,2024-09-23,2024-09-24,2023-12-21,2024-01-15,Btech,IS,HRMarket,2024-09-26,rejected,Closed,rejected,Subhajit,Lack of Experience,rejected,False,Burke-Jones,120000,190000
3481504394917184012,3,L2,HR Manager,Female,29,1999-05-09,India,India,,Human Resources,,,,2024-09-22,2024-09-23,2024-03-24,,Mtech,EC,Others,2024-09-25,rejected,Closed,rejected,Rajini,Lack of Experience,rejected,False,Velez-Hays,180000,170000
3481504394917184013,7,L6,Sales Executive,Female,26,1997-03-15,Mexico,Mexico,,Sales,,,,2024-04-27,2024-04-28,2023-12-02,2023-12-29,BE,EE,HRMarket,2024-04-29,rejected,Closed,rejected,Deepan,Failed Interview ,rejected,False,"Martin, Jones and Whitehead",140000,130000
3481504394917184014,0,L1,Junior Backend Developer,Non-Binary,28,1997-03-29,USA,USA,,Platform,,,,2024-07-19,2024-07-20,2023-12-07,,BE,CS,HRMarket,2024-07-23,rejected,Open,rejected,John,Location/Relocation,rejected,False,Huerta-Sullivan,210000,120000
3481504394917184015,7,L6,Head of Design,Female,33,1998-03-17,India,India,,UI/UX,,,,2024-06-25,2024-06-26,2024-06-25,,BE,AI,HRMarket,2024-06-27,rejected,Open,rejected,Subhajit,Location/Relocation,rejected,False,Hughes Group,190000,120000
3481504394917184016,2,L2,Senior Backend Developer,Female,34,1995-03-30,India,India,,Platform,,,,2024-08-25,2024-08-26,2024-01-05,,BE,EC,HRMarket,2024-08-31,rejected,Open,rejected,Subhajit,Location/Relocation,rejected,False,Davenport Ltd,170000,130000
3481504394917184017,10,L6,Management Trainee,Female,32,1996-01-14,India,India,,Management,,,,2024-06-12,2024-06-13,2023-12-29,,HighSchool,EC,Others,2024-06-17,rejected,Open,rejected,Subhajit,Location/Relocation,rejected,False,Pena-Calhoun,130000,180000
3481504394917184018,12,L6,HR Manager,Male,21,1991-08-14,India,India,,Human Resources,,,,2024-04-24,2024-04-25,2024-03-24,,HighSchool,AI,HRMarket,2024-04-29,rejected,Closed,rejected,John,Lack of Experience,rejected,False,"Simmons, Hickman and Martinez",180000,170000
3481504394917184019,2,L2,Backend Developer,Female,24,1999-05-03,USA,USA,,Platform,,,,,2024-10-01,2023-12-12,2024-01-06,Mtech,AI,HRMarket,,active,Closed,Negotiation,Rajini,Lack of Experience,Review,True,Reese Ltd,110000,180000
3481504394917184020,15,L6,System Administrator,Male,29,1999-01-28,China,China,,IT,,,,,2024-10-23,2023-12-04,2023-12-27,Btech,CS,LinkedIn,,active,Closed,Pending,John,Location/Relocation,Manager,True,"Wilson, Mahoney and Peck",120000,150000
3481504394917184021,12,L6,Junior Backend Developer,Female,32,1998-01-13,Canada,Canada,,Platform,,,,2024-07-01,2024-07-02,2023-12-07,,Mtech,EC,HRMarket,2024-07-02,rejected,Open,rejected,Mak,Lack of Experience,rejected,False,Hicks-Copeland,150000,160000
3481504394917184022,5,L4,MLOps Engineer,Female,22,1999-11-30,USA,USA,,Machine Learning,,,,2024-02-25,2024-02-26,2023-12-05,2023-12-30,Btech,EC,Others,2024-03-02,rejected,Closed,rejected,Rajini,Failed Interview ,rejected,False,Davenport Ltd,180000,140000
3481504394917184023,15,L6,Technical Consultant,Female,28,1994-09-04,China,China,,Customer Service,,,,,2024-10-28,2023-12-09,2023-12-24,HighSchool,EC,HRMarket,,active,Closed,Pending,Subhajit,Not Qualified,Technical,True,Simpson-Stein,180000,140000
3481504394917184024,4,L3,Sales Representative,Male,21,1991-04-04,China,China,,Sales,,,,,2024-10-03,2023-12-20,2024-01-03,Mtech,IS,HRMarket,,active,Closed,Negotiation,Rajini,Lack of Experience,Review,True,"Greene, Drake and Cobb",190000,160000
3481504394917184025,12,L6,Chief Financial Officer,Female,33,1999-08-08,Mexico,Mexico,,Finance & Admin,,,,2024-07-11,2024-07-12,2024-02-16,,BE,CS,Others,2024-07-15,rejected,Closed,rejected,Deepan,Failed Interview ,rejected,False,Mitchell Group,110000,100000
3481504394917184026,12,L6,Senior IT Manager,Female,33,1999-12-27,India,India,,IT,,,,,2024-10-01,2024-03-20,,BE,AI,LinkedIn,,active,Closed,Pending,Rajini,Lack of Experience,Manager,True,Taylor-Montgomery,180000,120000
3481504394917184027,5,L4,Tax Consultant,Male,25,1996-10-18,USA,USA,,Finance & Admin,,,,2024-09-28,2024-09-29,2024-03-30,2024-04-23,Btech,CS,HRMarket,2024-10-01,rejected,Closed,rejected,Rajini,Lack of Experience,rejected,False,Small Group,130000,100000
3481504394917184028,4,L3,Management Trainee,Female,25,1997-03-09,Canada,Canada,,Management,,,,2024-03-21,2024-03-22,2023-12-29,,BE,EC,HRMarket,2024-03-27,rejected,Open,rejected,Naveen Yarra,Lack of Experience,rejected,False,Guzman Inc,200000,110000
3481504394917184029,3,L2,Marketing Associate,Male,33,1991-08-26,India,India,,Marketing,,,,,2024-10-15,2023-12-27,,Btech,AI,LinkedIn,,active,Open,Pending,Deepan,Lack of Experience,Manager,True,"Pierce, Wagner and Page",180000,130000
3481504394917184030,10,L6,Marketing Associate,Male,23,1995-08-12,Canada,Canada,,Marketing,,,,2024-03-14,2024-03-15,2023-12-27,,PhD,CS,HRMarket,2024-03-15,rejected,Open,rejected,John,Failed Interview ,rejected,False,Cameron PLC,170000,170000
3481504394917184031,15,L6,Customer Service Associate,Male,29,2000-03-12,USA,USA,,Customer Service,,,,2024-08-28,2024-08-29,2023-12-14,2024-01-04,BE,CS,Monster,2024-09-01,rejected,Closed,rejected,Deepan,Lack of Experience,rejected,False,Huerta Group,180000,110000
3481504394917184032,2,L2,HR Assistant,Female,23,1995-03-28,Mexico,Mexico,,Human Resources,,,,2024-08-01,2024-08-02,2024-03-10,,HighSchool,IS,Referral,2024-08-04,rejected,Open,rejected,Deepan,Failed Interview ,rejected,False,Hall Inc,130000,130000
3481504394917184033,15,L6,Marketing Associate,Male,21,2002-04-24,USA,USA,,Marketing,,,,2024-06-08,2024-06-09,2023-12-27,,PhD,EC,LinkedIn,2024-06-09,rejected,Open,rejected,Rajini,Lack of Experience,rejected,False,Miller-Hill,170000,160000
3481504394917184034,2,L2,Technical Consultant,Female,29,1991-10-17,Mexico,Mexico,,Customer Service,,,,,2024-10-22,2023-12-09,2023-12-24,BE,EC,HRMarket,,active,Closed,Negotiation,Rajini,Not Qualified,Review,True,Carney-Newman,160000,140000
3481504394917184035,3,L2,Senior Engagement Manager,Female,26,1997-03-11,USA,USA,,Customer Service,,,,,2024-10-30,2024-06-12,,Mtech,EC,HRMarket,,active,Closed,Pending,Naveen Yarra,Not Qualified,Screening,True,Key-Huffman,190000,190000
3481504394917184036,5,L4,Customer Service Associate,Male,30,1996-02-11,USA,USA,,Customer Service,,,,2024-01-06,2024-01-07,2023-12-14,2024-01-04,Btech,CS,Monster,2024-01-09,rejected,Closed,rejected,Rajini,Lack of Experience,rejected,False,Huerta-Sullivan,140000,180000
3481504394917184037,3,L2,Assistant Manager,Male,27,1992-09-14,Canada,Canada,,Management,,,,2024-05-02,2024-05-03,2024-01-10,,HighSchool,EC,LinkedIn,2024-05-06,rejected,Closed,rejected,Rajini,Location/Relocation,rejected,False,Payne PLC,120000,160000
3481504394917184038,3,L2,Engagement Manager,Female,34,1992-03-07,Canada,Canada,,Customer Service,,,,,2024-10-23,2024-04-15,,HighSchool,CS,HRMarket,,active,Closed,Pending,John,Failed Interview ,Manager,True,Miller-Bennett,160000,120000
3481504394917184039,1,L1,Tax Consultant,Female,28,2001-08-22,Canada,Canada,,Finance & Admin,,,,,2024-10-07,2024-03-30,2024-04-23,BE,AI,HRMarket,,active,Closed,Pending,Rajini,Lack of Experience,Manager,True,"Orozco, Anderson and Lewis",140000,170000
3481504394917184040,12,L6,Support Specialist,Male,34,1998-03-26,India,India,,Customer Service,,,,2024-04-11,2024-04-12,2023-12-21,2024-01-15,PhD,IS,HRMarket,2024-04-16,rejected,Closed,rejected,Subhajit,Location/Relocation,rejected,False,"Wilson, Mahoney and Peck",150000,140000
3481504394917184041,0,L1,System Architect,Male,33,1998-10-27,USA,USA,,Platform,,,,,2024-10-20,2024-02-02,,PhD,IS,HRMarket,,active,Open,Negotiation,Rajini,Lack of Experience,Review,True,Bender-Thomas,190000,120000
3481504394917184042,5,L4,Network Engineer,Male,22,1998-12-28,Mexico,Mexico,,IT,,,,2024-01-09,2024-01-10,2023-12-30,2024-01-14,BE,CS,LinkedIn,2024-01-10,rejected,Closed,rejected,Rajini,Location/Relocation,rejected,False,Davis-Dunn,170000,120000
3481504394917184043,12,L6,Platform Engineer,Non-Binary,25,2001-03-20,China,China,,Platform,,,,2024-05-16,2024-05-17,2023-12-20,2024-01-10,HighSchool,EC,HRMarket,2024-05-18,rejected,Closed,rejected,Deepan,Not Qualified,rejected,False,Jones PLC,170000,120000
3481504394917184044,1,L1,Senior Backend Developer,Male,25,1995-08-26,Canada,Canada,,Platform,,,,,2024-10-18,2024-01-05,,Mtech,CS,Monster,,active,Open,Pending,Naveen Yarra,Not Qualified,Review,True,Jones Group,110000,150000
3481504394917184045,2,L2,Account Manager,Male,32,1992-11-13,China,China,,Finance & Admin,,,,,2024-10-17,2024-06-25,,BE,CS,HRMarket,,active,Closed,Pending,Deepan,Failed Interview ,HR,True,"Rogers, Harrison and Norris",160000,120000
3481504394917184046,7,L6,Senior Engagement Manager,Male,22,1992-05-04,USA,USA,,Customer Service,,,,,2024-10-24,2024-06-12,,HighSchool,CS,Monster,,active,Closed,Pending,Deepan,Location/Relocation,Review,True,"Moore, Harris and Garner",160000,160000
3481504394917184047,15,L6,Management Trainee,Female,28,1995-10-27,USA,USA,,Management,,,,2024-03-13,2024-03-14,2023-12-29,,HighSchool,AI,Referral,2024-03-16,rejected,Open,rejected,Naveen Yarra,Not Qualified,rejected,False,"Scott, Smith and Dunn",120000,110000
3481504394917184048,10,L6,Assistant Manager,Female,32,1998-09-28,USA,USA,,Management,,,,,2024-10-03,2024-01-10,,PhD,EE,Referral,,active,Closed,Pending,Deepan,Lack of Experience,Technical,True,Peters-Rodriguez,180000,160000
3481504394917184049,3,L2,IT Support,Female,28,2003-07-13,USA,USA,,IT,,,,,2024-10-23,2023-12-20,2024-01-10,HighSchool,EE,HRMarket,,active,Closed,Pending,Deepan,Not Qualified,Screening,True,Guzman Inc,120000,170000
3481504394917184050,7,L6,Marketing Manager,Male,25,1999-01-11,USA,USA,,Marketing,,,,,2024-10-15,2024-08-21,,Mtech,CS,Monster,,active,Closed,Pending,Subhajit,Lack of Experience,Review,True,Watson LLC,170000,120000
3481504394917184051,15,L6,Senior Sales Manager,Female,26,1992-04-04,USA,USA,,Sales,,,,2024-02-23,2024-02-24,2024-02-23,,HighSchool,IS,HRMarket,2024-02-26,rejected,Closed,rejected,Subhajit,Not Qualified,rejected,False,Reese Ltd,110000,110000
3481504394917184052,10,L6,Assistant Manager,Male,33,1996-07-26,USA,USA,,Management,,,,2024-01-10,2024-01-11,2024-01-10,,Mtech,AI,Others,2024-01-12,rejected,Closed,rejected,Deepan,Failed Interview ,rejected,False,"Orozco, Anderson and Lewis",160000,170000
3481504394917184053,7,L6,Sales Representative,Female,23,2003-01-11,USA,USA,,Sales,,,,2024-06-21,2024-06-22,2023-12-20,2024-01-03,BE,IS,HRMarket,2024-06-25,rejected,Closed,rejected,Naveen Yarra,Failed Interview ,rejected,False,"Sanchez, Roach and Brooks",180000,190000
3481504394917184054,7,L6,Accounts Associate,Female,26,2001-03-14,USA,USA,,Finance & Admin,,,,2024-10-28,2024-10-29,2023-12-12,2024-01-06,Btech,IS,HRMarket,2024-10-31,rejected,Closed,rejected,Naveen Yarra,Not Qualified,rejected,False,Ingram-Horn,130000,130000
3481504394917184055,4,L3,MLOps Engineer,Female,22,1992-06-05,India,India,,Machine Learning,,,,2024-10-15,2024-10-16,2023-12-05,2023-12-30,Btech,CS,LinkedIn,2024-10-21,rejected,Closed,rejected,John,Location/Relocation,rejected,False,"Zuniga, Trujillo and Johnson",160000,130000
3481504394917184056,5,L4,Chief Financial Officer,Male,30,2002-05-29,USA,USA,,Finance & Admin,,,,2024-03-26,2024-03-27,2024-02-16,,Mtech,IS,HRMarket,2024-03-31,rejected,Closed,rejected,Deepan,Failed Interview ,rejected,False,Reese Ltd,160000,170000
3481504394917184057,0,L1,Senior IT Manager,Male,23,2002-01-19,China,China,,IT,,,,2024-06-18,2024-06-19,2024-03-20,,Btech,EC,HRMarket,2024-06-20,rejected,Closed,rejected,Subhajit,Failed Interview ,rejected,False,Alvarez Ltd,190000,120000
3481504394917184058,1,L1,Financial Analyst,Male,29,1993-11-09,India,India,,Finance & Admin,,,,2024-04-16,2024-04-17,2023-12-12,2024-01-03,PhD,EC,Referral,2024-04-20,rejected,Closed,rejected,Rajini,Not Qualified,rejected,False,"Rogers, Harrison and Norris",200000,170000
3481504394917184059,5,L4,Customer Service Associate,Female,30,1999-11-07,Canada,Canada,,Customer Service,,,,2024-09-25,2024-09-26,2023-12-14,2024-01-04,Mtech,EC,LinkedIn,2024-09-27,rejected,Closed,rejected,Deepan,Lack of Experience,rejected,False,"Wilson, Mahoney and Peck",170000,130000
3481504394917184060,5,L4,Senior Finance Manager,Male,26,1996-04-01,Canada,Canada,,Finance & Admin,,,,2024-05-14,2024-05-15,2024-05-14,,Btech,IS,Monster,2024-05-17,rejected,Open,rejected,Subhajit,Location/Relocation,rejected,False,Benitez PLC,210000,190000
3481504394917184061,10,L6,Backend Developer,Non-Binary,25,1999-10-27,India,India,,Platform,,,,,2024-10-29,2023-12-12,2024-01-06,Mtech,CS,Others,,active,Closed,Pending,Subhajit,Location/Relocation,Review,True,"Ware, Davis and Fernandez",170000,150000
3481504394917184062,2,L2,Engagement Manager,Female,28,2000-07-27,USA,USA,,Customer Service,,,,,2024-10-27,2024-04-15,,PhD,CS,LinkedIn,,active,Closed,Pending,Subhajit,Lack of Experience,Review,True,Hill-Whitney,190000,110000
3481504394917184063,2,L2,HR Manager,Female,23,1993-06-17,USA,USA,,Human Resources,,,,,2024-10-19,2024-03-24,,Mtech,IS,HRMarket,,active,Closed,Negotiation,Subhajit,Location/Relocation,Review,True,Key-Huffman,120000,130000
3481504394917184064,15,L6,HR Generalist,Male,28,1996-11-30,USA,USA,,Human Resources,,,,,2024-10-12,2024-02-13,,Btech,CS,LinkedIn,,active,Open,Negotiation,Deepan,Not Qualified,Review,True,Fox-Jefferson,150000,190000
3481504394917184065,0,L1,Customer Service Associate,Male,21,1998-09-18,China,China,,Customer Service,,,,,2024-10-27,2023-12-14,2024-01-04,HighSchool,EE,HRMarket,,active,Closed,Pending,Subhajit,Failed Interview ,Review,True,Cameron PLC,180000,140000
3481504394917184066,0,L1,Team Lead,Male,28,1999-05-30,India,India,,Customer Service,,,,2024-06-25,2024-06-26,2024-02-12,,Btech,AI,Others,2024-07-01,rejected,Open,rejected,Rajini,Location/Relocation,rejected,False,Guzman Inc,200000,150000
3481504394917184067,3,L2,Head of Design,Female,34,2002-05-23,India,India,,UI/UX,,,,2024-09-13,2024-09-14,2024-06-25,,BE,IS,HRMarket,2024-09-15,rejected,Open,rejected,Rajini,Not Qualified,rejected,False,Morris-Williams,190000,110000
3481504394917184068,10,L6,Assistant Manager,Male,30,1998-10-01,USA,USA,,Management,,,,,2024-10-03,2024-01-10,,BE,EE,LinkedIn,,active,Closed,Pending,Mak,Location/Relocation,Review,True,Bender-Thomas,140000,150000
3481504394917184069,1,L1,Account Manager,Male,31,1997-08-28,USA,USA,,Finance & Admin,,,,,2024-10-30,2024-06-25,,Btech,IS,LinkedIn,,active,Closed,Pending,Rajini,Location/Relocation,Screening,True,Morris-Williams,180000,150000
3481504394917184070,3,L2,Finance Manager,Female,22,2003-03-05,Canada,Canada,,Finance & Admin,,,,2024-02-15,2024-02-16,2024-01-30,,BE,IS,Referral,2024-02-21,rejected,Open,rejected,Mak,Location/Relocation,rejected,False,"Santos, Charles and Blair",160000,170000
3481504394917184071,0,L1,System Administrator,Male,25,1999-12-30,Canada,Canada,,IT,,,,2024-02-06,2024-02-07,2023-12-04,2023-12-27,BE,CS,HRMarket,2024-02-10,rejected,Closed,rejected,Subhajit,Not Qualified,rejected,False,Mcintosh Group,200000,110000
3481504394917184072,10,L6,Junior Backend Developer,Female,26,2001-12-14,USA,USA,,Platform,,,,2024-06-18,2024-06-19,2023-12-07,,BE,CS,HRMarket,2024-06-20,rejected,Open,rejected,Naveen Yarra,Location/Relocation,rejected,False,"Mcfarland, Valdez and Nelson",120000,130000
3481504394917184073,12,L6,Data Scientist,Female,30,1999-11-21,India,India,,Machine Learning,,,,,2024-10-26,2023-12-07,2024-01-05,Mtech,AI,HRMarket,,active,Closed,Negotiation,Rajini,Failed Interview ,Review,True,Vincent-Manning,110000,110000
3481504394917184074,2,L2,UI/UX Manager,Female,26,1992-09-03,Canada,Canada,,UI/UX,,,,2024-09-29,2024-09-30,2024-03-03,,Btech,CS,HRMarket,2024-10-05,rejected,Open,rejected,Rajini,Failed Interview ,rejected,False,Small Group,140000,100000
3481504394917184075,15,L6,Senior Engagement Manager,Female,29,1993-04-10,Mexico,Mexico,,Customer Service,,,,,2024-10-30,2024-06-12,,Mtech,AI,LinkedIn,,active,Closed,Pending,Mak,Location/Relocation,Screening,True,"Vasquez, Stein and Wheeler",120000,160000
3481504394917184076,4,L3,Operations Manager,Male,32,1992-08-22,USA,USA,,Management,,,,,2024-10-26,2024-03-10,,PhD,AI,Referral,,active,Closed,Pending,John,Not Qualified,HR,True,"Ware, Davis and Fernandez",140000,110000
3481504394917184077,4,L3,Site Reliability Engineer,Male,24,1996-01-12,USA,USA,,IT,,,,2024-05-03,2024-05-04,2024-01-31,,BE,CS,HRMarket,2024-05-05,rejected,Closed,rejected,Rajini,Location/Relocation,rejected,False,Terrell Inc,120000,130000
3481504394917184078,4,L3,Customer Success Manager,Male,22,1997-07-25,USA,USA,,Customer Service,,,,2024-03-03,2024-03-04,2024-03-03,,BE,EC,HRMarket,2024-03-05,rejected,Open,rejected,Deepan,Not Qualified,rejected,False,"Wood, Scott and Thomas",190000,150000
3481504394917184079,2,L2,Regional Sales Manager,Female,33,2003-11-27,Canada,Canada,,Sales,,,,,2024-10-17,2023-12-17,2024-01-11,Btech,EC,HRMarket,,active,Closed,Negotiation,Subhajit,Not Qualified,Review,True,Cameron PLC,210000,110000
3481504394917184080,7,L6,Sales Executive,Male,24,2000-07-04,Canada,Canada,,Sales,,,,2024-03-18,2024-03-19,2023-12-02,2023-12-29,BE,EC,LinkedIn,2024-03-23,rejected,Closed,rejected,Naveen Yarra,Lack of Experience,rejected,False,Velez-Hays,170000,120000
3481504394917184081,1,L1,IT Support,Male,29,1993-01-01,India,India,,IT,,,,,2024-10-29,2023-12-20,2024-01-10,BE,IS,LinkedIn,,active,Closed,Negotiation,Rajini,Lack of Experience,Review,True,Alvarez Ltd,190000,100000
3481504394917184082,3,L2,Sales Executive,Female,25,1993-05-19,USA,USA,,Sales,,,,2024-03-20,2024-03-21,2023-12-02,2023-12-29,HighSchool,CS,Others,2024-03-23,rejected,Closed,rejected,John,Location/Relocation,rejected,False,Elliott Ltd,210000,140000
3481504394917184083,7,L6,Financial Analyst,Female,22,1998-07-20,Canada,Canada,,Finance & Admin,,,,,2024-10-09,2023-12-12,2024-01-03,PhD,CS,HRMarket,,active,Closed,Pending,John,Failed Interview ,Screening,True,Berg PLC,160000,110000
3481504394917184084,4,L3,IT Support,Female,29,2003-11-25,USA,USA,,IT,,,,,2024-10-20,2023-12-20,2024-01-10,Mtech,CS,LinkedIn,,active,Closed,Pending,Subhajit,Location/Relocation,Technical,True,Huerta-Sullivan,140000,120000
3481504394917184085,10,L6,HR Generalist,Male,32,2000-07-25,India,India,,Human Resources,,,,,2024-10-21,2024-02-13,,HighSchool,CS,HRMarket,,active,Open,Pending,Rajini,Lack of Experience,Review,True,"Greene, Drake and Cobb",200000,190000
3481504394917184086,4,L3,Chief Marketing Officer,Male,30,1992-12-19,USA,USA,,Marketing,,,,,2024-10-26,2023-12-15,2024-01-11,HighSchool,AI,HRMarket,,active,Closed,Pending,Rajini,Location/Relocation,Review,True,Smith and Sons,130000,110000
3481504394917184087,10,L6,HR Generalist,Non-Binary,34,1994-06-01,Canada,Canada,,Human Resources,,,,,2024-10-22,2024-02-13,,Mtech,AI,HRMarket,,active,Open,Negotiation,Deepan,Location/Relocation,Review,True,Reyes Ltd,190000,100000
3481504394917184088,10,L6,System Architect,Female,24,1995-10-24,UK,UK,,Platform,,,,2024-09-03,2024-09-04,2024-02-02,,Btech,CS,HRMarket,2024-09-09,rejected,Open,rejected,Subhajit,Failed Interview ,rejected,False,Thomas-Stephens,160000,140000
3481504394917184089,10,L6,Brand Manager,Female,34,1991-06-17,Canada,Canada,,Marketing,,,,,2024-10-29,2024-05-01,,BE,IS,HRMarket,,active,Closed,Pending,Rajini,Location/Relocation,Manager,True,"Wilson, Mahoney and Peck",130000,150000
3481504394917184090,10,L6,UI/UX Manager,Male,27,1992-12-18,USA,USA,,UI/UX,,,,,2024-10-15,2024-03-03,,BE,CS,HRMarket,,active,Open,Pending,Mak,Lack of Experience,Screening,True,"Riggs, Larson and Herrera",150000,150000
3481504394917184091,10,L6,Engagement Manager,Non-Binary,21,2002-02-15,USA,USA,,Customer Service,,,,2024-04-15,2024-04-16,2024-04-15,,BE,IS,HRMarket,2024-04-20,rejected,Closed,rejected,Rajini,Lack of Experience,rejected,False,Huerta-Sullivan,200000,150000
3481504394917184092,7,L6,HR Manager,Male,23,1991-06-07,Canada,Canada,,Human Resources,,,,,2024-10-21,2024-03-24,,Btech,EC,LinkedIn,,active,Closed,Pending,Naveen Yarra,Lack of Experience,Review,True,Mathews-Yang,210000,160000
3481504394917184093,15,L6,Recruiter,Male,23,1992-05-07,Canada,Canada,,Human Resources,,,,2024-09-02,2024-09-03,2024-01-09,,Btech,AI,HRMarket,2024-09-07,rejected,Open,rejected,Deepan,Lack of Experience,rejected,False,"Greene, Drake and Cobb",130000,180000
3481504394917184094,5,L4,Senior Sales Manager,Male,24,1996-12-11,USA,USA,,Sales,,,,,2024-10-19,2024-02-23,,Mtech,CS,HRMarket,,active,Closed,Negotiation,John,Lack of Experience,Review,True,Baker Ltd,180000,180000
3481504394917184095,5,L4,System Administrator,Male,28,1994-04-16,Canada,Canada,,IT,,,,,2024-10-18,2023-12-04,2023-12-27,Mtech,CS,HRMarket,,active,Closed,Negotiation,Subhajit,Location/Relocation,Review,True,Reyes Ltd,190000,190000
3481504394917184096,12,L6,Sales Manager,Non-Binary,29,1997-07-09,China,China,,Sales,,,,2024-08-18,2024-08-19,2023-12-25,2024-01-09,BE,EC,Monster,2024-08-22,rejected,Closed,rejected,Rajini,Lack of Experience,rejected,False,Hall Inc,130000,160000
3481504394917184097,5,L4,HR Manager,Male,33,2000-08-14,Canada,Canada,,Human Resources,,,,,2024-10-06,2024-03-24,,PhD,EE,HRMarket,,active,Closed,Negotiation,Rajini,Not Qualified,Review,True,Guzman Inc,140000,180000
3481504394917184098,4,L3,Brand Manager,Female,21,2000-08-11,India,India,,Marketing,,,,,2024-10-13,2024-05-01,,BE,EC,LinkedIn,,active,Closed,Pending,Subhajit,Failed Interview ,Review,True,Davis-Dunn,150000,110000
3481504394917184099,10,L6,Senior Engagement Manager,Male,32,1992-08-31,India,India,,Customer Service,,,,2024-06-12,2024-06-13,2024-06-12,,BE,AI,HRMarket,2024-06-17,rejected,Closed,rejected,Rajini,Lack of Experience,rejected,False,Huerta-Sullivan,120000,140000
3481504394917184100,10,L6,HR Director,Male,30,2003-10-14,India,India,,Human Resources,,,,,2024-10-28,2024-05-20,,HighSchool,EC,Referral,,active,Closed,Pending,Rajini,Failed Interview ,HR,True,Terrell Inc,210000,160000
3481504394917184101,7,L6,Management Trainee,Female,29,2003-10-22,China,China,,Management,,,,,2024-10-15,2023-12-29,,PhD,AI,Referral,,active,Open,Pending,John,Lack of Experience,Manager,True,Miller-Hill,110000,160000
3481504394917184102,15,L6,Chief Financial Officer,Male,34,1998-08-09,Canada,Canada,,Finance & Admin,,,,2024-08-30,2024-08-31,2024-02-16,,Mtech,AI,HRMarket,2024-09-01,rejected,Closed,rejected,Deepan,Location/Relocation,rejected,False,Benitez PLC,110000,100000
3481504394917184103,4,L3,IT Director,Male,21,2002-08-28,Mexico,Mexico,,IT,,,,,2024-10-16,2024-03-26,,HighSchool,AI,LinkedIn,,active,Open,Pending,Rajini,Not Qualified,Manager,True,"Johnson, Hunt and Wallace",160000,140000
3481504394917184104,0,L1,System Architect,Female,23,1995-04-02,USA,USA,,Platform,,,,2024-02-20,2024-02-21,2024-02-02,,PhD,EC,HRMarket,2024-02-24,rejected,Open,rejected,Subhajit,Location/Relocation,rejected,False,Jones Group,200000,150000
3481504394917184105,4,L3,Operations Manager,Female,23,2001-10-21,USA,USA,,Management,,,,,2024-10-08,2024-03-10,,Mtech,CS,HRMarket,,active,Closed,Pending,Rajini,Lack of Experience,Technical,True,Schroeder-Allen,140000,190000
3481504394917184106,1,L1,Senior Engagement Manager,Non-Binary,24,2002-07-29,India,India,,Customer Service,,,,,2024-10-11,2024-06-12,,Btech,CS,LinkedIn,,active,Closed,Pending,Deepan,Not Qualified,Review,True,"Cox, Thomas and Pineda",140000,140000
3481504394917184107,7,L6,Chief Financial Officer,Male,32,2002-04-27,USA,USA,,Finance & Admin,,,,,2024-10-28,2024-02-16,,BE,EC,HRMarket,,active,Closed,Pending,Naveen Yarra,Not Qualified,Manager,True,Davis-Dunn,160000,120000
3481504394917184108,15,L6,Marketing Analyst,Female,32,2002-09-17,India,India,,Marketing,,,,,2024-10-07,2023-12-28,,Mtech,EC,HRMarket,,active,Open,Negotiation,John,Failed Interview ,Review,True,Taylor LLC,120000,160000
3481504394917184109,12,L6,HR Business Partner,Male,21,1999-04-10,India,India,,Human Resources,,,,2024-02-09,2024-02-10,2024-02-09,,other,AI,HRMarket,2024-02-13,rejected,Open,rejected,John,Lack of Experience,rejected,False,Miller-Hill,140000,140000
3481504394917184110,10,L6,HR Generalist,Male,24,1997-04-28,USA,USA,,Human Resources,,,,,2024-10-22,2024-02-13,,HighSchool,IS,HRMarket,,active,Open,Pending,Deepan,Failed Interview ,Review,True,Sanchez-Phillips,210000,140000
3481504394917184111,3,L2,Customer Success Manager,Female,24,2002-01-12,India,India,,Customer Service,,,,2024-09-15,2024-09-16,2024-03-03,,BE,EC,Referral,2024-09-17,rejected,Open,rejected,Deepan,Not Qualified,rejected,False,Hall Inc,130000,120000
3481504394917184112,1,L1,HR Generalist,Female,34,2002-12-19,USA,USA,,Human Resources,,,,,2024-10-11,2024-02-13,,Mtech,CS,HRMarket,,active,Open,Negotiation,Rajini,Location/Relocation,Review,True,Knox PLC,180000,170000
3481504394917184113,15,L6,Regional Sales Manager,Female,25,1996-07-24,USA,USA,,Sales,,,,2024-04-03,2024-04-04,2023-12-17,2024-01-11,HighSchool,EC,LinkedIn,2024-04-09,rejected,Closed,rejected,Rajini,Not Qualified,rejected,False,Thomas-Stephens,210000,180000
3481504394917184114,5,L4,Senior IT Manager,Male,22,2002-03-10,Canada,Canada,,IT,,,,,2024-10-15,2024-03-20,,BE,EE,Others,,active,Closed,Pending,Rajini,Lack of Experience,Review,True,"Moore, Harris and Garner",190000,150000
3481504394917184115,1,L1,Management Trainee,Male,26,1992-10-04,USA,USA,,Management,,,,,2024-10-22,2023-12-29,,Btech,EC,HRMarket,,active,Open,Pending,Rajini,Location/Relocation,Manager,True,White-Frank,200000,110000
3481504394917184116,5,L4,Operations Manager,Female,34,2003-03-06,Canada,Canada,,Management,,,,,2024-10-08,2024-03-10,,HighSchool,IS,Others,,active,Closed,Pending,Subhajit,Location/Relocation,Technical,True,Williams LLC,130000,120000
3481504394917184117,0,L1,Finance Manager,Male,30,2002-07-08,Canada,Canada,,Finance & Admin,,,,,2024-10-20,2024-01-30,,Btech,AI,Others,,active,Open,Pending,Subhajit,Failed Interview ,Manager,True,Levy LLC,160000,170000
3481504394917184118,1,L1,Product Manager,Female,34,2000-05-12,India,India,,Management,,,,,2024-10-02,2024-04-16,,Btech,AI,HRMarket,,active,Open,Negotiation,Rajini,Failed Interview ,Review,True,Guzman Inc,180000,140000
3481504394917184119,0,L1,Sales Executive,Male,24,1993-12-06,Canada,Canada,,Sales,,,,,2024-10-25,2023-12-02,2023-12-29,BE,IS,HRMarket,,active,Closed,Pending,Rajini,Lack of Experience,Review,True,Vasquez-Boyd,110000,170000
3481504394917184120,15,L6,HR Generalist,Female,25,2001-12-25,USA,USA,,Human Resources,,,,,2024-10-03,2024-02-13,,BE,CS,Monster,,active,Open,Negotiation,John,Location/Relocation,Review,True,"Rogers, Harrison and Norris",110000,160000
3481504394917184121,3,L2,Team Lead,Male,34,1999-12-31,Mexico,Mexico,,Customer Service,,,,,2024-10-15,2024-02-12,,BE,EC,HRMarket,,active,Open,Negotiation,Deepan,Not Qualified,Review,True,"Wilson, Mahoney and Peck",130000,150000
3481504394917184122,10,L6,Data Scientist,Male,29,1998-05-26,USA,USA,,Machine Learning,,,,,2024-10-07,2023-12-07,2024-01-05,Btech,AI,HRMarket,,active,Closed,Pending,John,Lack of Experience,Technical,True,Ingram-Horn,190000,160000
3481504394917184123,2,L2,HR Generalist,Male,34,1992-09-06,USA,USA,,Human Resources,,,,2024-05-28,2024-05-29,2024-02-13,,HighSchool,other,HRMarket,2024-05-30,rejected,Open,rejected,Mak,Failed Interview ,rejected,False,Murphy-Scott,110000,170000
3481504394917184124,12,L6,HR Director,Female,24,1991-03-20,USA,USA,,Human Resources,,,,,2024-10-05,2024-05-20,,BE,IS,LinkedIn,,active,Closed,Negotiation,Rajini,Location/Relocation,Review,True,Camacho and Sons,210000,190000
3481504394917184125,15,L6,Frontend Developer,Female,23,1991-12-29,Canada,Canada,,UI/UX,,,,2024-06-07,2024-06-08,2023-12-02,2023-12-26,Mtech,CS,Others,2024-06-13,rejected,Closed,rejected,Rajini,Lack of Experience,rejected,False,Thomas-Stephens,110000,150000
3481504394917184126,15,L6,Sales Executive,Non-Binary,32,1991-04-05,Mexico,Mexico,,Sales,,,,2024-03-31,2024-04-01,2023-12-02,2023-12-29,Btech,IS,Others,2024-04-06,rejected,Closed,rejected,John,Location/Relocation,rejected,False,"Rogers, Harrison and Norris",190000,160000
3481504394917184127,7,L6,MLOps Engineer,Female,26,1999-05-08,Canada,Canada,,Machine Learning,,,,2024-09-14,2024-09-15,2023-12-05,2023-12-30,Mtech,IS,Others,2024-09-18,rejected,Closed,rejected,Deepan,Not Qualified,rejected,False,Sullivan LLC,110000,120000
3481504394917184128,7,L6,HR Assistant,Female,33,1998-06-22,India,India,,Human Resources,,,,2024-03-10,2024-03-11,2024-03-10,,Mtech,AI,Others,2024-03-11,rejected,Open,rejected,Rajini,Lack of Experience,rejected,False,Smith and Sons,180000,160000
3481504394917184129,12,L6,Project Manager,Female,32,1991-10-10,India,India,,Management,,,,,2024-10-19,2024-07-25,,Mtech,IS,HRMarket,,active,Open,Pending,Deepan,Lack of Experience,Technical,True,"Kane, West and Lawrence",180000,110000
3481504394917184130,10,L6,HR Assistant,Male,27,2002-11-11,Canada,Canada,,Human Resources,,,,2024-04-29,2024-04-30,2024-03-10,,BE,EE,LinkedIn,2024-05-05,rejected,Open,rejected,Deepan,Failed Interview ,rejected,False,"Orozco, Anderson and Lewis",140000,100000
3481504394917184131,2,L2,IT Director,Male,22,2000-06-22,Mexico,Mexico,,IT,,,,,2024-10-06,2024-03-26,,BE,AI,LinkedIn,,active,Open,Negotiation,Subhajit,Lack of Experience,Review,True,Small Group,150000,140000
3481504394917184132,7,L6,Junior Backend Developer,Male,29,1995-09-11,USA,USA,,Platform,,,,2024-08-08,2024-08-09,2023-12-07,,PhD,CS,LinkedIn,2024-08-12,rejected,Open,rejected,Mak,Lack of Experience,rejected,False,Guzman Inc,160000,120000
3481504394917184133,0,L1,IT Manager,Male,28,2001-04-29,USA,USA,,IT,,,,,2024-10-12,2024-10-04,,Mtech,CS,HRMarket,,active,Closed,Negotiation,Rajini,Not Qualified,Review,True,Lowe-Brown,160000,190000
3481504394917184134,2,L2,Customer Success Manager,Female,34,1991-10-02,USA,USA,,Customer Service,,,,,2024-10-21,2024-03-03,,Btech,AI,HRMarket,,active,Open,Pending,John,Lack of Experience,Technical,True,Payne PLC,210000,110000
3481504394917184135,12,L6,HR Generalist,Male,26,1990-12-16,India,India,,Human Resources,,,,2024-09-02,2024-09-03,2024-02-13,,Mtech,EC,HRMarket,2024-09-07,rejected,Open,rejected,Naveen Yarra,Lack of Experience,rejected,False,Jones Group,170000,190000
3481504394917184136,0,L1,Principal Data Scientist,Non-Binary,26,1998-07-19,USA,USA,,Machine Learning,,,,,2024-10-14,2024-02-08,,Mtech,EC,HRMarket,,active,Open,Pending,Rajini,Location/Relocation,Review,True,Sanchez-Phillips,180000,170000
3481504394917184137,5,L4,Team Lead,Male,24,2002-03-23,USA,USA,,Customer Service,,,,,2024-10-07,2024-02-12,,HighSchool,AI,HRMarket,,active,Open,Pending,Naveen Yarra,Failed Interview ,Review,True,Sanchez-Phillips,150000,170000
3481504394917184138,2,L2,Team Lead,Female,21,2001-01-06,India,India,,Customer Service,,,,2024-08-04,2024-08-05,2024-02-12,,PhD,CS,HRMarket,2024-08-06,rejected,Open,rejected,Rajini,Lack of Experience,rejected,False,Schroeder-Allen,190000,180000
3481504394917184139,10,L6,Sales Representative,Male,33,1998-02-12,India,India,,Sales,,,,,2024-10-08,2023-12-20,2024-01-03,Mtech,EC,HRMarket,,active,Closed,Negotiation,Rajini,Location/Relocation,Review,True,Mcintosh Group,160000,150000
3481504394917184140,1,L1,Sales Executive,Female,26,1998-05-30,Mexico,Mexico,,Sales,,,,2024-07-15,2024-07-16,2023-12-02,2023-12-29,Btech,CS,Others,2024-07-18,rejected,Closed,rejected,Deepan,Failed Interview ,rejected,False,Jones-Wilson,130000,150000
3481504394917184141,0,L1,Tax Consultant,Female,29,1991-03-04,India,India,,Finance & Admin,,,,,2024-10-20,2024-03-30,2024-04-23,BE,CS,HRMarket,,active,Closed,Negotiation,Deepan,Not Qualified,Review,True,Hill-Whitney,160000,170000
3481504394917184142,7,L6,Network Engineer,Female,23,1996-01-12,India,India,,IT,,,,,2024-10-17,2023-12-30,2024-01-14,BE,AI,HRMarket,,active,Closed,Negotiation,Rajini,Lack of Experience,Review,True,Knox PLC,120000,160000
3481504394917184143,2,L2,Team Lead,Female,27,1996-12-22,Canada,Canada,,Customer Service,,,,2024-03-17,2024-03-18,2024-02-12,,BE,AI,HRMarket,2024-03-23,rejected,Open,rejected,Deepan,Lack of Experience,rejected,False,Jones-Wilson,120000,130000
3481504394917184144,5,L4,HR Manager,Male,30,1993-04-27,USA,USA,,Human Resources,,,,,2024-10-24,2024-03-24,,Btech,IS,LinkedIn,,active,Closed,Pending,Rajini,Not Qualified,Manager,True,Schroeder-Allen,150000,120000
3481504394917184145,5,L4,General Manager,Male,26,1997-11-26,India,India,,Management,,,,,2024-10-22,2024-01-06,2024-02-07,Mtech,CS,HRMarket,,active,Closed,Negotiation,Rajini,Lack of Experience,Review,True,Sullivan LLC,130000,120000
3481504394917184146,10,L6,Recruiter,Male,29,1992-09-22,India,India,,Human Resources,,,,2024-08-28,2024-08-29,2024-01-09,,Btech,IS,HRMarket,2024-09-03,rejected,Open,rejected,Subhajit,Lack of Experience,rejected,False,"Moore, Harris and Garner",110000,170000
3481504394917184147,12,L6,Recruiter,Female,29,2000-06-14,Canada,Canada,,Human Resources,,,,2024-01-09,2024-01-10,2024-01-09,,BE,AI,Referral,2024-01-11,rejected,Open,rejected,Deepan,Lack of Experience,rejected,False,Conway-Hernandez,170000,170000
3481504394917184148,1,L1,IT Manager,Female,29,1997-01-28,India,India,,IT,,,,,2024-10-05,2024-10-04,,Btech,EC,HRMarket,,active,Closed,Pending,Rajini,Failed Interview ,Screening,True,Taylor-Montgomery,140000,130000
3481504394917184149,3,L2,Operations Manager,Female,29,2001-11-08,China,China,,Management,,,,,2024-10-14,2024-03-10,,Mtech,AI,HRMarket,,active,Closed,Pending,Deepan,Failed Interview ,Manager,True,"Lang, Torres and Moss",130000,190000
3481504394917184150,15,L6,Engagement Manager,Female,23,1994-12-08,USA,USA,,Customer Service,,,,,2024-10-12,2024-04-15,,PhD,AI,Others,,active,Closed,Negotiation,Rajini,Location/Relocation,Review,True,Williams LLC,190000,110000
3481504394917184151,7,L6,Financial Analyst,Male,22,1996-10-30,India,India,,Finance & Admin,,,,,2024-10-26,2023-12-12,2024-01-03,BE,IS,HRMarket,,active,Closed,Pending,Rajini,Not Qualified,Review,True,"Mcfarland, Valdez and Nelson",200000,120000
3481504394917184152,3,L2,Management Trainee,Female,24,1991-09-30,Canada,Canada,,Management,,,,2024-02-23,2024-02-24,2023-12-29,,BE,IS,LinkedIn,2024-02-27,rejected,Open,rejected,Naveen Yarra,Failed Interview ,rejected,False,"Santos, Charles and Blair",210000,100000
3481504394917184153,12,L6,Sales Representative,Male,28,1998-10-12,USA,USA,,Sales,,,,,2024-10-24,2023-12-20,2024-01-03,Mtech,EC,HRMarket,,active,Closed,Pending,Subhajit,Failed Interview ,Review,True,Huerta Group,130000,110000
3481504394917184154,3,L2,Marketing Associate,Female,31,2003-02-20,Canada,Canada,,Marketing,,,,2024-06-02,2024-06-03,2023-12-27,,PhD,CS,LinkedIn,2024-06-06,rejected,Open,rejected,Rajini,Failed Interview ,rejected,False,"Brown, Wilson and Bennett",110000,160000
3481504394917184155,5,L4,System Administrator,Female,34,1996-01-27,India,India,,IT,,,,,2024-10-12,2023-12-04,2023-12-27,Mtech,CS,HRMarket,,active,Closed,Pending,Deepan,Lack of Experience,Technical,True,Velez-Hays,160000,120000
3481504394917184156,4,L3,Accounts Associate,Male,24,1992-05-26,USA,USA,,Finance & Admin,,,,2024-04-05,2024-04-06,2023-12-12,2024-01-06,BE,AI,HRMarket,2024-04-10,rejected,Closed,rejected,John,Failed Interview ,rejected,False,Elliott Ltd,160000,180000
3481504394917184157,4,L3,HR Generalist,Non-Binary,30,1997-11-25,USA,USA,,Human Resources,,,,2024-08-06,2024-08-07,2024-02-13,,BE,AI,HRMarket,2024-08-12,rejected,Open,rejected,Deepan,Lack of Experience,rejected,False,Hicks-Copeland,110000,100000
3481504394917184158,1,L1,Product Manager,Female,28,1994-04-07,USA,USA,,Management,,,,,2024-10-17,2024-04-16,,BE,AI,HRMarket,,active,Open,Pending,Deepan,Failed Interview ,Review,True,Baker Ltd,180000,190000
3481504394917184159,7,L6,General Manager,Male,34,1991-06-07,Mexico,Mexico,,Management,,,,2024-08-28,2024-08-29,2024-01-06,2024-02-07,HighSchool,AI,LinkedIn,2024-09-03,rejected,Closed,rejected,Subhajit,Location/Relocation,rejected,False,"Santos, Charles and Blair",120000,180000
3481504394917184160,12,L6,IT Director,Male,28,2000-10-19,India,India,,IT,,,,2024-03-26,2024-03-27,2024-03-26,,BE,AI,HRMarket,2024-04-01,rejected,Open,rejected,Rajini,Not Qualified,rejected,False,"Schneider, Gardner and Burns",140000,150000
3481504394917184161,2,L2,Management Trainee,Male,23,1992-05-06,India,India,,Management,,,,2024-06-18,2024-06-19,2023-12-29,,BE,AI,HRMarket,2024-06-19,rejected,Open,rejected,Subhajit,Lack of Experience,rejected,False,Hicks-Copeland,160000,150000
3481504394917184162,7,L6,Platform Engineer,Male,34,1998-03-28,Mexico,Mexico,,Platform,,,,,2024-10-04,2023-12-20,2024-01-10,BE,CS,HRMarket,,active,Closed,Pending,Mak,Lack of Experience,HR,True,"Cox, Thomas and Pineda",210000,160000
3481504394917184163,4,L3,Senior Marketing Manager,Female,30,1999-06-23,USA,USA,,Marketing,,,,2024-01-20,2024-01-21,2024-01-20,,Mtech,CS,LinkedIn,2024-01-23,rejected,Open,rejected,Rajini,Not Qualified,rejected,False,Ellis-Meadows,170000,130000
3481504394917184164,7,L6,System Administrator,Female,27,1999-04-22,Canada,Canada,,IT,,,,,2024-10-20,2023-12-04,2023-12-27,Btech,EC,HRMarket,,active,Closed,Pending,Rajini,Failed Interview ,Review,True,"Vasquez, Stein and Wheeler",210000,160000
3481504394917184165,5,L4,Marketing Analyst,Female,21,1995-02-19,China,China,,Marketing,,,,,2024-10-06,2023-12-28,,BE,EE,Monster,,active,Open,Negotiation,Rajini,Lack of Experience,Review,True,"Riggs, Larson and Herrera",170000,120000
3481504394917184166,10,L6,System Architect,Female,25,1991-07-03,USA,USA,,Platform,,,,2024-02-02,2024-02-03,2024-02-02,,HighSchool,CS,Referral,2024-02-07,rejected,Open,rejected,Deepan,Failed Interview ,rejected,False,Carpenter-Jackson,150000,170000
3481504394917184167,5,L4,Sales Executive,Female,21,1993-09-01,USA,USA,,Sales,,,,,2024-10-19,2023-12-02,2023-12-29,other,IS,Referral,,active,Closed,Pending,Rajini,Failed Interview ,Review,True,Davenport Ltd,140000,140000
3481504394917184168,12,L6,Account Manager,Male,26,2003-08-22,USA,USA,,Finance & Admin,,,,,2024-10-05,2024-06-25,,PhD,AI,HRMarket,,active,Closed,Pending,Deepan,Location/Relocation,Manager,True,Simpson-Stein,170000,180000
3481504394917184169,10,L6,Product Manager,Male,24,1999-09-11,China,China,,Management,,,,2024-04-16,2024-04-17,2024-04-16,,Btech,EE,HRMarket,2024-04-21,rejected,Open,rejected,Rajini,Failed Interview ,rejected,False,Murphy-Scott,150000,180000
3481504394917184170,1,L1,Marketing Associate,Female,27,1995-05-26,USA,USA,,Marketing,,,,2024-03-12,2024-03-13,2023-12-27,,HighSchool,EC,LinkedIn,2024-03-17,rejected,Open,rejected,Rajini,Lack of Experience,rejected,False,"Mcfarland, Valdez and Nelson",150000,110000
3481504394917184171,1,L1,Platform Engineer,Female,30,2002-12-16,India,India,,Platform,,,,,2024-10-03,2023-12-20,2024-01-10,PhD,IS,HRMarket,,active,Closed,Negotiation,Deepan,Lack of Experience,Review,True,"Alexander, Levy and Chambers",190000,150000
3481504394917184172,1,L1,Sales Manager,Female,24,1999-12-16,USA,USA,,Sales,,,,,2024-10-03,2023-12-25,2024-01-09,Mtech,CS,HRMarket,,active,Closed,Negotiation,Rajini,Lack of Experience,Review,True,Elliott Ltd,180000,130000
3481504394917184173,12,L6,Frontend Developer,Male,22,1992-06-30,Mexico,Mexico,,UI/UX,,,,,2024-10-28,2023-12-02,2023-12-26,BE,EC,Others,,active,Closed,Pending,Rajini,Lack of Experience,HR,True,Hughes Group,140000,110000
3481504394917184174,7,L6,HR Business Partner,Male,27,1995-07-20,USA,USA,,Human Resources,,,,2024-08-17,2024-08-18,2024-02-09,,Btech,CS,HRMarket,2024-08-22,rejected,Open,rejected,Rajini,Location/Relocation,rejected,False,Carney-Newman,120000,140000
3481504394917184175,12,L6,Senior Marketing Manager,Male,26,2001-05-08,USA,USA,,Marketing,,,,2024-07-06,2024-07-07,2024-01-20,,PhD,IS,LinkedIn,2024-07-10,rejected,Open,rejected,Naveen Yarra,Failed Interview ,rejected,False,Guzman Inc,120000,130000
3481504394917184176,3,L2,General Manager,Female,30,2000-05-05,China,China,,Management,,,,,2024-10-09,2024-01-06,2024-02-07,BE,CS,LinkedIn,,active,Closed,Negotiation,John,Failed Interview ,Review,True,"Mcfarland, Valdez and Nelson",130000,120000
3481504394917184177,7,L6,Social Media Coordinator,Male,33,1996-05-21,Mexico,Mexico,,Marketing,,,,2024-06-15,2024-06-16,2023-11-29,,Mtech,IS,HRMarket,2024-06-19,rejected,Open,rejected,Subhajit,Not Qualified,rejected,False,Mitchell Group,210000,130000
3481504394917184178,2,L2,Accounts Associate,Female,33,2001-10-01,USA,USA,,Finance & Admin,,,,,2024-10-15,2023-12-12,2024-01-06,BE,EE,HRMarket,,active,Closed,Pending,John,Location/Relocation,Manager,True,"Parker, Allen and Stone",170000,130000
3481504394917184179,1,L1,HR Generalist,Female,34,1992-07-03,Canada,Canada,,Human Resources,,,,,2024-10-07,2024-02-13,,BE,EC,Monster,,active,Open,Negotiation,Rajini,Lack of Experience,Review,True,Chan-Gray,160000,120000
3481504394917184180,15,L6,Sales Executive,Female,31,1994-05-20,India,India,,Sales,,,,2024-09-06,2024-09-07,2023-12-02,2023-12-29,PhD,CS,HRMarket,2024-09-11,rejected,Closed,rejected,Naveen Yarra,Failed Interview ,rejected,False,Bender-Thomas,170000,100000
3481504394917184181,4,L3,Principal Data Scientist,Male,29,2001-08-22,USA,USA,,Machine Learning,,,,2024-08-11,2024-08-12,2024-02-08,,Mtech,CS,HRMarket,2024-08-16,rejected,Open,rejected,Rajini,Failed Interview ,rejected,False,Key-Huffman,170000,120000
3481504394917184182,2,L2,IT Manager,Male,34,2000-06-30,Mexico,Mexico,,IT,,,,2024-10-26,2024-10-27,2024-10-04,,Mtech,CS,HRMarket,2024-10-27,rejected,Closed,rejected,Rajini,Location/Relocation,rejected,False,Harding-Hudson,190000,140000
3481504394917184183,12,L6,Finance Manager,Male,28,2003-04-26,Canada,Canada,,Finance & Admin,,,,2024-06-08,2024-06-09,2024-01-30,,BE,EE,HRMarket,2024-06-09,rejected,Open,rejected,Deepan,Lack of Experience,rejected,False,"Garza, Wilson and Parker",200000,120000
3481504394917184184,12,L6,Social Media Coordinator,Male,25,2002-03-03,India,India,,Marketing,,,,2024-10-17,2024-10-18,2023-11-29,,BE,IS,Referral,2024-10-23,rejected,Open,rejected,Rajini,Location/Relocation,rejected,False,Clark LLC,130000,120000
3481504394917184185,5,L4,Site Reliability Engineer,Male,33,1999-06-25,India,India,,IT,,,,2024-01-31,2024-02-01,2024-01-31,,Mtech,EE,HRMarket,2024-02-03,rejected,Closed,rejected,Naveen Yarra,Not Qualified,rejected,False,Hill-Whitney,120000,170000
3481504394917184186,0,L1,Account Manager,Male,25,1997-04-14,UK,UK,,Finance & Admin,,,,2024-06-25,2024-06-26,2024-06-25,,other,IS,HRMarket,2024-06-30,rejected,Closed,rejected,Mak,Location/Relocation,rejected,False,Vasquez-Boyd,170000,100000
3481504394917184187,15,L6,Senior Sales Manager,Female,33,2002-01-03,China,China,,Sales,,,,2024-04-24,2024-04-25,2024-02-23,,PhD,CS,LinkedIn,2024-04-26,rejected,Closed,rejected,Mak,Failed Interview ,rejected,False,"Alexander, Levy and Chambers",180000,110000
3481504394917184188,1,L1,Sales Representative,Male,34,1999-10-25,USA,USA,,Sales,,,,2024-02-13,2024-02-14,2023-12-20,2024-01-03,BE,AI,HRMarket,2024-02-19,rejected,Closed,rejected,Rajini,Failed Interview ,rejected,False,"Schneider, Gardner and Burns",160000,170000
3481504394917184189,10,L6,Support Specialist,Male,34,1997-07-13,USA,USA,,Customer Service,,,,,2024-10-04,2023-12-21,2024-01-15,BE,EC,Monster,,active,Closed,Pending,Rajini,Not Qualified,Manager,True,Baker Ltd,110000,120000
3481504394917184190,12,L6,Senior Backend Developer,Male,25,1994-02-21,USA,USA,,Platform,,,,2024-01-05,2024-01-06,2024-01-05,,PhD,CS,Referral,2024-01-07,rejected,Open,rejected,Subhajit,Not Qualified,rejected,False,"Moore, Harris and Garner",120000,100000
3481504394917184191,3,L2,HR Assistant,Female,23,1997-06-30,Canada,Canada,,Human Resources,,,,2024-05-12,2024-05-13,2024-03-10,,Mtech,CS,HRMarket,2024-05-15,rejected,Open,rejected,Subhajit,Location/Relocation,rejected,False,Davis-Dunn,170000,170000
3481504394917184192,7,L6,Technical Consultant,Male,23,1998-07-12,India,India,,Customer Service,,,,,2024-10-05,2023-12-09,2023-12-24,HighSchool,CS,HRMarket,,active,Closed,Pending,Subhajit,Lack of Experience,Manager,True,Huerta Group,140000,100000
3481504394917184193,0,L1,Network Engineer,Non-Binary,34,2002-06-09,USA,USA,,IT,,,,2024-07-17,2024-07-18,2023-12-30,2024-01-14,HighSchool,EC,HRMarket,2024-07-23,rejected,Closed,rejected,Naveen Yarra,Location/Relocation,rejected,False,"Martin, Jones and Whitehead",180000,100000
3481504394917184194,3,L2,General Manager,Non-Binary,26,1991-07-15,USA,USA,,Management,,,,2024-10-07,2024-10-08,2024-01-06,2024-02-07,Btech,CS,HRMarket,2024-10-12,rejected,Closed,rejected,John,Not Qualified,rejected,False,"Clark, Hall and Blackburn",180000,100000
3481504394917184195,5,L4,Team Lead,Female,33,1995-01-14,India,India,,Customer Service,,,,2024-07-19,2024-07-20,2024-02-12,,PhD,AI,Monster,2024-07-22,rejected,Open,rejected,Deepan,Lack of Experience,rejected,False,Benitez PLC,170000,160000
3481504394917184196,2,L2,Team Lead,Male,24,1991-03-31,Mexico,Mexico,,Customer Service,,,,,2024-10-08,2024-02-12,,Btech,CS,LinkedIn,,active,Open,Negotiation,Rajini,Lack of Experience,Review,True,"Mcfarland, Valdez and Nelson",120000,170000
3481504394917184197,2,L2,Assistant Manager,Male,25,1996-02-09,India,India,,Management,,,,,2024-10-18,2024-01-10,,Mtech,EE,HRMarket,,active,Closed,Pending,Subhajit,Lack of Experience,Manager,True,Sullivan LLC,170000,150000
3481504394917184198,3,L2,Project Manager,Male,31,2001-08-24,USA,USA,,Management,,,,,2024-10-14,2024-07-25,,PhD,EC,HRMarket,,active,Open,Pending,Deepan,Failed Interview ,Screening,True,Payne PLC,140000,190000
3481504394917184199,1,L1,Recruiter,Male,32,2001-07-10,Mexico,Mexico,,Human Resources,,,,2024-09-02,2024-09-03,2024-01-09,,Btech,AI,HRMarket,2024-09-04,rejected,Open,rejected,Mak,Lack of Experience,rejected,False,Jordan-Gray,190000,180000
3481504394917184200,4,L3,Operations Manager,Male,23,1999-07-25,Canada,Canada,,Management,,,,2024-03-10,2024-03-11,2024-03-10,,PhD,EC,HRMarket,2024-03-13,rejected,Closed,rejected,Rajini,Lack of Experience,rejected,False,Hughes Group,180000,100000
3481504394917184201,1,L1,Frontend Developer,Female,28,2002-12-12,India,India,,UI/UX,,,,2024-10-07,2024-10-08,2023-12-02,2023-12-26,Btech,CS,LinkedIn,2024-10-12,rejected,Closed,rejected,Naveen Yarra,Failed Interview ,rejected,False,"Collins, Harper and Armstrong",180000,100000
3481504394917184202,7,L6,Senior Backend Developer,Female,24,1990-11-19,India,India,,Platform,,,,2024-06-01,2024-06-02,2024-01-05,,Mtech,IS,HRMarket,2024-06-06,rejected,Open,rejected,Deepan,Failed Interview ,rejected,False,"Riggs, Larson and Herrera",200000,110000
3481504394917184203,3,L2,Marketing Associate,Male,21,1997-01-20,Mexico,Mexico,,Marketing,,,,,2024-10-11,2023-12-27,,BE,IS,HRMarket,,active,Open,Pending,Rajini,Location/Relocation,Technical,True,Murphy-Scott,190000,160000
3481504394917184204,2,L2,HR Assistant,Male,29,1995-09-08,Canada,Canada,,Human Resources,,,,,2024-10-07,2024-03-10,,Mtech,CS,HRMarket,,active,Open,Negotiation,John,Lack of Experience,Review,True,"Simmons, Cross and Lowe",210000,100000
3481504394917184205,10,L6,Account Manager,Male,27,2003-04-05,Canada,Canada,,Finance & Admin,,,,,2024-10-27,2024-06-25,,Btech,IS,HRMarket,,active,Closed,Negotiation,Rajini,Location/Relocation,Review,True,Elliott Ltd,130000,110000
3481504394917184206,3,L2,UI/UX Manager,Female,24,2001-04-15,India,India,,UI/UX,,,,,2024-10-10,2024-03-03,,PhD,EC,HRMarket,,active,Open,Pending,Mak,Not Qualified,Review,True,Hicks-Copeland,200000,110000
3481504394917184207,0,L1,Product Manager,Male,27,1994-03-30,USA,USA,,Management,,,,2024-09-18,2024-09-19,2024-04-16,,BE,CS,HRMarket,2024-09-23,rejected,Open,rejected,Rajini,Not Qualified,rejected,False,Guzman Inc,150000,140000
3481504394917184208,5,L4,Junior UX Designer,Male,21,1995-03-15,USA,USA,,UI/UX,,,,2024-03-30,2024-03-31,2023-12-11,,BE,CS,HRMarket,2024-03-31,rejected,Open,rejected,Mak,Lack of Experience,rejected,False,Hoffman Inc,160000,130000
3481504394917184209,15,L6,Assistant Manager,Male,25,2003-07-23,Canada,Canada,,Management,,,,2024-09-28,2024-09-29,2024-01-10,,Btech,CS,Referral,2024-10-01,rejected,Closed,rejected,Rajini,Lack of Experience,rejected,False,"Sanchez, Roach and Brooks",150000,100000
3481504394917184210,1,L1,Recruiter,Female,26,2000-03-19,Canada,Canada,,Human Resources,,,,2024-01-22,2024-01-23,2024-01-09,,PhD,EC,LinkedIn,2024-01-25,rejected,Open,rejected,Rajini,Lack of Experience,rejected,False,Ingram-Horn,130000,190000
3481504394917184211,3,L2,IT Manager,Male,25,1999-12-12,USA,USA,,IT,,,,,2024-10-15,2024-10-04,,Mtech,CS,HRMarket,,active,Closed,Pending,John,Lack of Experience,Manager,True,Smith and Sons,190000,130000
3481504394917184212,5,L4,Senior Finance Manager,Female,34,1999-08-17,Canada,Canada,,Finance & Admin,,,,2024-06-10,2024-06-11,2024-05-14,,BE,CS,Monster,2024-06-15,rejected,Open,rejected,Mak,Lack of Experience,rejected,False,Thornton LLC,190000,150000
3481504394917184213,10,L6,Senior IT Manager,Male,30,2002-08-09,Mexico,Mexico,,IT,,,,2024-09-25,2024-09-26,2024-03-20,,PhD,AI,HRMarket,2024-09-28,rejected,Closed,rejected,John,Failed Interview ,rejected,False,Huerta-Sullivan,120000,150000
3481504394917184214,15,L6,IT Manager,Female,32,1993-10-10,USA,USA,,IT,,,,,2024-10-13,2024-10-04,,Mtech,EC,HRMarket,,active,Closed,Pending,Deepan,Lack of Experience,Review,True,Yang Ltd,150000,160000
3481504394917184215,0,L1,Team Lead,Female,28,2001-08-23,India,India,,Customer Service,,,,,2024-10-10,2024-02-12,,Mtech,EC,Monster,,active,Open,Pending,Subhajit,Not Qualified,Review,True,Mitchell Group,120000,110000
3481504394917184216,12,L6,Brand Manager,Female,28,1991-11-24,India,India,,Marketing,,,,2024-07-16,2024-07-17,2024-05-01,,PhD,CS,LinkedIn,2024-07-19,rejected,Closed,rejected,Rajini,Not Qualified,rejected,False,"Collins, Harper and Armstrong",150000,100000
3481504394917184217,1,L1,Tax Consultant,Female,29,1997-12-08,India,India,,Finance & Admin,,,,,2024-10-20,2024-03-30,2024-04-23,BE,CS,LinkedIn,,active,Closed,Pending,Rajini,Not Qualified,HR,True,"Scott, Smith and Dunn",160000,170000
3481504394917184218,0,L1,Platform Engineer,Male,28,2002-08-21,Canada,Canada,,Platform,,,,,2024-10-28,2023-12-20,2024-01-10,Mtech,AI,HRMarket,,active,Closed,Pending,Mak,Lack of Experience,Review,True,Simpson-Stein,140000,100000
3481504394917184219,12,L6,Senior Data Scientist,Non-Binary,31,2001-08-11,USA,USA,,Machine Learning,,,,2024-02-08,2024-02-09,2024-02-05,,BE,AI,LinkedIn,2024-02-10,rejected,Open,rejected,Naveen Yarra,Not Qualified,rejected,False,"Murray, Baker and Wright",170000,150000
3481504394917184220,2,L2,Head of Design,Female,24,2002-10-10,China,China,,UI/UX,,,,2024-09-11,2024-09-12,2024-06-25,,BE,CS,HRMarket,2024-09-12,rejected,Open,rejected,Subhajit,Lack of Experience,rejected,False,Harding-Hudson,130000,100000
3481504394917184221,3,L2,Junior UX Designer,Female,23,1992-06-16,Mexico,Mexico,,UI/UX,,,,,2024-10-10,2023-12-11,,BE,IS,HRMarket,,active,Open,Pending,Deepan,Not Qualified,Review,True,Hansen-Thompson,190000,140000
3481504394917184222,7,L6,Accounts Associate,Female,33,1997-10-09,USA,USA,,Finance & Admin,,,,,2024-10-01,2023-12-12,2024-01-06,Btech,EE,Others,,active,Closed,Pending,Rajini,Lack of Experience,Review,True,"Simmons, Hickman and Martinez",120000,130000
3481504394917184223,2,L2,HR Director,Female,23,1996-05-31,USA,USA,,Human Resources,,,,2024-05-20,2024-05-21,2024-05-20,,Mtech,EE,HRMarket,2024-05-26,rejected,Closed,rejected,Subhajit,Location/Relocation,rejected,False,Thornton LLC,150000,180000
3481504394917184224,4,L3,IT Support,Male,23,2000-09-21,China,China,,IT,,,,2024-10-28,2024-10-29,2023-12-20,2024-01-10,PhD,CS,Others,2024-10-30,rejected,Closed,rejected,Rajini,Failed Interview ,rejected,False,Hicks-Copeland,170000,110000
3481504394917184225,12,L6,Assistant Manager,Male,26,1991-05-05,USA,USA,,Management,,,,,2024-10-25,2024-01-10,,BE,CS,HRMarket,,active,Closed,Negotiation,Deepan,Location/Relocation,Review,True,Hughes Group,160000,120000
3481504394917184226,2,L2,IT Support,Male,34,1994-09-10,Canada,Canada,,IT,,,,,2024-10-17,2023-12-20,2024-01-10,BE,EE,HRMarket,,active,Closed,Pending,Mak,Lack of Experience,Technical,True,Campbell-Curtis,130000,140000
3481504394917184227,7,L6,Assistant Manager,Non-Binary,29,2002-09-09,USA,USA,,Management,,,,,2024-10-01,2024-01-10,,BE,EC,Referral,,active,Closed,Pending,Rajini,Not Qualified,Review,True,"Silva, Turner and Carpenter",200000,130000
3481504394917184228,7,L6,HR Generalist,Male,21,1999-08-20,Mexico,Mexico,,Human Resources,,,,,2024-10-05,2024-02-13,,Btech,CS,Internal,,active,Open,Negotiation,Rajini,Lack of Experience,Review,True,"Brown, Wilson and Bennett",160000,120000
3481504394917184229,5,L4,ML Intern,Female,32,1998-01-20,Canada,Canada,,Machine Learning,,,,,2024-10-28,2023-12-16,2024-01-05,HighSchool,CS,LinkedIn,,active,Closed,Negotiation,John,Lack of Experience,Review,True,Yang Ltd,130000,160000
3481504394917184230,3,L2,HR Manager,Female,30,2001-11-17,Mexico,Mexico,,Human Resources,,,,2024-03-24,2024-03-25,2024-03-24,,HighSchool,EC,LinkedIn,2024-03-26,rejected,Closed,rejected,Deepan,Failed Interview ,rejected,False,"Collins, Harper and Armstrong",200000,180000
3481504394917184231,1,L1,Senior Sales Manager,Male,21,1996-06-05,USA,USA,,Sales,,,,,2024-10-20,2024-02-23,,PhD,CS,HRMarket,,active,Closed,Pending,Subhajit,Location/Relocation,Technical,True,Huerta Group,170000,140000
3481504394917184232,1,L1,Senior Sales Manager,Female,22,2000-10-31,India,India,,Sales,,,,,2024-10-27,2024-02-23,,Mtech,AI,HRMarket,,active,Closed,Negotiation,Deepan,Failed Interview ,Review,True,Jordan-Gray,180000,130000
3481504394917184233,2,L2,Customer Success Manager,Female,24,1998-07-26,Canada,Canada,,Customer Service,,,,2024-08-29,2024-08-30,2024-03-03,,BE,IS,LinkedIn,2024-09-03,rejected,Open,rejected,Deepan,Not Qualified,rejected,False,"Schneider, Gardner and Burns",120000,120000
3481504394917184234,2,L2,Junior UX Designer,Female,30,1998-11-29,Mexico,Mexico,,UI/UX,,,,2024-06-23,2024-06-24,2023-12-11,,HighSchool,CS,Referral,2024-06-28,rejected,Open,rejected,Subhajit,Location/Relocation,rejected,False,Watkins LLC,120000,190000
3481504394917184235,10,L6,Customer Success Manager,Female,27,1994-02-02,Mexico,Mexico,,Customer Service,,,,,2024-10-08,2024-03-03,,BE,AI,HRMarket,,active,Open,Pending,Mak,Location/Relocation,Review,True,Alvarez Ltd,210000,160000
3481504394917184236,10,L6,Platform Director,Male,31,1995-12-11,Canada,Canada,,Platform,,,,2024-08-04,2024-08-05,2024-03-10,,PhD,CS,HRMarket,2024-08-05,rejected,Closed,rejected,Deepan,Lack of Experience,rejected,False,Stafford Group,120000,100000
3481504394917184237,3,L2,HR Business Partner,Male,33,1993-03-16,Canada,Canada,,Human Resources,,,,,2024-10-16,2024-02-09,,Mtech,EC,HRMarket,,active,Open,Pending,Deepan,Not Qualified,Manager,True,Lowe-Brown,200000,100000
3481504394917184238,0,L1,Site Reliability Engineer,Female,30,2002-12-04,Canada,Canada,,IT,,,,2024-09-16,2024-09-17,2024-01-31,,PhD,AI,HRMarket,2024-09-22,rejected,Closed,rejected,Deepan,Failed Interview ,rejected,False,Jordan-Gray,160000,140000
3481504394917184239,1,L1,IT Support,Female,21,1999-03-24,China,China,,IT,,,,,2024-10-05,2023-12-20,2024-01-10,Mtech,EC,HRMarket,,active,Closed,Pending,Subhajit,Lack of Experience,Review,True,Brown-Martin,150000,100000
3481504394917184240,12,L6,Chief Sales Officer,Male,34,1994-01-01,India,India,,Sales,,,,,2024-10-25,2024-04-11,,Btech,CS,HRMarket,,active,Closed,Negotiation,Deepan,Lack of Experience,Review,True,"Parker, Allen and Stone",140000,170000
3481504394917184241,12,L6,Platform Engineer,Non-Binary,29,2002-08-06,USA,USA,,Platform,,,,2024-09-10,2024-09-11,2023-12-20,2024-01-10,Btech,AI,HRMarket,2024-09-16,rejected,Closed,rejected,Rajini,Failed Interview ,rejected,False,Johnson Ltd,190000,130000
3481504394917184242,12,L6,Brand Manager,Male,28,1996-01-11,India,India,,Marketing,,,,2024-05-01,2024-05-02,2024-05-01,,BE,EE,HRMarket,2024-05-05,rejected,Closed,rejected,Deepan,Failed Interview ,rejected,False,Simpson-Stein,180000,110000
3481504394917184243,3,L2,Senior Sales Manager,Male,22,2002-02-12,India,India,,Sales,,,,2024-04-26,2024-04-27,2024-02-23,,PhD,IS,Monster,2024-04-27,rejected,Closed,rejected,Subhajit,Location/Relocation,rejected,False,Jones PLC,180000,170000
3481504394917184244,7,L6,Head of Design,Non-Binary,29,1995-09-28,Mexico,Mexico,,UI/UX,,,,,2024-10-13,2024-06-25,,BE,EE,Others,,active,Open,Pending,Rajini,Lack of Experience,Review,True,Thomas-Stephens,180000,170000
3481504394917184245,2,L2,Platform Engineer,Male,25,1994-07-29,India,India,,Platform,,,,2024-07-13,2024-07-14,2023-12-20,2024-01-10,PhD,AI,Monster,2024-07-14,rejected,Closed,rejected,Subhajit,Not Qualified,rejected,False,"Parker, Allen and Stone",210000,150000
3481504394917184246,15,L6,Site Reliability Engineer,Male,33,1999-04-20,China,China,,IT,,,,,2024-10-23,2024-01-31,,Btech,IS,Others,,active,Closed,Pending,Mak,Location/Relocation,Manager,True,"Zuniga, Trujillo and Johnson",150000,140000
3481504394917184247,5,L4,HR Manager,Male,27,1996-04-18,India,India,,Human Resources,,,,,2024-10-25,2024-03-24,,BE,CS,HRMarket,,active,Closed,Pending,Naveen Yarra,Failed Interview ,Manager,True,Reyes-Clark,190000,150000
3481504394917184248,12,L6,Engagement Manager,Non-Binary,21,1995-09-25,USA,USA,,Customer Service,,,,,2024-10-26,2024-04-15,,BE,IS,Others,,active,Closed,Pending,John,Failed Interview ,Review,True,Pena-Calhoun,200000,170000
3481504394917184249,5,L4,Finance Manager,Female,33,1999-04-29,Canada,Canada,,Finance & Admin,,,,2024-01-30,2024-01-31,2024-01-30,,other,AI,Referral,2024-02-04,rejected,Open,rejected,Subhajit,Not Qualified,rejected,False,Hill-Whitney,130000,190000
3481504394917184250,7,L6,Technical Consultant,Non-Binary,23,1998-12-17,Canada,Canada,,Customer Service,,,,,2024-10-17,2023-12-09,2023-12-24,BE,IS,LinkedIn,,active,Closed,Pending,Rajini,Not Qualified,Review,True,Elliott Ltd,210000,190000
3481504394917184251,7,L6,Junior Backend Developer,Female,30,2002-06-08,USA,USA,,Platform,,,,,2024-10-19,2023-12-07,,PhD,AI,LinkedIn,,active,Open,Pending,Rajini,Failed Interview ,Manager,True,"Sanchez, Roach and Brooks",110000,130000
3481504394917184252,0,L1,Sales Manager,Female,32,2002-02-21,USA,USA,,Sales,,,,,2024-10-30,2023-12-25,2024-01-09,Mtech,AI,HRMarket,,active,Closed,Pending,Naveen Yarra,Location/Relocation,Review,True,Miller-Hill,210000,190000
3481504394917184253,2,L2,Senior Data Scientist,Male,21,1995-04-15,Mexico,Mexico,,Machine Learning,,,,2024-02-05,2024-02-06,2024-02-05,,HighSchool,EE,Monster,2024-02-07,rejected,Open,rejected,Mak,Lack of Experience,rejected,False,Camacho and Sons,130000,110000
3481504394917184254,1,L1,HR Business Partner,Female,23,1994-12-31,India,India,,Human Resources,,,,,2024-10-12,2024-02-09,,PhD,CS,HRMarket,,active,Open,Negotiation,Subhajit,Not Qualified,Review,True,Mathews-Yang,110000,120000
3481504394917184255,0,L1,HR Director,Male,34,2003-06-27,China,China,,Human Resources,,,,,2024-10-21,2024-05-20,,HighSchool,AI,HRMarket,,active,Closed,Pending,John,Lack of Experience,Manager,True,Clark LLC,210000,180000
3481504394917184256,0,L1,Senior Marketing Manager,Female,31,1995-09-19,Mexico,Mexico,,Marketing,,,,,2024-10-16,2024-01-20,,PhD,EE,HRMarket,,active,Open,Negotiation,Mak,Location/Relocation,Review,True,"Santos, Charles and Blair",170000,100000
3481504394917184257,4,L3,IT Manager,Male,22,1999-04-19,India,India,,IT,,,,,2024-10-29,2024-10-04,,other,EC,Others,,active,Closed,Negotiation,Deepan,Location/Relocation,Review,True,"Vasquez, Stein and Wheeler",120000,150000
3481504394917184258,4,L3,Team Lead,Non-Binary,31,1996-05-08,India,India,,Customer Service,,,,,2024-10-11,2024-02-12,,Btech,EC,HRMarket,,active,Open,Pending,Subhajit,Location/Relocation,HR,True,Pena-Calhoun,160000,120000
3481504394917184259,0,L1,Accounts Associate,Male,24,1991-09-01,China,China,,Finance & Admin,,,,2024-05-30,2024-05-31,2023-12-12,2024-01-06,BE,AI,HRMarket,2024-06-01,rejected,Closed,rejected,Rajini,Not Qualified,rejected,False,Taylor LLC,170000,150000
3481504394917184260,10,L6,System Administrator,Male,31,2001-03-12,China,China,,IT,,,,2024-10-27,2024-10-28,2023-12-04,2023-12-27,Mtech,CS,HRMarket,2024-11-02,rejected,Closed,rejected,John,Location/Relocation,rejected,False,"Wolfe, Sanchez and Parrish",150000,150000
3481504394917184261,2,L2,Senior Backend Developer,Female,21,1997-08-02,Canada,Canada,,Platform,,,,,2024-10-04,2024-01-05,,BE,CS,HRMarket,,active,Open,Pending,Rajini,Not Qualified,Review,True,"Vasquez, Stein and Wheeler",190000,130000
3481504394917184262,7,L6,HR Business Partner,Non-Binary,25,1992-07-04,Mexico,Mexico,,Human Resources,,,,,2024-10-08,2024-02-09,,Btech,CS,HRMarket,,active,Open,Pending,Rajini,Location/Relocation,HR,True,Velez-Hays,110000,180000
3481504394917184263,5,L4,HR Assistant,Male,33,1998-03-07,Canada,Canada,,Human Resources,,,,2024-03-20,2024-03-21,2024-03-10,,Btech,EC,HRMarket,2024-03-24,rejected,Open,rejected,Rajini,Lack of Experience,rejected,False,Jones Group,170000,100000
3481504394917184264,12,L6,Backend Developer,Female,21,1995-09-24,USA,USA,,Platform,,,,2024-10-03,2024-10-04,2023-12-12,2024-01-06,Mtech,EC,Others,2024-10-04,rejected,Closed,rejected,Mak,Failed Interview ,rejected,False,Knox PLC,110000,190000
3481504394917184265,0,L1,Senior Frontend Developer,Female,29,2000-06-12,Mexico,Mexico,,UI/UX,,,,,2024-10-07,2023-11-23,2023-12-23,BE,IS,HRMarket,,active,Closed,Pending,Deepan,Failed Interview ,Manager,True,"Orozco, Anderson and Lewis",200000,110000
3481504394917184266,4,L3,Senior UX Designer,Male,33,1996-07-07,USA,USA,,UI/UX,,,,,2024-10-04,2024-02-09,,HighSchool,IS,HRMarket,,active,Closed,Pending,Deepan,Failed Interview ,Screening,True,Taylor LLC,130000,120000
3481504394917184267,10,L6,HR Generalist,Male,24,2001-03-31,USA,USA,,Human Resources,,,,2024-02-13,2024-02-14,2024-02-13,,Mtech,AI,Referral,2024-02-14,rejected,Open,rejected,Rajini,Lack of Experience,rejected,False,"Munoz, Novak and Watson",110000,100000
3481504394917184268,4,L3,Junior UX Designer,Female,23,2002-09-16,Mexico,Mexico,,UI/UX,,,,,2024-10-12,2023-12-11,,BE,CS,Monster,,active,Open,Pending,Naveen Yarra,Lack of Experience,Screening,True,"Santos, Charles and Blair",190000,160000
3481504394917184269,15,L6,Sales Associate,Male,26,1993-04-01,USA,USA,,Sales,,,,2024-08-20,2024-08-21,2023-12-08,2023-12-30,BE,EC,LinkedIn,2024-08-24,rejected,Closed,rejected,Rajini,Location/Relocation,rejected,False,Sanchez-Phillips,180000,150000
3481504394917184270,3,L2,Tax Consultant,Female,33,1994-08-31,India,India,,Finance & Admin,,,,,2024-10-23,2024-03-30,2024-04-23,Mtech,CS,Referral,,active,Closed,Pending,Mak,Lack of Experience,Manager,True,Small Group,110000,150000
3481504394917184271,5,L4,Platform Director,Male,27,2002-12-16,China,China,,Platform,,,,2024-04-28,2024-04-29,2024-03-10,,BE,AI,HRMarket,2024-05-03,rejected,Closed,rejected,Rajini,Lack of Experience,rejected,False,Sullivan LLC,110000,190000
3481504394917184272,15,L6,Finance Manager,Female,23,1992-10-06,China,China,,Finance & Admin,,,,2024-03-24,2024-03-25,2024-01-30,,HighSchool,EC,Monster,2024-03-29,rejected,Open,rejected,Subhajit,Failed Interview ,rejected,False,Campbell-Curtis,140000,190000
3481504394917184273,12,L6,Senior UX Designer,Male,34,1995-04-15,Mexico,Mexico,,UI/UX,,,,,2024-10-23,2024-02-09,,PhD,EE,HRMarket,,active,Closed,Pending,John,Not Qualified,Review,True,Thornton LLC,120000,180000
3481504394917184274,5,L4,Assistant Manager,Female,29,2003-11-10,Canada,Canada,,Management,,,,,2024-10-05,2024-01-10,,other,IS,HRMarket,,active,Closed,Negotiation,Rajini,Lack of Experience,Review,True,"Wilson, Mahoney and Peck",150000,140000
3481504394917184275,10,L6,Data Scientist,Male,24,1995-02-14,USA,USA,,Machine Learning,,,,,2024-10-12,2023-12-07,2024-01-05,BE,EC,Referral,,active,Closed,Pending,Mak,Not Qualified,Technical,True,Jones-Wilson,170000,100000
3481504394917184276,0,L1,Network Engineer,Male,30,2003-07-12,USA,USA,,IT,,,,,2024-10-28,2023-12-30,2024-01-14,PhD,IS,LinkedIn,,active,Closed,Pending,John,Lack of Experience,Technical,True,Mercer Group,110000,150000
3481504394917184277,3,L2,Technical Consultant,Male,32,1994-12-15,India,India,,Customer Service,,,,2024-09-03,2024-09-04,2023-12-09,2023-12-24,Mtech,IS,HRMarket,2024-09-09,rejected,Closed,rejected,John,Not Qualified,rejected,False,Watts-Harris,140000,100000
3481504394917184278,10,L6,HR Generalist,Female,24,1995-02-06,USA,USA,,Human Resources,,,,,2024-10-04,2024-02-13,,BE,CS,HRMarket,,active,Open,Negotiation,Deepan,Location/Relocation,Review,True,Murphy-Scott,190000,130000
3481504394917184279,1,L1,Engagement Manager,Female,30,1996-07-06,USA,USA,,Customer Service,,,,2024-10-27,2024-10-28,2024-04-15,,BE,IS,Others,2024-10-28,rejected,Closed,rejected,Deepan,Failed Interview ,rejected,False,Terrell Inc,110000,150000
3481504394917184280,5,L4,Financial Analyst,Female,32,1997-06-25,USA,USA,,Finance & Admin,,,,,2024-10-19,2023-12-12,2024-01-03,Btech,CS,LinkedIn,,active,Closed,Pending,Naveen Yarra,Failed Interview ,Manager,True,"Ware, Davis and Fernandez",150000,190000
3481504394917184281,12,L6,Operations Manager,Male,24,2002-06-08,USA,USA,,Management,,,,,2024-10-08,2024-03-10,,Mtech,CS,Referral,,active,Closed,Negotiation,Subhajit,Lack of Experience,Review,True,Cameron PLC,130000,150000
3481504394917184282,15,L6,Senior Backend Developer,Non-Binary,34,2000-09-20,USA,USA,,Platform,,,,2024-04-15,2024-04-16,2024-01-05,,BE,CS,HRMarket,2024-04-20,rejected,Open,rejected,Subhajit,Lack of Experience,rejected,False,Levy LLC,150000,170000
3481504394917184283,4,L3,Platform Director,Female,33,2003-09-10,USA,USA,,Platform,,,,,2024-10-02,2024-03-10,,Mtech,IS,Monster,,active,Closed,Pending,Naveen Yarra,Not Qualified,Review,True,Yang Ltd,160000,180000
3481504394917184284,0,L1,HR Director,Female,23,2000-11-05,Canada,Canada,,Human Resources,,,,,2024-10-06,2024-05-20,,Btech,CS,LinkedIn,,active,Closed,Pending,Naveen Yarra,Location/Relocation,Technical,True,Clark LLC,210000,110000
3481504394917184285,7,L6,HR Director,Female,30,1991-11-01,USA,USA,,Human Resources,,,,,2024-10-12,2024-05-20,,Mtech,CS,Internal,,active,Closed,Negotiation,Naveen Yarra,Location/Relocation,Review,True,"Mcfarland, Valdez and Nelson",140000,190000
3481504394917184286,3,L2,General Manager,Male,26,1997-09-02,USA,USA,,Management,,,,2024-01-30,2024-01-31,2024-01-06,2024-02-07,BE,AI,LinkedIn,2024-02-03,rejected,Closed,rejected,Naveen Yarra,Not Qualified,rejected,False,Hicks-Copeland,200000,160000
3481504394917184287,0,L1,Customer Service Associate,Male,21,2000-10-11,Canada,Canada,,Customer Service,,,,,2024-10-24,2023-12-14,2024-01-04,PhD,IS,LinkedIn,,active,Closed,Negotiation,Deepan,Lack of Experience,Review,True,"Wood, Scott and Thomas",180000,180000
3481504394917184288,15,L6,Project Manager,Non-Binary,26,1993-02-11,Canada,Canada,,Management,,,,,2024-10-07,2024-07-25,,PhD,EC,HRMarket,,active,Open,Pending,Subhajit,Location/Relocation,Review,True,Alvarez Ltd,130000,120000
3481504394917184289,5,L4,Engagement Manager,Male,27,1991-09-01,Canada,Canada,,Customer Service,,,,,2024-10-04,2024-04-15,,BE,EE,Others,,active,Closed,Pending,Rajini,Lack of Experience,Technical,True,Jones PLC,210000,150000
3481504394917184290,5,L4,Sales Executive,Male,25,1993-12-29,India,India,,Sales,,,,,2024-10-28,2023-12-02,2023-12-29,HighSchool,EC,HRMarket,,active,Closed,Pending,Rajini,Failed Interview ,Review,True,Small Group,170000,100000
3481504394917184291,1,L1,Tax Consultant,Female,29,1993-04-15,USA,USA,,Finance & Admin,,,,2024-05-26,2024-05-27,2024-03-30,2024-04-23,PhD,CS,LinkedIn,2024-05-28,rejected,Closed,rejected,Deepan,Not Qualified,rejected,False,Campbell-Curtis,170000,180000
3481504394917184292,10,L6,Support Specialist,Male,33,1993-11-02,USA,USA,,Customer Service,,,,,2024-10-27,2023-12-21,2024-01-15,Btech,CS,HRMarket,,active,Closed,Pending,Subhajit,Location/Relocation,HR,True,Hughes Group,180000,120000
3481504394917184293,10,L6,Frontend Developer,Female,24,1993-03-17,USA,USA,,UI/UX,,,,,2024-10-17,2023-12-02,2023-12-26,PhD,AI,HRMarket,,active,Closed,Pending,Mak,Lack of Experience,Review,True,Hansen-Thompson,130000,180000
3481504394917184294,10,L6,Platform Director,Male,32,1993-12-12,Mexico,Mexico,,Platform,,,,2024-03-10,2024-03-11,2024-03-10,,BE,CS,HRMarket,2024-03-16,rejected,Closed,rejected,John,Lack of Experience,rejected,False,Murphy-Scott,120000,150000
3481504394917184295,10,L6,Senior Backend Developer,Male,34,2001-01-05,India,India,,Platform,,,,,2024-10-12,2024-01-05,,other,CS,LinkedIn,,active,Open,Pending,Rajini,Location/Relocation,Screening,True,"Wilson, Mahoney and Peck",180000,190000
3481504394917184296,7,L6,MLOps Engineer,Non-Binary,28,1995-12-04,Mexico,Mexico,,Machine Learning,,,,,2024-10-22,2023-12-05,2023-12-30,BE,CS,HRMarket,,active,Closed,Negotiation,John,Lack of Experience,Review,True,Yang Ltd,210000,120000
3481504394917184297,4,L3,HR Business Partner,Male,33,2001-05-06,Canada,Canada,,Human Resources,,,,2024-02-29,2024-03-01,2024-02-09,,PhD,IS,Others,2024-03-06,rejected,Open,rejected,Rajini,Failed Interview ,rejected,False,Stafford Group,160000,100000
3481504394917184298,7,L6,Senior IT Manager,Female,26,1997-05-20,USA,USA,,IT,,,,,2024-10-04,2024-03-20,,Btech,EC,LinkedIn,,active,Closed,Pending,John,Not Qualified,Review,True,Wilson LLC,110000,190000
3481504394917184299,1,L1,Senior Frontend Developer,Male,32,2001-02-10,Mexico,Mexico,,UI/UX,,,,,2024-10-24,2023-11-23,2023-12-23,BE,IS,Monster,,active,Closed,Negotiation,Rajini,Failed Interview ,Review,True,Schroeder-Allen,190000,100000
3481504394917184300,3,L2,Accounts Associate,Male,21,1995-12-21,China,China,,Finance & Admin,,,,2024-06-17,2024-06-18,2023-12-12,2024-01-06,PhD,EC,HRMarket,2024-06-22,rejected,Closed,rejected,John,Location/Relocation,rejected,False,Stafford Group,120000,180000
3481504394917184301,0,L1,Sales Executive,Male,30,2000-09-04,Canada,Canada,,Sales,,,,2024-09-25,2024-09-26,2023-12-02,2023-12-29,Mtech,AI,HRMarket,2024-09-30,rejected,Closed,rejected,Subhajit,Lack of Experience,rejected,False,Ingram-Horn,130000,140000
3481504394917184302,15,L6,Marketing Analyst,Female,26,1993-09-09,USA,USA,,Marketing,,,,2024-02-07,2024-02-08,2023-12-28,,HighSchool,IS,LinkedIn,2024-02-09,rejected,Open,rejected,John,Not Qualified,rejected,False,Black-Washington,170000,110000
3481504394917184303,1,L1,Frontend Developer,Male,21,1999-06-15,USA,USA,,UI/UX,,,,,2024-10-14,2023-12-02,2023-12-26,BE,CS,HRMarket,,active,Closed,Pending,Mak,Location/Relocation,Screening,True,Hill-Whitney,160000,190000
3481504394917184304,10,L6,Management Trainee,Female,33,1996-06-28,USA,USA,,Management,,,,2024-05-20,2024-05-21,2023-12-29,,PhD,AI,HRMarket,2024-05-22,rejected,Open,rejected,John,Failed Interview ,rejected,False,Mcintosh Group,110000,180000
3481504394917184305,12,L6,IT Manager,Male,32,1993-12-18,China,China,,IT,,,,,2024-10-10,2024-10-04,,Btech,IS,LinkedIn,,active,Closed,Negotiation,Deepan,Lack of Experience,Review,True,Brown-Martin,140000,180000
3481504394917184306,3,L2,Account Manager,Male,33,1997-03-28,India,India,,Finance & Admin,,,,,2024-10-05,2024-06-25,,Btech,CS,HRMarket,,active,Closed,Pending,Rajini,Not Qualified,Technical,True,Ellis-Meadows,150000,180000
3481504394917184307,5,L4,Frontend Developer,Male,23,2001-08-16,USA,USA,,UI/UX,,,,,2024-10-14,2023-12-02,2023-12-26,PhD,CS,HRMarket,,active,Closed,Negotiation,Naveen Yarra,Location/Relocation,Review,True,"Salinas, Payne and Fuller",200000,160000
3481504394917184308,2,L2,Marketing Associate,Male,27,1999-09-03,USA,USA,,Marketing,,,,2024-05-10,2024-05-11,2023-12-27,,Mtech,CS,HRMarket,2024-05-13,rejected,Open,rejected,Rajini,Failed Interview ,rejected,False,Mathews-Yang,110000,170000
3481504394917184309,12,L6,Account Manager,Male,27,2000-01-10,India,India,,Finance & Admin,,,,,2024-10-12,2024-06-25,,PhD,EE,Referral,,active,Closed,Pending,Subhajit,Failed Interview ,Screening,True,Morris-Williams,140000,130000
3481504394917184310,5,L4,Regional Sales Manager,Female,22,1995-07-24,USA,USA,,Sales,,,,,2024-10-28,2023-12-17,2024-01-11,PhD,EE,LinkedIn,,active,Closed,Negotiation,Mak,Location/Relocation,Review,True,Hill-Whitney,170000,130000
3481504394917184311,12,L6,Marketing Associate,Female,30,2002-07-09,USA,USA,,Marketing,,,,2024-06-14,2024-06-15,2023-12-27,,PhD,CS,Referral,2024-06-17,rejected,Open,rejected,Deepan,Failed Interview ,rejected,False,"Rogers, Harrison and Norris",110000,130000
3481504394917184312,7,L6,Sales Executive,Male,24,1997-08-31,Canada,Canada,,Sales,,,,2024-02-01,2024-02-02,2023-12-02,2023-12-29,Mtech,EC,Others,2024-02-04,rejected,Closed,rejected,Rajini,Lack of Experience,rejected,False,Taylor-Montgomery,190000,160000
3481504394917184313,15,L6,Support Specialist,Female,25,1995-01-14,USA,USA,,Customer Service,,,,2024-07-29,2024-07-30,2023-12-21,2024-01-15,BE,IS,Internal,2024-08-03,rejected,Closed,rejected,Rajini,Failed Interview ,rejected,False,"Schneider, Gardner and Burns",170000,160000
3481504394917184314,0,L1,Account Manager,Male,25,1995-05-10,India,India,,Finance & Admin,,,,,2024-10-23,2024-06-25,,BE,EC,HRMarket,,active,Closed,Pending,Mak,Lack of Experience,Review,True,Hoffman Inc,180000,190000
3481504394917184315,10,L6,UX Designer,Female,32,1998-10-13,USA,USA,,UI/UX,,,,,2024-10-06,2023-12-19,,Mtech,AI,Monster,,active,Open,Pending,Deepan,Lack of Experience,Technical,True,Elliott Ltd,180000,120000
3481504394917184316,0,L1,Network Engineer,Female,30,1999-07-12,USA,USA,,IT,,,,,2024-10-01,2023-12-30,2024-01-14,BE,EC,LinkedIn,,active,Closed,Negotiation,Rajini,Failed Interview ,Review,True,"Orozco, Anderson and Lewis",110000,140000
3481504394917184317,0,L1,Sales Manager,Male,31,2002-09-12,USA,USA,,Sales,,,,2024-01-02,2024-01-03,2023-12-25,2024-01-09,BE,CS,LinkedIn,2024-01-07,rejected,Closed,rejected,Mak,Location/Relocation,rejected,False,"Garza, Wilson and Parker",150000,120000
3481504394917184318,15,L6,Platform Director,Male,34,1992-05-25,USA,USA,,Platform,,,,2024-05-15,2024-05-16,2024-03-10,,BE,AI,Others,2024-05-20,rejected,Closed,rejected,Subhajit,Failed Interview ,rejected,False,"Kane, West and Lawrence",180000,170000
3481504394917184319,7,L6,Recruiter,Male,24,1990-12-08,India,India,,Human Resources,,,,2024-02-08,2024-02-09,2024-01-09,,BE,EC,LinkedIn,2024-02-10,rejected,Open,rejected,Subhajit,Not Qualified,rejected,False,Huerta Group,170000,160000
3481504394917184320,2,L2,Sales Executive,Female,24,2001-09-13,USA,USA,,Sales,,,,2024-09-29,2024-09-30,2023-12-02,2023-12-29,Mtech,AI,HRMarket,2024-10-04,rejected,Closed,rejected,Subhajit,Lack of Experience,rejected,False,Black-Washington,130000,170000
3481504394917184321,12,L6,MLOps Engineer,Male,24,1998-03-20,USA,USA,,Machine Learning,,,,2024-03-14,2024-03-15,2023-12-05,2023-12-30,Btech,other,HRMarket,2024-03-19,rejected,Closed,rejected,Rajini,Failed Interview ,rejected,False,Bender-Thomas,150000,190000
3481504394917184322,0,L1,Senior IT Manager,Non-Binary,31,1997-04-14,USA,USA,,IT,,,,,2024-10-23,2024-03-20,,BE,AI,Monster,,active,Closed,Negotiation,Mak,Lack of Experience,Review,True,Stafford Group,160000,140000
3481504394917184323,4,L3,UI/UX Manager,Male,31,2001-04-08,India,India,,UI/UX,,,,2024-03-26,2024-03-27,2024-03-03,,Btech,IS,HRMarket,2024-03-30,rejected,Open,rejected,Mak,Location/Relocation,rejected,False,"Clark, Hall and Blackburn",190000,100000
3481504394917184324,4,L3,Site Reliability Engineer,Male,28,1992-10-05,Canada,Canada,,IT,,,,,2024-10-23,2024-01-31,,BE,CS,LinkedIn,,active,Closed,Negotiation,Subhajit,Location/Relocation,Review,True,Yang Ltd,190000,170000
3481504394917184325,2,L2,IT Director,Male,27,1996-12-01,Canada,Canada,,IT,,,,2024-07-20,2024-07-21,2024-03-26,,HighSchool,AI,HRMarket,2024-07-26,rejected,Open,rejected,Naveen Yarra,Lack of Experience,rejected,False,"Salinas, Payne and Fuller",210000,120000
3481504394917184326,0,L1,Senior Sales Manager,Female,33,1999-02-22,Mexico,Mexico,,Sales,,,,2024-08-16,2024-08-17,2024-02-23,,Btech,IS,LinkedIn,2024-08-18,rejected,Closed,rejected,Rajini,Location/Relocation,rejected,False,"Collins, Harper and Armstrong",190000,190000
3481504394917184327,5,L4,UI/UX Manager,Non-Binary,23,1994-06-03,Canada,Canada,,UI/UX,,,,2024-03-03,2024-03-04,2024-03-03,,HighSchool,CS,HRMarket,2024-03-07,rejected,Open,rejected,Rajini,Location/Relocation,rejected,False,"Scott, Smith and Dunn",200000,150000
3481504394917184328,7,L6,Regional Sales Manager,Male,25,1991-12-20,India,India,,Sales,,,,2024-06-24,2024-06-25,2023-12-17,2024-01-11,Btech,CS,HRMarket,2024-06-28,rejected,Closed,rejected,Rajini,Lack of Experience,rejected,False,Watson LLC,150000,100000
3481504394917184329,2,L2,Customer Service Associate,Female,23,1998-07-31,USA,USA,,Customer Service,,,,2024-06-02,2024-06-03,2023-12-14,2024-01-04,HighSchool,IS,HRMarket,2024-06-08,rejected,Closed,rejected,Mak,Lack of Experience,rejected,False,"Cox, Thomas and Pineda",130000,140000
3481504394917184330,0,L1,Senior UX Designer,Female,22,1997-02-15,Canada,Canada,,UI/UX,,,,2024-02-09,2024-02-10,2024-02-09,,Btech,IS,HRMarket,2024-02-15,rejected,Closed,rejected,Rajini,Not Qualified,rejected,False,"Santos, Charles and Blair",180000,160000
3481504394917184331,3,L2,General Manager,Non-Binary,26,1994-01-26,USA,USA,,Management,,,,2024-06-12,2024-06-13,2024-01-06,2024-02-07,PhD,AI,HRMarket,2024-06-17,rejected,Closed,rejected,Rajini,Not Qualified,rejected,False,"Pierce, Wagner and Page",210000,120000
3481504394917184332,15,L6,Senior Sales Manager,Male,30,1996-12-13,USA,USA,,Sales,,,,2024-09-06,2024-09-07,2024-02-23,,PhD,CS,HRMarket,2024-09-07,rejected,Closed,rejected,Subhajit,Failed Interview ,rejected,False,Pena-Calhoun,150000,170000
3481504394917184333,3,L2,Sales Executive,Non-Binary,28,1999-10-23,Mexico,Mexico,,Sales,,,,2024-01-30,2024-01-31,2023-12-02,2023-12-29,BE,CS,Referral,2024-01-31,rejected,Closed,rejected,Rajini,Failed Interview ,rejected,False,Stafford Group,150000,160000
3481504394917184334,1,L1,ML Director,Female,25,2003-02-13,India,India,,Machine Learning,,,,,2024-10-24,2024-10-23,,Mtech,EE,Monster,,active,Closed,Pending,Mak,Failed Interview ,Technical,True,"Zuniga, Trujillo and Johnson",200000,140000
3481504394917184335,0,L1,Customer Service Associate,Male,25,1999-05-15,USA,USA,,Customer Service,,,,2024-06-16,2024-06-17,2023-12-14,2024-01-04,Btech,CS,HRMarket,2024-06-17,rejected,Closed,rejected,Deepan,Lack of Experience,rejected,False,"Greene, Drake and Cobb",170000,120000
3481504394917184336,12,L6,Customer Success Manager,Male,28,1992-05-11,China,China,,Customer Service,,,,,2024-10-01,2024-03-03,,PhD,CS,Others,,active,Open,Pending,Naveen Yarra,Failed Interview ,Review,True,Reyes-Clark,130000,150000
3481504394917184337,12,L6,Principal Data Scientist,Male,29,1999-01-25,USA,USA,,Machine Learning,,,,2024-08-13,2024-08-14,2024-02-08,,BE,IS,LinkedIn,2024-08-18,rejected,Open,rejected,Rajini,Lack of Experience,rejected,False,Davenport Ltd,140000,140000
3481504394917184338,5,L4,Sales Executive,Male,26,2003-01-14,Canada,Canada,,Sales,,,,,2024-10-13,2023-12-02,2023-12-29,HighSchool,CS,HRMarket,,active,Closed,Pending,Mak,Lack of Experience,Review,True,Watson LLC,120000,180000
3481504394917184339,5,L4,General Manager,Male,29,2001-05-23,USA,USA,,Management,,,,,2024-10-29,2024-01-06,2024-02-07,BE,CS,HRMarket,,active,Closed,Pending,Deepan,Not Qualified,Manager,True,Sanchez-Phillips,180000,170000
3481504394917184340,7,L6,Brand Manager,Female,21,1992-03-22,USA,USA,,Marketing,,,,,2024-10-16,2024-05-01,,PhD,IS,Others,,active,Closed,Pending,Naveen Yarra,Location/Relocation,HR,True,"Greene, Drake and Cobb",160000,130000
3481504394917184341,0,L1,Chief Sales Officer,Non-Binary,26,1996-08-01,USA,USA,,Sales,,,,,2024-10-21,2024-04-11,,Mtech,IS,HRMarket,,active,Closed,Pending,Rajini,Failed Interview ,Technical,True,Chan-Gray,120000,110000
3481504394917184342,0,L1,Junior Backend Developer,Male,32,2003-07-14,Canada,Canada,,Platform,,,,2024-08-15,2024-08-16,2023-12-07,,Mtech,AI,LinkedIn,2024-08-21,rejected,Open,rejected,Rajini,Location/Relocation,rejected,False,"Kane, West and Lawrence",140000,100000
3481504394917184343,15,L6,Network Engineer,Male,33,1996-10-25,USA,USA,,IT,,,,,2024-10-22,2023-12-30,2024-01-14,PhD,AI,HRMarket,,active,Closed,Pending,Rajini,Location/Relocation,Manager,True,Williams LLC,120000,120000
3481504394917184344,3,L2,Senior Backend Developer,Male,29,2003-06-13,USA,USA,,Platform,,,,2024-08-17,2024-08-18,2024-01-05,,Mtech,CS,Referral,2024-08-23,rejected,Open,rejected,Subhajit,Not Qualified,rejected,False,Velez-Hays,140000,130000
3481504394917184345,3,L2,Project Manager,Non-Binary,31,1995-10-02,USA,USA,,Management,,,,2024-08-22,2024-08-23,2024-07-25,,Mtech,AI,Referral,2024-08-28,rejected,Open,rejected,Subhajit,Lack of Experience,rejected,False,Davis-Dunn,150000,120000
3481504394917184346,0,L1,Finance Manager,Male,29,2001-08-07,USA,USA,,Finance & Admin,,,,,2024-10-14,2024-01-30,,BE,AI,Monster,,active,Open,Pending,Subhajit,Lack of Experience,Screening,True,"Lang, Torres and Moss",180000,120000
3481504394917184347,15,L6,Engagement Manager,Male,31,1996-03-03,USA,USA,,Customer Service,,,,,2024-10-05,2024-04-15,,other,CS,HRMarket,,active,Closed,Pending,Mak,Not Qualified,Screening,True,"Simmons, Hickman and Martinez",110000,170000
3481504394917184348,2,L2,Operations Manager,Non-Binary,23,1992-02-09,USA,USA,,Management,,,,,2024-10-11,2024-03-10,,BE,EC,HRMarket,,active,Closed,Pending,Deepan,Lack of Experience,Review,True,Bender-Thomas,150000,170000
3481504394917184349,5,L4,HR Business Partner,Male,25,1999-11-09,USA,USA,,Human Resources,,,,2024-08-22,2024-08-23,2024-02-09,,BE,EE,HRMarket,2024-08-25,rejected,Open,rejected,Deepan,Failed Interview ,rejected,False,Miller-Bennett,170000,160000
3481504394917184350,7,L6,Senior Frontend Developer,Female,26,1993-02-04,Mexico,Mexico,,UI/UX,,,,,2024-10-10,2023-11-23,2023-12-23,BE,AI,HRMarket,,active,Closed,Pending,Mak,Failed Interview ,Manager,True,Terrell Inc,200000,120000
3481504394917184351,5,L4,System Architect,Male,31,1994-10-26,Canada,Canada,,Platform,,,,,2024-10-22,2024-02-02,,Mtech,CS,HRMarket,,active,Open,Negotiation,Deepan,Location/Relocation,Review,True,Cameron PLC,120000,150000
3481504394917184352,4,L3,Operations Manager,Male,21,2003-05-26,Canada,Canada,,Management,,,,2024-09-08,2024-09-09,2024-03-10,,Mtech,IS,HRMarket,2024-09-12,rejected,Closed,rejected,John,Failed Interview ,rejected,False,Wilson LLC,200000,100000
3481504394917184353,7,L6,General Manager,Female,32,1999-02-18,USA,USA,,Management,,,,,2024-10-15,2024-01-06,2024-02-07,BE,IS,LinkedIn,,active,Closed,Negotiation,Deepan,Lack of Experience,Review,True,"Simmons, Hickman and Martinez",110000,190000
3481504394917184354,15,L6,Frontend Developer,Female,26,1992-03-03,China,China,,UI/UX,,,,,2024-10-19,2023-12-02,2023-12-26,PhD,EC,LinkedIn,,active,Closed,Pending,Subhajit,Location/Relocation,Technical,True,"Cox, Thomas and Pineda",190000,110000
3481504394917184355,4,L3,HR Manager,Male,31,1997-11-30,Mexico,Mexico,,Human Resources,,,,,2024-10-06,2024-03-24,,Btech,AI,LinkedIn,,active,Closed,Pending,Subhajit,Lack of Experience,HR,True,Key-Huffman,190000,140000
3481504394917184356,0,L1,Engagement Manager,Male,29,1994-02-11,USA,USA,,Customer Service,,,,2024-05-08,2024-05-09,2024-04-15,,PhD,AI,HRMarket,2024-05-13,rejected,Closed,rejected,Rajini,Location/Relocation,rejected,False,Cameron PLC,180000,150000
3481504394917184357,0,L1,UX Designer,Male,31,1999-12-25,Canada,Canada,,UI/UX,,,,,2024-10-19,2023-12-19,,Btech,IS,LinkedIn,,active,Open,Pending,Rajini,Location/Relocation,Manager,True,Clark LLC,160000,180000
3481504394917184358,7,L6,Account Manager,Male,21,1997-12-25,India,India,,Finance & Admin,,,,,2024-10-08,2024-06-25,,BE,EC,LinkedIn,,active,Closed,Pending,Deepan,Lack of Experience,Review,True,Mitchell Group,200000,160000
3481504394917184359,15,L6,Data Analyst,Female,26,1996-06-15,India,India,,Machine Learning,,,,,2024-10-14,2023-12-03,,HighSchool,CS,Referral,,active,Open,Pending,Deepan,Lack of Experience,HR,True,Mitchell Group,210000,140000
3481504394917184360,3,L2,Site Reliability Engineer,Male,21,2002-08-06,Mexico,Mexico,,IT,,,,2024-03-15,2024-03-16,2024-01-31,,BE,CS,LinkedIn,2024-03-16,rejected,Closed,rejected,Deepan,Not Qualified,rejected,False,Davenport Ltd,180000,100000
3481504394917184361,5,L4,Project Manager,Male,27,1992-10-30,Canada,Canada,,Management,,,,2024-08-27,2024-08-28,2024-07-25,,Btech,EE,Monster,2024-08-28,rejected,Open,rejected,Rajini,Failed Interview ,rejected,False,Ellis-Meadows,130000,140000
3481504394917184362,2,L2,Recruiter,Male,24,1997-08-01,Canada,Canada,,Human Resources,,,,,2024-10-07,2024-01-09,,PhD,CS,HRMarket,,active,Open,Pending,Rajini,Failed Interview ,Screening,True,Berg PLC,180000,100000
3481504394917184363,0,L1,Management Trainee,Male,22,1999-07-09,Canada,Canada,,Management,,,,,2024-10-18,2023-12-29,,BE,EE,Others,,active,Open,Pending,John,Not Qualified,Screening,True,"Santos, Charles and Blair",180000,140000
3481504394917184364,15,L6,Data Analyst,Male,22,2000-01-06,China,China,,Machine Learning,,,,2024-09-26,2024-09-27,2023-12-03,,BE,IS,Referral,2024-09-30,rejected,Open,rejected,John,Lack of Experience,rejected,False,"Lang, Torres and Moss",180000,180000
3481504394917184365,2,L2,Junior Backend Developer,Female,25,1993-10-16,Canada,Canada,,Platform,,,,2024-10-12,2024-10-13,2023-12-07,,BE,CS,Referral,2024-10-17,rejected,Open,rejected,Subhajit,Lack of Experience,rejected,False,"Simmons, Cross and Lowe",160000,130000
3481504394917184366,7,L6,Senior Marketing Manager,Female,28,1997-03-08,China,China,,Marketing,,,,2024-04-14,2024-04-15,2024-01-20,,Mtech,IS,HRMarket,2024-04-15,rejected,Open,rejected,Mak,Location/Relocation,rejected,False,Berg PLC,180000,120000
3481504394917184367,1,L1,Regional Sales Manager,Male,21,1998-11-22,USA,USA,,Sales,,,,2024-10-20,2024-10-21,2023-12-17,2024-01-11,Mtech,IS,LinkedIn,2024-10-22,rejected,Closed,rejected,Naveen Yarra,Location/Relocation,rejected,False,"Schneider, Gardner and Burns",150000,170000
3481504394917184368,0,L1,Marketing Manager,Male,23,2000-12-25,USA,USA,,Marketing,,,,,2024-10-08,2024-08-21,,BE,EE,LinkedIn,,active,Closed,Pending,Rajini,Not Qualified,Screening,True,"Pierce, Wagner and Page",180000,160000
3481504394917184369,2,L2,Project Manager,Male,28,1995-09-29,China,China,,Management,,,,,2024-10-16,2024-07-25,,Btech,IS,Referral,,active,Open,Pending,Mak,Location/Relocation,Technical,True,"Sanchez, Roach and Brooks",160000,100000
3481504394917184370,5,L4,Chief Financial Officer,Male,28,1991-01-10,Mexico,Mexico,,Finance & Admin,,,,2024-02-16,2024-02-17,2024-02-16,,Btech,AI,HRMarket,2024-02-18,rejected,Closed,rejected,Deepan,Location/Relocation,rejected,False,"Murray, Baker and Wright",110000,130000
3481504394917184371,7,L6,Team Lead,Male,22,1992-07-11,India,India,,Customer Service,,,,2024-02-12,2024-02-13,2024-02-12,,PhD,AI,LinkedIn,2024-02-13,rejected,Open,rejected,Naveen Yarra,Failed Interview ,rejected,False,Vincent-Manning,120000,130000
3481504394917184372,0,L1,General Manager,Male,34,1998-10-07,Mexico,Mexico,,Management,,,,2024-01-06,2024-01-07,2024-01-06,2024-02-07,BE,EC,HRMarket,2024-01-10,rejected,Closed,rejected,John,Not Qualified,rejected,False,"Wood, Scott and Thomas",130000,160000
3481504394917184373,15,L6,Operations Manager,Male,26,1995-02-19,Mexico,Mexico,,Management,,,,2024-09-10,2024-09-11,2024-03-10,,BE,CS,Referral,2024-09-14,rejected,Closed,rejected,Rajini,Not Qualified,rejected,False,"Zuniga, Trujillo and Johnson",150000,110000
3481504394917184374,7,L6,Chief Sales Officer,Male,25,1994-12-21,India,India,,Sales,,,,,2024-10-13,2024-04-11,,PhD,IS,LinkedIn,,active,Closed,Negotiation,Deepan,Failed Interview ,Review,True,Velez-Hays,140000,150000
3481504394917184375,10,L6,Tax Consultant,Non-Binary,27,1998-08-12,Canada,Canada,,Finance & Admin,,,,,2024-10-09,2024-03-30,2024-04-23,Mtech,EC,Monster,,active,Closed,Pending,Mak,Failed Interview ,Technical,True,"Cox, Thomas and Pineda",140000,190000
3481504394917184376,4,L3,Data Scientist,Female,25,1998-08-05,India,India,,Machine Learning,,,,,2024-10-17,2023-12-07,2024-01-05,Mtech,AI,Others,,active,Closed,Pending,Rajini,Location/Relocation,Review,True,"Fernandez, Harrison and Beard",130000,140000
3481504394917184377,1,L1,Team Lead,Female,30,1994-03-05,Mexico,Mexico,,Customer Service,,,,2024-07-25,2024-07-26,2024-02-12,,BE,IS,LinkedIn,2024-07-29,rejected,Open,rejected,Rajini,Failed Interview ,rejected,False,Pena-Calhoun,170000,170000
3481504394917184378,3,L2,Principal Data Scientist,Male,27,2000-08-20,Canada,Canada,,Machine Learning,,,,,2024-10-05,2024-02-08,,Btech,CS,LinkedIn,,active,Open,Pending,Subhajit,Lack of Experience,Technical,True,Reyes Ltd,110000,160000
3481504394917184379,12,L6,Platform Engineer,Male,34,2000-05-15,USA,USA,,Platform,,,,2024-04-08,2024-04-09,2023-12-20,2024-01-10,BE,EC,HRMarket,2024-04-10,rejected,Closed,rejected,Rajini,Lack of Experience,rejected,False,Hansen-Thompson,130000,170000
3481504394917184380,12,L6,Principal Data Scientist,Female,21,1993-05-01,India,India,,Machine Learning,,,,,2024-10-06,2024-02-08,,Mtech,EC,LinkedIn,,active,Open,Pending,Deepan,Lack of Experience,Technical,True,Hansen-Thompson,110000,100000
3481504394917184381,7,L6,Finance Manager,Male,34,1995-07-12,USA,USA,,Finance & Admin,,,,,2024-10-10,2024-01-30,,PhD,EC,Others,,active,Open,Pending,Rajini,Location/Relocation,Screening,True,Miller-Hill,120000,110000
3481504394917184382,10,L6,Marketing Associate,Female,21,1997-07-29,USA,USA,,Marketing,,,,,2024-10-02,2023-12-27,,Btech,IS,Others,,active,Open,Pending,Rajini,Location/Relocation,Review,True,Bailey Inc,110000,110000
3481504394917184383,0,L1,Head of Design,Male,27,2003-08-18,USA,USA,,UI/UX,,,,,2024-10-19,2024-06-25,,PhD,EC,LinkedIn,,active,Open,Pending,Rajini,Failed Interview ,Manager,True,Mathews-Yang,120000,190000
3481504394917184384,10,L6,Senior Data Scientist,Non-Binary,25,2003-09-12,China,China,,Machine Learning,,,,2024-03-11,2024-03-12,2024-02-05,,Btech,CS,HRMarket,2024-03-13,rejected,Open,rejected,Subhajit,Location/Relocation,rejected,False,"Vasquez, Stein and Wheeler",210000,150000
3481504394917184385,1,L1,IT Support,Male,28,2003-04-21,India,India,,IT,,,,,2024-10-21,2023-12-20,2024-01-10,BE,CS,LinkedIn,,active,Closed,Pending,Mak,Lack of Experience,HR,True,Taylor-Montgomery,190000,130000
3481504394917184386,15,L6,Frontend Developer,Female,30,2000-01-09,Canada,Canada,,UI/UX,,,,2024-01-08,2024-01-09,2023-12-02,2023-12-26,PhD,AI,HRMarket,2024-01-14,rejected,Closed,rejected,Deepan,Not Qualified,rejected,False,"Kane, West and Lawrence",190000,110000
3481504394917184387,12,L6,Management Trainee,Male,30,2002-08-02,Canada,Canada,,Management,,,,2024-01-10,2024-01-11,2023-12-29,,HighSchool,EE,Referral,2024-01-15,rejected,Open,rejected,Deepan,Lack of Experience,rejected,False,Davis-Dunn,200000,140000
3481504394917184388,12,L6,General Manager,Male,22,2003-08-10,Canada,Canada,,Management,,,,,2024-10-18,2024-01-06,2024-02-07,other,CS,Referral,,active,Closed,Pending,Subhajit,Location/Relocation,Manager,True,"Simmons, Cross and Lowe",180000,150000
3481504394917184389,2,L2,Finance Manager,Female,31,1996-12-26,USA,USA,,Finance & Admin,,,,2024-02-21,2024-02-22,2024-01-30,,other,CS,LinkedIn,2024-02-25,rejected,Open,rejected,John,Lack of Experience,rejected,False,Hughes Group,150000,190000
3481504394917184390,0,L1,Backend Developer,Male,34,2001-06-25,Canada,Canada,,Platform,,,,2024-05-26,2024-05-27,2023-12-12,2024-01-06,PhD,EE,HRMarket,2024-05-30,rejected,Closed,rejected,John,Failed Interview ,rejected,False,"Baker, Randolph and Murray",200000,190000
3481504394917184391,2,L2,General Manager,Female,28,2003-03-06,USA,USA,,Management,,,,2024-02-13,2024-02-14,2024-01-06,2024-02-07,Mtech,IS,LinkedIn,2024-02-16,rejected,Closed,rejected,Rajini,Failed Interview ,rejected,False,"Brown, Wilson and Bennett",170000,100000
3481504394917184392,2,L2,HR Director,Female,22,1996-02-13,China,China,,Human Resources,,,,,2024-10-01,2024-05-20,,Mtech,CS,Monster,,active,Closed,Pending,Naveen Yarra,Location/Relocation,Review,True,Knox PLC,150000,160000
3481504394917184393,4,L3,System Architect,Non-Binary,30,1998-11-24,USA,USA,,Platform,,,,2024-03-20,2024-03-21,2024-02-02,,Btech,EC,LinkedIn,2024-03-26,rejected,Open,rejected,Rajini,Failed Interview ,rejected,False,Terrell Inc,140000,180000
3481504394917184394,12,L6,HR Manager,Non-Binary,28,1996-03-22,USA,USA,,Human Resources,,,,2024-10-21,2024-10-22,2024-03-24,,Mtech,IS,Monster,2024-10-23,rejected,Closed,rejected,Rajini,Not Qualified,rejected,False,Jones-Wilson,180000,120000
3481504394917184395,12,L6,HR Business Partner,Male,27,1992-10-29,USA,USA,,Human Resources,,,,2024-08-22,2024-08-23,2024-02-09,,BE,CS,HRMarket,2024-08-23,rejected,Open,rejected,Rajini,Location/Relocation,rejected,False,Harding-Hudson,210000,130000
3481504394917184396,1,L1,Accounts Associate,Male,33,2003-10-31,India,India,,Finance & Admin,,,,,2024-10-10,2023-12-12,2024-01-06,HighSchool,EC,HRMarket,,active,Closed,Pending,Mak,Lack of Experience,Screening,True,Jones PLC,210000,160000
3481504394917184397,12,L6,Team Lead,Male,22,1996-07-28,USA,USA,,Customer Service,,,,2024-08-05,2024-08-06,2024-02-12,,HighSchool,EC,HRMarket,2024-08-06,rejected,Open,rejected,Subhajit,Lack of Experience,rejected,False,Hall Inc,130000,190000
3481504394917184398,0,L1,Senior UX Designer,Male,27,1995-02-27,India,India,,UI/UX,,,,,2024-10-20,2024-02-09,,Btech,EC,HRMarket,,active,Closed,Pending,Rajini,Failed Interview ,Screening,True,"Greene, Drake and Cobb",150000,150000
3481504394917184399,7,L6,General Manager,Female,33,1995-11-16,Mexico,Mexico,,Management,,,,,2024-10-26,2024-01-06,2024-02-07,other,AI,Monster,,active,Closed,Negotiation,Rajini,Not Qualified,Review,True,Hoffman Inc,210000,180000
3481504394917184400,1,L1,Sales Manager,Female,22,1991-05-22,USA,USA,,Sales,,,,2024-04-25,2024-04-26,2023-12-25,2024-01-09,Btech,IS,LinkedIn,2024-05-01,rejected,Closed,rejected,Rajini,Lack of Experience,rejected,False,Davis-Dunn,210000,140000
3481504394917184401,3,L2,Sales Manager,Female,23,2002-12-06,India,India,,Sales,,,,,2024-10-02,2023-12-25,2024-01-09,BE,CS,Monster,,active,Closed,Pending,Subhajit,Location/Relocation,Screening,True,Miller-Hill,120000,190000
3481504394917184402,3,L2,UI/UX Manager,Male,26,1992-12-17,China,China,,UI/UX,,,,,2024-10-19,2024-03-03,,Mtech,AI,HRMarket,,active,Open,Pending,Mak,Failed Interview ,HR,True,"Parker, Allen and Stone",180000,130000
3481504394917184403,5,L4,Assistant Manager,Non-Binary,27,1995-01-30,Mexico,Mexico,,Management,,,,2024-02-17,2024-02-18,2024-01-10,,PhD,AI,HRMarket,2024-02-20,rejected,Closed,rejected,Mak,Failed Interview ,rejected,False,Miller-Hill,160000,150000
3481504394917184404,15,L6,Recruiter,Male,33,1993-03-09,Canada,Canada,,Human Resources,,,,,2024-10-05,2024-01-09,,PhD,AI,LinkedIn,,active,Open,Pending,Deepan,Not Qualified,Review,True,"Salinas, Payne and Fuller",120000,160000
3481504394917184405,7,L6,Senior Frontend Developer,Male,23,2001-05-14,USA,USA,,UI/UX,,,,2024-05-23,2024-05-24,2023-11-23,2023-12-23,PhD,CS,Monster,2024-05-24,rejected,Closed,rejected,Rajini,Failed Interview ,rejected,False,Ellis-Meadows,190000,140000
3481504394917184406,3,L2,Frontend Developer,Male,30,1999-02-20,USA,USA,,UI/UX,,,,,2024-10-01,2023-12-02,2023-12-26,Mtech,CS,Monster,,active,Closed,Pending,Rajini,Location/Relocation,Review,True,"Alexander, Levy and Chambers",200000,180000
3481504394917184407,2,L2,Senior Data Scientist,Female,34,2000-05-18,Canada,Canada,,Machine Learning,,,,,2024-10-11,2024-02-05,,Btech,AI,HRMarket,,active,Open,Pending,Deepan,Failed Interview ,Review,True,"Martin, Jones and Whitehead",170000,120000
3481504394917184408,1,L1,General Manager,Female,21,1991-03-28,China,China,,Management,,,,,2024-10-24,2024-01-06,2024-02-07,PhD,IS,Referral,,active,Closed,Pending,Rajini,Failed Interview ,Review,True,Carney-Newman,190000,180000
3481504394917184409,4,L3,Head of Design,Female,33,1996-07-24,Canada,Canada,,UI/UX,,,,,2024-10-15,2024-06-25,,HighSchool,AI,HRMarket,,active,Open,Negotiation,John,Lack of Experience,Review,True,Berg PLC,120000,140000
3481504394917184410,0,L1,Finance Manager,Female,23,1996-01-01,China,China,,Finance & Admin,,,,2024-06-11,2024-06-12,2024-01-30,,BE,CS,LinkedIn,2024-06-14,rejected,Open,rejected,Rajini,Failed Interview ,rejected,False,Murphy-Scott,120000,170000
3481504394917184411,15,L6,Junior UX Designer,Male,30,2003-10-10,Mexico,Mexico,,UI/UX,,,,,2024-10-08,2023-12-11,,PhD,IS,HRMarket,,active,Open,Pending,Naveen Yarra,Failed Interview ,Screening,True,Black-Washington,210000,140000
3481504394917184412,12,L6,Sales Representative,Female,22,2003-02-22,USA,USA,,Sales,,,,,2024-10-16,2023-12-20,2024-01-03,BE,EC,LinkedIn,,active,Closed,Negotiation,Subhajit,Failed Interview ,Review,True,"Moore, Harris and Garner",170000,190000
3481504394917184413,15,L6,Team Lead,Female,32,2000-06-25,USA,USA,,Customer Service,,,,,2024-10-16,2024-02-12,,Btech,EC,HRMarket,,active,Open,Pending,Deepan,Lack of Experience,Technical,True,"Greene, Drake and Cobb",170000,150000
3481504394917184414,12,L6,Tax Consultant,Male,21,2003-05-14,China,China,,Finance & Admin,,,,,2024-10-28,2024-03-30,2024-04-23,BE,CS,HRMarket,,active,Closed,Pending,Deepan,Not Qualified,Review,True,Shaw Inc,160000,100000
3481504394917184415,1,L1,Regional Sales Manager,Female,26,1996-05-24,India,India,,Sales,,,,,2024-10-28,2023-12-17,2024-01-11,PhD,AI,Referral,,active,Closed,Negotiation,Deepan,Failed Interview ,Review,True,Small Group,170000,190000
3481504394917184416,7,L6,Project Manager,Male,30,2002-08-12,USA,USA,,Management,,,,2024-07-25,2024-07-26,2024-07-25,,Mtech,AI,HRMarket,2024-07-28,rejected,Open,rejected,Naveen Yarra,Lack of Experience,rejected,False,Thomas-Stephens,120000,140000
3481504394917184417,15,L6,Platform Engineer,Female,21,1996-07-17,USA,USA,,Platform,,,,,2024-10-27,2023-12-20,2024-01-10,BE,AI,LinkedIn,,active,Closed,Pending,John,Failed Interview ,HR,True,"Munoz, Novak and Watson",130000,160000
3481504394917184418,3,L2,IT Director,Female,22,1991-07-26,USA,USA,,IT,,,,,2024-10-09,2024-03-26,,BE,EC,HRMarket,,active,Open,Negotiation,Rajini,Lack of Experience,Review,True,Thomas-Stephens,140000,180000
3481504394917184419,12,L6,Senior Marketing Manager,Female,22,1999-05-07,USA,USA,,Marketing,,,,2024-06-12,2024-06-13,2024-01-20,,HighSchool,IS,HRMarket,2024-06-14,rejected,Open,rejected,Rajini,Not Qualified,rejected,False,Hill-Whitney,190000,100000
3481504394917184420,7,L6,General Manager,Female,31,2000-05-08,Canada,Canada,,Management,,,,,2024-10-28,2024-01-06,2024-02-07,Mtech,IS,Monster,,active,Closed,Negotiation,Mak,Lack of Experience,Review,True,Jordan-Gray,160000,120000
3481504394917184421,5,L4,Customer Service Associate,Male,26,1994-08-13,USA,USA,,Customer Service,,,,,2024-10-10,2023-12-14,2024-01-04,Btech,AI,LinkedIn,,active,Closed,Pending,John,Not Qualified,Screening,True,Hansen-Thompson,180000,150000
3481504394917184422,10,L6,Sales Associate,Male,31,1996-02-11,USA,USA,,Sales,,,,,2024-10-25,2023-12-08,2023-12-30,other,CS,LinkedIn,,active,Closed,Pending,Mak,Not Qualified,Review,True,"Murray, Baker and Wright",120000,170000
3481504394917184423,0,L1,HR Manager,Male,31,1991-10-30,Canada,Canada,,Human Resources,,,,,2024-10-14,2024-03-24,,BE,AI,HRMarket,,active,Closed,Pending,Mak,Location/Relocation,HR,True,Payne PLC,130000,130000
3481504394917184424,15,L6,Marketing Analyst,Male,26,1993-11-24,Canada,Canada,,Marketing,,,,2024-10-06,2024-10-07,2023-12-28,,Btech,AI,Monster,2024-10-11,rejected,Open,rejected,Subhajit,Location/Relocation,rejected,False,"Baker, Randolph and Murray",150000,140000
3481504394917184425,7,L6,UX Designer,Male,32,1997-12-23,Canada,Canada,,UI/UX,,,,2024-10-20,2024-10-21,2023-12-19,,PhD,AI,LinkedIn,2024-10-25,rejected,Open,rejected,Deepan,Location/Relocation,rejected,False,Brown-Martin,140000,120000
3481504394917184426,0,L1,Chief Marketing Officer,Female,21,1998-05-03,India,India,,Marketing,,,,,2024-10-28,2023-12-15,2024-01-11,HighSchool,AI,Monster,,active,Closed,Pending,Deepan,Failed Interview ,Review,True,Lopez-Hudson,140000,130000
3481504394917184427,5,L4,Sales Associate,Female,26,1999-05-31,India,India,,Sales,,,,2024-07-15,2024-07-16,2023-12-08,2023-12-30,other,CS,HRMarket,2024-07-20,rejected,Closed,rejected,John,Lack of Experience,rejected,False,Bender-Thomas,140000,110000
3481504394917184428,4,L3,Sales Manager,Female,27,1996-07-31,China,China,,Sales,,,,2024-04-21,2024-04-22,2023-12-25,2024-01-09,BE,CS,HRMarket,2024-04-25,rejected,Closed,rejected,Rajini,Not Qualified,rejected,False,"Mcfarland, Valdez and Nelson",200000,110000
3481504394917184429,2,L2,Account Manager,Male,34,2002-12-12,Canada,Canada,,Finance & Admin,,,,,2024-10-30,2024-06-25,,BE,IS,Referral,,active,Closed,Pending,Rajini,Not Qualified,Screening,True,"Santos, Charles and Blair",190000,180000
3481504394917184430,0,L1,Senior Backend Developer,Female,23,1994-07-05,Mexico,Mexico,,Platform,,,,2024-02-22,2024-02-23,2024-01-05,,HighSchool,IS,LinkedIn,2024-02-27,rejected,Open,rejected,Rajini,Not Qualified,rejected,False,"Rogers, Phelps and Gardner",120000,120000
3481504394917184431,0,L1,Junior Backend Developer,Non-Binary,29,1991-12-09,USA,USA,,Platform,,,,,2024-10-13,2023-12-07,,Btech,EC,Referral,,active,Open,Pending,Subhajit,Location/Relocation,Review,True,Watson LLC,110000,100000
3481504394917184432,4,L3,Senior Sales Manager,Male,33,1997-10-26,Mexico,Mexico,,Sales,,,,2024-03-29,2024-03-30,2024-02-23,,Btech,EC,Referral,2024-04-02,rejected,Closed,rejected,Subhajit,Location/Relocation,rejected,False,Ellis-Meadows,110000,170000
3481504394917184433,1,L1,Platform Engineer,Non-Binary,24,2000-11-26,USA,USA,,Platform,,,,2024-04-26,2024-04-27,2023-12-20,2024-01-10,Btech,EC,Monster,2024-04-30,rejected,Closed,rejected,John,Not Qualified,rejected,False,"Orozco, Anderson and Lewis",160000,150000
3481504394917184434,12,L6,Marketing Manager,Male,33,1995-05-12,Canada,Canada,,Marketing,,,,,2024-10-29,2024-08-21,,Btech,CS,Others,,active,Closed,Negotiation,Deepan,Failed Interview ,Review,True,"Rogers, Harrison and Norris",160000,100000
3481504394917184435,3,L2,Principal Data Scientist,Male,25,2002-04-06,Mexico,Mexico,,Machine Learning,,,,,2024-10-22,2024-02-08,,BE,CS,Monster,,active,Open,Pending,Rajini,Location/Relocation,Review,True,Bender-Thomas,170000,140000
3481504394917184436,15,L6,Junior Backend Developer,Male,23,1993-12-08,USA,USA,,Platform,,,,,2024-10-15,2023-12-07,,BE,CS,HRMarket,,active,Open,Pending,Subhajit,Not Qualified,Technical,True,Ellis-Meadows,130000,100000
3481504394917184437,1,L1,Operations Manager,Female,31,1999-11-12,Canada,Canada,,Management,,,,,2024-10-21,2024-03-10,,BE,IS,Referral,,active,Closed,Pending,Naveen Yarra,Failed Interview ,Screening,True,"Brown, Wilson and Bennett",170000,150000
3481504394917184438,1,L1,Platform Director,Female,21,2001-05-22,China,China,,Platform,,,,2024-04-27,2024-04-28,2024-03-10,,BE,CS,LinkedIn,2024-05-03,rejected,Closed,rejected,Deepan,Not Qualified,rejected,False,Davis-Dunn,120000,170000
3481504394917184439,15,L6,HR Generalist,Male,30,1993-03-18,USA,USA,,Human Resources,,,,,2024-10-11,2024-02-13,,BE,AI,HRMarket,,active,Open,Pending,John,Lack of Experience,Screening,True,Elliott Ltd,160000,170000
3481504394917184440,3,L2,HR Business Partner,Male,28,1996-07-19,Canada,Canada,,Human Resources,,,,,2024-10-11,2024-02-09,,HighSchool,CS,LinkedIn,,active,Open,Pending,Deepan,Lack of Experience,Review,True,"Riggs, Larson and Herrera",160000,130000
3481504394917184441,4,L3,Senior IT Manager,Female,23,2000-04-08,USA,USA,,IT,,,,,2024-10-07,2024-03-20,,PhD,IS,LinkedIn,,active,Closed,Pending,Deepan,Lack of Experience,Technical,True,"Greene, Drake and Cobb",150000,100000
3481504394917184442,4,L3,Site Reliability Engineer,Non-Binary,30,1998-06-05,USA,USA,,IT,,,,,2024-10-13,2024-01-31,,Btech,AI,HRMarket,,active,Closed,Negotiation,Mak,Lack of Experience,Review,True,Knox PLC,200000,190000
3481504394917184443,0,L1,Marketing Manager,Male,33,1996-06-08,USA,USA,,Marketing,,,,,2024-10-01,2024-08-21,,Btech,CS,LinkedIn,,active,Closed,Negotiation,John,Failed Interview ,Review,True,"Cox, Thomas and Pineda",150000,170000
3481504394917184444,7,L6,Network Engineer,Male,23,1995-03-13,Mexico,Mexico,,IT,,,,,2024-10-12,2023-12-30,2024-01-14,Btech,IS,HRMarket,,active,Closed,Pending,Deepan,Failed Interview ,Manager,True,Watson LLC,200000,170000
3481504394917184445,5,L4,Chief Sales Officer,Female,22,2003-03-30,USA,USA,,Sales,,,,,2024-10-26,2024-04-11,,BE,CS,LinkedIn,,active,Closed,Pending,Mak,Lack of Experience,Manager,True,"Parker, Allen and Stone",150000,170000
3481504394917184446,10,L6,Chief Marketing Officer,Male,29,2001-10-02,Canada,Canada,,Marketing,,,,2024-08-23,2024-08-24,2023-12-15,2024-01-11,BE,EC,LinkedIn,2024-08-25,rejected,Closed,rejected,Subhajit,Location/Relocation,rejected,False,Vasquez-Boyd,140000,190000
3481504394917184447,7,L6,Backend Developer,Male,34,1992-05-18,India,India,,Platform,,,,2024-03-08,2024-03-09,2023-12-12,2024-01-06,BE,EC,Others,2024-03-13,rejected,Closed,rejected,Naveen Yarra,Failed Interview ,rejected,False,"Salinas, Payne and Fuller",140000,120000
3481504394917184448,15,L6,Engagement Manager,Male,23,2001-05-28,China,China,,Customer Service,,,,2024-08-27,2024-08-28,2024-04-15,,Btech,EC,HRMarket,2024-09-02,rejected,Closed,rejected,Naveen Yarra,Location/Relocation,rejected,False,Burke-Jones,160000,190000
3481504394917184449,1,L1,IT Manager,Male,23,1999-10-28,Mexico,Mexico,,IT,,,,,2024-10-25,2024-10-04,,Btech,CS,HRMarket,,active,Closed,Negotiation,Mak,Location/Relocation,Review,True,"Greene, Drake and Cobb",180000,120000
3481504394917184450,0,L1,Senior IT Manager,Female,22,2001-07-21,India,India,,IT,,,,2024-06-19,2024-06-20,2024-03-20,,HighSchool,IS,HRMarket,2024-06-23,rejected,Closed,rejected,Rajini,Lack of Experience,rejected,False,Elliott Ltd,150000,170000
3481504394917184451,4,L3,Chief Financial Officer,Female,24,2003-03-01,Canada,Canada,,Finance & Admin,,,,,2024-10-02,2024-02-16,,Btech,EE,Monster,,active,Closed,Negotiation,Naveen Yarra,Failed Interview ,Review,True,"Moore, Harris and Garner",110000,130000
3481504394917184452,2,L2,Marketing Analyst,Non-Binary,22,2001-07-28,USA,USA,,Marketing,,,,,2024-10-01,2023-12-28,,Btech,IS,LinkedIn,,active,Open,Pending,Rajini,Failed Interview ,Review,True,Mitchell Group,170000,160000
3481504394917184453,0,L1,MLOps Engineer,Female,34,2001-10-31,Canada,Canada,,Machine Learning,,,,,2024-10-26,2023-12-05,2023-12-30,Mtech,AI,LinkedIn,,active,Closed,Pending,Naveen Yarra,Not Qualified,Manager,True,Fox-Jefferson,160000,190000
3481504394917184454,10,L6,Platform Engineer,Male,30,1997-04-09,Canada,Canada,,Platform,,,,,2024-10-06,2023-12-20,2024-01-10,HighSchool,IS,Monster,,active,Closed,Pending,Rajini,Not Qualified,Review,True,"Murray, Baker and Wright",120000,170000
3481504394917184455,1,L1,Customer Success Manager,Female,21,1993-08-07,USA,USA,,Customer Service,,,,,2024-10-16,2024-03-03,,PhD,IS,HRMarket,,active,Open,Pending,Rajini,Location/Relocation,Manager,True,Knox PLC,180000,120000
3481504394917184456,4,L3,Marketing Manager,Male,31,1996-05-24,India,India,,Marketing,,,,,2024-10-20,2024-08-21,,Btech,AI,Others,,active,Closed,Pending,Deepan,Lack of Experience,Screening,True,Peters-Rodriguez,150000,130000
3481504394917184457,12,L6,Customer Service Associate,Male,34,2002-10-17,Mexico,Mexico,,Customer Service,,,,,2024-10-04,2023-12-14,2024-01-04,BE,AI,Others,,active,Closed,Pending,Rajini,Failed Interview ,Review,True,Vincent-Manning,150000,140000
3481504394917184458,4,L3,HR Generalist,Male,33,1995-05-27,USA,USA,,Human Resources,,,,,2024-10-18,2024-02-13,,BE,EE,LinkedIn,,active,Open,Negotiation,John,Not Qualified,Review,True,Camacho and Sons,170000,100000
3481504394917184459,0,L1,Data Scientist,Male,27,1997-06-20,China,China,,Machine Learning,,,,,2024-10-19,2023-12-07,2024-01-05,Btech,EE,HRMarket,,active,Closed,Negotiation,Mak,Lack of Experience,Review,True,Miller-Bennett,130000,110000
3481504394917184460,0,L1,Marketing Associate,Female,28,1992-01-17,India,India,,Marketing,,,,2024-03-28,2024-03-29,2023-12-27,,Mtech,EC,HRMarket,2024-04-03,rejected,Open,rejected,Rajini,Location/Relocation,rejected,False,"Rogers, Phelps and Gardner",160000,180000
3481504394917184461,15,L6,Sales Manager,Non-Binary,31,1993-05-02,India,India,,Sales,,,,,2024-10-14,2023-12-25,2024-01-09,BE,CS,HRMarket,,active,Closed,Pending,Rajini,Lack of Experience,Technical,True,"Ware, Davis and Fernandez",170000,120000
3481504394917184462,12,L6,HR Generalist,Non-Binary,26,1995-06-19,USA,USA,,Human Resources,,,,2024-05-17,2024-05-18,2024-02-13,,PhD,EC,HRMarket,2024-05-19,rejected,Open,rejected,Deepan,Lack of Experience,rejected,False,Jones Group,150000,120000
3481504394917184463,5,L4,IT Director,Female,32,2001-05-26,USA,USA,,IT,,,,2024-06-04,2024-06-05,2024-03-26,,Btech,EE,LinkedIn,2024-06-09,rejected,Open,rejected,Rajini,Lack of Experience,rejected,False,Small Group,200000,150000
3481504394917184464,2,L2,IT Support,Female,23,2002-08-05,USA,USA,,IT,,,,,2024-10-19,2023-12-20,2024-01-10,Mtech,EE,HRMarket,,active,Closed,Pending,Deepan,Failed Interview ,Manager,True,Berg PLC,210000,140000
3481504394917184465,3,L2,ML Intern,Male,33,2001-07-11,Canada,Canada,,Machine Learning,,,,2024-06-19,2024-06-20,2023-12-16,2024-01-05,PhD,IS,HRMarket,2024-06-22,rejected,Closed,rejected,Rajini,Failed Interview ,rejected,False,Nelson PLC,120000,130000
3481504394917184466,5,L4,Marketing Manager,Male,32,1997-08-07,India,India,,Marketing,,,,,2024-10-13,2024-08-21,,BE,CS,HRMarket,,active,Closed,Pending,Deepan,Not Qualified,Technical,True,"Ware, Davis and Fernandez",180000,170000
3481504394917184467,2,L2,HR Assistant,Female,32,2002-09-06,Canada,Canada,,Human Resources,,,,,2024-10-18,2024-03-10,,Mtech,EE,Monster,,active,Open,Pending,Rajini,Not Qualified,Review,True,"Simmons, Cross and Lowe",150000,110000
3481504394917184468,10,L6,MLOps Engineer,Male,29,2003-01-08,India,India,,Machine Learning,,,,,2024-10-15,2023-12-05,2023-12-30,BE,AI,Others,,active,Closed,Pending,Subhajit,Lack of Experience,HR,True,Guzman Inc,170000,150000
3481504394917184469,1,L1,Platform Director,Non-Binary,32,1993-05-10,Canada,Canada,,Platform,,,,,2024-10-23,2024-03-10,,PhD,EE,HRMarket,,active,Closed,Negotiation,Naveen Yarra,Not Qualified,Review,True,Berg PLC,170000,170000
3481504394917184470,7,L6,Team Lead,Non-Binary,24,2002-12-19,China,China,,Customer Service,,,,2024-08-26,2024-08-27,2024-02-12,,Btech,AI,LinkedIn,2024-09-01,rejected,Open,rejected,Rajini,Lack of Experience,rejected,False,"Silva, Turner and Carpenter",150000,150000
3481504394917184471,2,L2,Recruiter,Male,25,2003-03-19,USA,USA,,Human Resources,,,,2024-09-11,2024-09-12,2024-01-09,,PhD,AI,Referral,2024-09-16,rejected,Open,rejected,Rajini,Lack of Experience,rejected,False,Thornton LLC,130000,130000
3481504394917184472,3,L2,Brand Manager,Male,29,1998-12-07,USA,USA,,Marketing,,,,,2024-10-23,2024-05-01,,PhD,IS,HRMarket,,active,Closed,Pending,John,Failed Interview ,Screening,True,Fox-Jefferson,160000,170000
3481504394917184473,5,L4,Tax Consultant,Male,21,2001-10-15,India,India,,Finance & Admin,,,,2024-08-07,2024-08-08,2024-03-30,2024-04-23,Btech,AI,HRMarket,2024-08-13,rejected,Closed,rejected,Naveen Yarra,Lack of Experience,rejected,False,Black-Washington,160000,140000
3481504394917184474,5,L4,Marketing Associate,Female,21,2001-12-13,India,India,,Marketing,,,,,2024-10-07,2023-12-27,,BE,IS,Monster,,active,Open,Pending,Rajini,Failed Interview ,Review,True,Simpson-Stein,120000,110000
3481504394917184475,0,L1,Recruiter,Non-Binary,34,1991-07-31,Canada,Canada,,Human Resources,,,,,2024-10-19,2024-01-09,,Btech,CS,LinkedIn,,active,Open,Pending,Deepan,Location/Relocation,Technical,True,"Pierce, Wagner and Page",210000,120000
3481504394917184476,4,L3,HR Manager,Male,29,1996-02-04,USA,USA,,Human Resources,,,,,2024-10-30,2024-03-24,,BE,CS,Referral,,active,Closed,Negotiation,Deepan,Lack of Experience,Review,True,"Moore, Harris and Garner",170000,110000
3481504394917184477,0,L1,Chief Marketing Officer,Female,23,1998-11-29,USA,USA,,Marketing,,,,2024-03-26,2024-03-27,2023-12-15,2024-01-11,BE,EC,HRMarket,2024-03-29,rejected,Closed,rejected,Deepan,Lack of Experience,rejected,False,"Parker, Allen and Stone",110000,110000
3481504394917184478,12,L6,Principal Data Scientist,Male,34,1994-11-28,USA,USA,,Machine Learning,,,,2024-10-15,2024-10-16,2024-02-08,,BE,IS,HRMarket,2024-10-20,rejected,Open,rejected,Rajini,Lack of Experience,rejected,False,Taylor LLC,170000,160000
3481504394917184479,5,L4,Senior Backend Developer,Male,32,1996-10-10,China,China,,Platform,,,,2024-08-29,2024-08-30,2024-01-05,,BE,CS,Monster,2024-08-30,rejected,Open,rejected,Rajini,Location/Relocation,rejected,False,"Greene, Drake and Cobb",170000,150000
3481504394917184480,7,L6,ML Intern,Female,28,2001-05-22,Canada,Canada,,Machine Learning,,,,2024-06-19,2024-06-20,2023-12-16,2024-01-05,Mtech,EC,LinkedIn,2024-06-24,rejected,Closed,rejected,Mak,Lack of Experience,rejected,False,Conway-Hernandez,140000,140000
3481504394917184481,2,L2,HR Director,Female,33,1998-11-28,USA,USA,,Human Resources,,,,,2024-10-08,2024-05-20,,PhD,CS,LinkedIn,,active,Closed,Negotiation,Deepan,Failed Interview ,Review,True,"Munoz, Novak and Watson",170000,150000
3481504394917184482,1,L1,Marketing Analyst,Male,22,1993-06-25,India,India,,Marketing,,,,2024-08-31,2024-09-01,2023-12-28,,BE,CS,Monster,2024-09-02,rejected,Open,rejected,Rajini,Location/Relocation,rejected,False,Knox PLC,170000,110000
3481504394917184483,7,L6,Principal Data Scientist,Male,31,1994-09-02,USA,USA,,Machine Learning,,,,2024-02-08,2024-02-09,2024-02-08,,Btech,CS,HRMarket,2024-02-11,rejected,Open,rejected,Rajini,Failed Interview ,rejected,False,"Garza, Wilson and Parker",130000,100000
3481504394917184484,7,L6,Junior Backend Developer,Female,25,2002-03-19,Canada,Canada,,Platform,,,,2024-04-01,2024-04-02,2023-12-07,,Btech,EC,Referral,2024-04-06,rejected,Open,rejected,Rajini,Lack of Experience,rejected,False,Key-Huffman,120000,170000
3481504394917184485,4,L3,Accounts Associate,Male,23,2000-11-06,China,China,,Finance & Admin,,,,,2024-10-12,2023-12-12,2024-01-06,Mtech,EC,Referral,,active,Closed,Pending,Subhajit,Lack of Experience,Technical,True,"Simmons, Hickman and Martinez",160000,170000
3481504394917184486,15,L6,IT Support,Female,34,1998-04-04,India,India,,IT,,,,2024-03-01,2024-03-02,2023-12-20,2024-01-10,Btech,CS,LinkedIn,2024-03-06,rejected,Closed,rejected,Subhajit,Lack of Experience,rejected,False,Ellis-Meadows,180000,160000
3481504394917184487,10,L6,HR Business Partner,Non-Binary,23,1995-03-09,USA,USA,,Human Resources,,,,,2024-10-22,2024-02-09,,Btech,EE,Monster,,active,Open,Pending,John,Lack of Experience,Manager,True,Sanchez-Phillips,150000,120000
3481504394917184488,15,L6,Chief Sales Officer,Male,29,2002-08-12,China,China,,Sales,,,,,2024-10-03,2024-04-11,,PhD,EE,Referral,,active,Closed,Pending,Rajini,Lack of Experience,Review,True,Brown-Martin,190000,160000
