payroll_employment_fte,payroll_employment_contract,payroll_employment_weeklyHours,id,address_siteState,work_site,work_startDate,work_tenureYears,work_isManager,work_yearsOfService,internal_status,active,fullName,displayName,work_department,eeo_ethnicity,employee_jobLevelId,personal_age,personal_birthDate,personal_nationality,home_legalGender,personal_pronouns,about_superpowers,about_hobbies,home_numberofkids,work_title,about_foodPreferences,internal_probationEndDate,internal_terminationReason,internal_terminationDate,internal_terminationType,humanReadable_payroll_timeSinceLastSalaryChange,timeOffRequest_type,timeOffBalance_totalTaken,peopleanalytics_teamsizeriskindicator,peopleanalytics_numwithsametitleriskindicator,peopleanalytics_yearswithrecentsalaryriskindicator,peopleanalytics_yearswithcurrenttitleriskindicator,peopleanalytics_kidsriskindicator,peopleanalytics_timeofffrequencyriskindicator,peopleanalytics_tenurerankriskindicator,peopleanalytics_ismanagerriskindicator,peopleanalytics_numofdirectreportsriskindicator,peopleanalytics_teamrecentturnoverriskindicator,peopleanalytics_ageriskindicator,peopleanalytics_recentmanagerchangeriskindicator,peopleanalytics_managertenureriskindicator,peopleanalytics_lowriskcounter,peopleanalytics_someriskcounter,peopleanalytics_atriskcounter,payroll_salary_monthlyPayment,payroll_salary_yearlyPayment,financial_bankName,payroll_salary_payFrequency,employeeNumber,Bonus_amount_value,variable_Bonus_amount,Commission_amount_value,executiveBonus_amount_value,lunchVouchers_amount_value,cycleToWork_amount_value,childcareVouchers_amount_value,deduction_seasonTicketLoans_amount,deduction_companyCar_amount,work_manager
1.0,Full-Time,30.51802645661017,3283846668914525184,West Bengal,Kolkata,2024-01-19,1,False,6,Active,True,Hanu real Indrakanti,Hanu real Indrakanti,Customer Service,White,L3,29,1995-10-16,USA,Male,He/Him,"football, blogging",,0.0,Technical Consultant,Any,2024-07-19,Unknown,,,1.0,Paid Leave,27.0,50.0,50.0,50.0,50.0,10.0,10.0,100.0,50.0,50.0,100.0,100.0,10.0,10.0,4.0,6.0,3.0,26000,312000,Standard Chartered,monthly,EMP3135,26000.0,31200.0,0.0,0.0,1200.0,0.0,0.0,1000.0,0.0,Jason Blood
1.0,Full-Time,43.15923811204947,3283846715890729984,Karnataka,Bengaluru,2013-11-01,11,True,12,Active,True,Niall Finley,Niall Finley,Platform,White,L5,35,1989-07-10,UK,Female,She/Her,"travelling, chess, sports entertainment","cycling,football,film",0.0,Senior Backend Developer,Any,2014-05-02,Unknown,,,0.0,Paid Leave,29.0,100.0,10.0,10.0,10.0,10.0,10.0,10.0,10.0,100.0,100.0,10.0,100.0,100.0,8.0,0.0,5.0,58000,696000,HSBC,monthly,EMP6670,58000.0,69600.0,27840.0,41760.0,1200.0,600.0,0.0,1000.0,0.0,Damian Wayne
1.0,Full-Time,36.83187573601147,3283846721947304960,Karnataka,Bengaluru,2014-02-02,11,True,13,Active,True,Ralph Laurence,Ralph Laurence,Finance & Admin,African American,L6,37,1987-08-08,USA,Female,She/Her,"sports entertainment, cooking, blogging","pilates,yoga,craft beer",0.0,Senior Finance Manager,Vegetarian,2014-08-03,Unknown,,,0.0,Sick Leave,49.0,10.0,10.0,10.0,10.0,10.0,100.0,10.0,10.0,10.0,100.0,10.0,50.0,50.0,9.0,2.0,2.0,62500,750000,HSBC,monthly,EMP3200,62500.0,75000.0,30000.0,45000.0,1200.0,0.0,0.0,1000.0,3000.0,Victor Fries
1.0,Full-Time,42.66480022090794,3283846724732322816,West Bengal,Kolkata,2014-03-12,11,True,13,Active,True,Sofia Hopkins,Sofia Hopkins,Sales,White,L5,35,1989-04-11,UK,Male,He/Him,"coffee, fitness, cooking","skiing,snowboarding",1.0,Regional Sales Manager,Any,2014-09-10,Unknown,,,0.0,Paid Leave,27.0,50.0,10.0,10.0,10.0,50.0,10.0,10.0,10.0,50.0,100.0,10.0,10.0,10.0,9.0,3.0,1.0,60000,720000,HSBC,monthly,EMP7362,60000.0,72000.0,28800.0,43200.0,1200.0,0.0,2000.0,1000.0,0.0,Harvey Bullock
1.0,Full-Time,44.062438591138665,3283846727500563456,Karnataka,Bengaluru,2015-01-28,10,True,12,Active,True,Lara Hunter,Lara Hunter,Sales,White,L6,35,1989-05-31,UK,Male,He/Him,"coffee, fitness, cooking","yoga,cooking,cycling",0.0,Senior Sales Manager,Kosher,2015-07-29,Unknown,,,0.0,Paid Leave,27.0,50.0,10.0,10.0,10.0,10.0,10.0,10.0,10.0,50.0,100.0,10.0,10.0,10.0,10.0,2.0,1.0,59000,708000,HSBC,monthly,EMP8217,59000.0,70800.0,28320.0,42480.0,1200.0,600.0,0.0,2000.0,0.0,Jim Gordon
1.0,Full-Time,47.16674079000554,3283846729765487616,Karnataka,Bengaluru,2015-02-10,10,True,16,Active,True,Owen Reed,Owen Reed,Sales,White,L6,38,1986-07-27,USA,Male,He/Him,"sports entertainment, cooking, blogging","cooking,football",1.0,Senior Sales Manager,Any,2015-08-11,Unknown,,,2.0,Paid Leave,34.0,50.0,10.0,100.0,100.0,50.0,50.0,10.0,10.0,50.0,100.0,10.0,10.0,10.0,6.0,4.0,3.0,67000,804000,HSBC,monthly,EMP5793,67000.0,80400.0,32160.0,48240.0,1200.0,0.0,2000.0,1000.0,3000.0,Renee Montoya
1.0,Full-Time,37.98251346218287,3283846732475008000,Karnataka,Bengaluru,2015-02-10,10,True,12,Active,True,Summer Keira Hall,Summer Hall,Machine Learning,White,L6,34,1990-05-20,Canada,Male,He/Him,"fitness, coffee, football","rugby,film",2.0,Principal Data Scientist,Any,2015-08-11,Unknown,,,0.0,Paid Leave,31.0,50.0,10.0,10.0,10.0,100.0,50.0,10.0,10.0,50.0,100.0,10.0,10.0,10.0,8.0,3.0,2.0,59000,708000,HSBC,monthly,EMP3137,59000.0,70800.0,28320.0,42480.0,1200.0,600.0,4000.0,1000.0,0.0,Stephanie Brown
1.0,Full-Time,47.80564888383975,3283846735201305600,Karnataka,Bengaluru,2015-02-05,10,True,12,Active,True,Patrick Danielle Kirby,Patrick Kirby,Sales,White,L6,36,1988-04-08,UK,Female,She/Her,"sports entertainment, football","chess,theatre,film",0.0,Senior Sales Manager,Any,2015-08-06,Unknown,,,3.0,Paid Leave,31.0,50.0,10.0,100.0,100.0,10.0,50.0,10.0,10.0,50.0,100.0,10.0,10.0,10.0,7.0,3.0,3.0,59000,708000,HSBC,monthly,EMP6773,59000.0,70800.0,28320.0,42480.0,1200.0,0.0,0.0,0.0,0.0,Jim Gordon
1.0,Full-Time,40.44370516974898,3283846737390732288,Karnataka,Bengaluru,2015-03-10,10,True,10,Active,True,Mason White,Mason White,IT,African American,L4,31,1993-05-27,USA,Male,He/Him,"chess, football","pilates,football",2.0,Site Reliability Engineer,Vegan,2015-09-08,Unknown,,,0.0,Maternity Leave,180.0,50.0,10.0,10.0,10.0,100.0,50.0,10.0,10.0,50.0,100.0,50.0,50.0,50.0,5.0,6.0,2.0,50000,600000,HSBC,monthly,EMP7032,50000.0,60000.0,0.0,0.0,1200.0,0.0,4000.0,0.0,0.0,Hal Jordan
1.0,Full-Time,44.04063475723536,3283846742742664192,Karnataka,Bengaluru,2014-11-11,10,True,12,Active,True,Toby Atkinson,Toby Atkinson,Finance & Admin,White,L6,33,1991-10-22,UK,Female,She/Her,"travelling, chess, sports entertainment","yoga,cooking,cycling",2.0,Senior Finance Manager,Any,2015-05-12,Unknown,,,1.0,Sick Leave,43.0,10.0,10.0,50.0,50.0,100.0,100.0,10.0,10.0,10.0,100.0,10.0,50.0,50.0,6.0,4.0,3.0,59000,708000,HSBC,monthly,EMP6079,59000.0,70800.0,28320.0,42480.0,1200.0,0.0,4000.0,1000.0,0.0,Victor Fries
1.0,Full-Time,46.60723210038983,3283846745854837760,Karnataka,Bengaluru,2015-02-16,10,True,16,Active,True,Morgan Blackburn,Morgan Blackburn,Customer Service,Hispanic,L3,39,1985-07-18,USA,Non-Binary,They/Them,"theatres and movies, travelling","football,craft beer",0.0,Technical Consultant,Any,2015-08-17,Unknown,,,1.0,Paid Leave,34.0,50.0,50.0,50.0,50.0,10.0,50.0,10.0,10.0,50.0,100.0,10.0,10.0,10.0,6.0,6.0,1.0,59500,714000,HSBC,monthly,EMP1364,59500.0,71400.0,0.0,0.0,1200.0,0.0,0.0,0.0,0.0,Jason Blood
1.0,Full-Time,47.43078727672058,3283846748371420160,Karnataka,Bengaluru,2014-11-20,10,True,17,Active,True,Frederick Bateson,Frederick Bateson,Marketing,White,L5,41,1983-12-29,UK,Male,He/Him,"football, blogging","chess,theatre,film",1.0,Marketing Manager,Any,2015-05-21,Unknown,,,0.0,Paid Leave,33.0,50.0,10.0,10.0,10.0,50.0,50.0,10.0,10.0,50.0,100.0,10.0,50.0,50.0,6.0,6.0,1.0,66500,798000,HSBC,monthly,EMP3502,66500.0,79800.0,31920.0,47880.0,1200.0,0.0,2000.0,0.0,3000.0,Harleen Quinnzel
1.0,Full-Time,40.79372629948364,3283846750770562048,Haryana,Gurgaon,2015-05-01,9,True,9,Active,True,Alan George Tullin,Alan Tullin,UI/UX,African American,L6,30,1994-06-03,USA,Male,He/Him,"craft beer, blogging","rugby,cycling,running",1.0,Senior UX Designer,Any,2015-10-30,Unknown,,,2.0,Paid Leave,34.0,100.0,10.0,100.0,100.0,50.0,50.0,10.0,10.0,100.0,100.0,50.0,100.0,100.0,3.0,3.0,7.0,51500,618000,HSBC,monthly,EMP8492,51500.0,61800.0,24720.0,37080.0,1200.0,0.0,2000.0,1000.0,0.0,Tim Drake
1.0,Full-Time,36.838720755028824,3283846753354253312,Karnataka,Bengaluru,2015-02-20,10,True,17,Active,True,Matthew Marvin Hirst,Matthew Hirst,Management,White,L6,41,1983-06-06,USA,Male,He/Him,"fitness, coffee, football","pilates,yoga,craft beer",1.0,Project Manager,Vegetarian,2015-08-21,Unknown,,,0.0,Paid Leave,36.0,10.0,10.0,10.0,10.0,50.0,50.0,10.0,10.0,10.0,100.0,10.0,10.0,10.0,10.0,2.0,1.0,69000,828000,HSBC,monthly,EMP18,69000.0,82800.0,33120.0,49680.0,1200.0,0.0,2000.0,0.0,3000.0,Bruce Wayne
1.0,Full-Time,36.55070905994201,3283846755770172416,West Bengal,Kolkata,2015-02-20,10,True,19,Active,True,Pamala Canavan,Pamala Canavan,Human Resources,White,L6,43,1981-03-01,UK,Female,She/Her,"sports entertainment, cooking, blogging","crossfit,swimming",2.0,HR Director,Vegetarian,2015-08-21,Unknown,,,0.0,Paid Leave,32.0,10.0,10.0,10.0,10.0,100.0,50.0,10.0,10.0,10.0,100.0,10.0,10.0,10.0,10.0,1.0,2.0,73000,876000,HSBC,monthly,EMP8333,73000.0,87600.0,35040.0,52560.0,1200.0,600.0,4000.0,1000.0,0.0,Joe Karr
1.0,Full-Time,36.09776730324324,3283846758261588992,West Bengal,Kolkata,2014-12-16,10,True,16,Active,True,Audrey Clair Darby,Audrey Darby,Marketing,African American,L6,39,1985-02-14,USA,Male,He/Him,"coffee, fitness, cooking","gigs,cooking,gardening",2.0,Senior Marketing Manager,Any,2015-06-16,Unknown,,,0.0,Paid Leave,34.0,50.0,10.0,10.0,10.0,100.0,50.0,10.0,10.0,50.0,100.0,10.0,50.0,50.0,6.0,5.0,2.0,67000,804000,HSBC,monthly,EMP3504,67000.0,80400.0,32160.0,48240.0,1200.0,0.0,4000.0,1000.0,0.0,Harvey Dent
1.0,Full-Time,42.27678721919812,3283846760753005568,West Bengal,Kolkata,2015-03-02,10,True,10,Active,True,Aadhya Legge,Aadhya Legge,Customer Service,White,L6,33,1991-10-01,USA,Female,She/Her,"craft beer, blogging","gardening,cycling,running",2.0,Engagement Manager,Kosher,2015-08-31,Unknown,,,0.0,Paid Leave,29.0,50.0,10.0,10.0,10.0,100.0,10.0,10.0,10.0,50.0,100.0,10.0,10.0,10.0,9.0,2.0,2.0,55000,660000,HSBC,monthly,EMP7672,55000.0,66000.0,26400.0,39600.0,1200.0,0.0,4000.0,0.0,0.0,Zatanna Zatara
1.0,Full-Time,39.861596416348654,3283846763454137344,West Bengal,Kolkata,2015-03-14,10,True,15,Active,True,Laura Anne Francis,Laura Francis,Machine Learning,White,L5,39,1985-09-12,UK,Male,He/Him,"coffee, fitness, cooking","crossfit,swimming",0.0,Senior Data Scientist,Any,2015-09-12,Unknown,,,2.0,Paid Leave,35.0,50.0,10.0,100.0,100.0,10.0,50.0,10.0,10.0,50.0,100.0,10.0,10.0,10.0,7.0,3.0,3.0,62500,750000,HSBC,monthly,EMP1832,62500.0,75000.0,30000.0,45000.0,1200.0,600.0,0.0,0.0,0.0,Stephanie Brown
1.0,Full-Time,36.21283831428774,3283846766364984320,Karnataka,Bengaluru,2014-12-01,10,True,19,Active,True,Faith Dale,Faith Dale,Sales,White,L6,43,1981-04-08,UK,Female,She/Her,"coffee, fitness, cooking","crossfit,swimming",0.0,Senior Sales Manager,Vegetarian,2015-06-01,Unknown,,,0.0,Paid Leave,32.0,50.0,10.0,10.0,10.0,10.0,50.0,10.0,10.0,50.0,100.0,10.0,10.0,10.0,9.0,3.0,1.0,73000,876000,HSBC,monthly,EMP1314,73000.0,87600.0,35040.0,52560.0,1200.0,600.0,0.0,0.0,0.0,Renee Montoya
1.0,Full-Time,34.37492855311095,3283846768931898368,Karnataka,Bengaluru,2023-08-01,1,False,3,Active,True,Ryan Viktor Bieber,Ryan Bieber,IT,White,L1,25,1999-04-04,UK,Female,She/Her,"football, blogging","craft beer,yoga,pilates",0.0,IT Support,Any,2024-01-30,Unknown,,,1.0,Paid Leave,33.0,50.0,100.0,50.0,50.0,10.0,50.0,100.0,50.0,50.0,100.0,100.0,50.0,50.0,1.0,8.0,4.0,15000,180000,Standard Chartered,monthly,EMP7970,15000.0,18000.0,0.0,0.0,1200.0,600.0,0.0,0.0,0.0,Jon Stewart
1.0,Full-Time,43.711376958202976,3283846771557532672,Haryana,Gurgaon,2015-03-03,10,True,15,Active,True,Anna Gibbons,Anna Gibbons,UI/UX,African American,L5,39,1985-11-29,USA,Male,He/Him,"fitness, coffee, football","theatre,film,music",1.0,UI/UX Manager,Any,2015-09-01,Unknown,,,0.0,Maternity Leave,189.0,100.0,50.0,10.0,10.0,50.0,50.0,10.0,10.0,100.0,100.0,10.0,100.0,100.0,5.0,3.0,5.0,62500,750000,HSBC,monthly,EMP3147,62500.0,75000.0,30000.0,45000.0,1200.0,0.0,2000.0,0.0,0.0,Tim Drake
1.0,Full-Time,35.026913575689406,3283846774124446720,Karnataka,Bengaluru,2023-08-01,1,False,4,Active,True,Sandra Beth Logen,Sandra Logen,IT,White,L1,27,1997-04-30,Canada,Male,He/Him,"football, blogging",yoga,2.0,IT Support,Any,2024-01-30,Unknown,,,1.0,Paid Leave,27.0,50.0,100.0,50.0,50.0,100.0,10.0,100.0,50.0,50.0,100.0,100.0,50.0,50.0,1.0,7.0,5.0,17000,204000,Standard Chartered,monthly,EMP5112,17000.0,20400.0,0.0,0.0,1200.0,0.0,4000.0,0.0,0.0,Hal Jordan
1.0,Full-Time,44.67101220969451,3283846776708137984,Karnataka,Bengaluru,2014-02-12,11,True,20,Active,True,Zoe Clark,Zoe Clark,Sales,White,L6,41,1983-05-08,USA,Female,She/Her,"fitness, coffee, football","running,cycling",1.0,Senior Sales Manager,Any,2014-08-13,Unknown,,,0.0,Paid Leave,34.0,50.0,10.0,10.0,10.0,50.0,50.0,10.0,10.0,50.0,100.0,10.0,10.0,10.0,8.0,4.0,1.0,76500,918000,HSBC,monthly,EMP7328,76500.0,91800.0,36720.0,55080.0,1200.0,600.0,2000.0,0.0,0.0,Renee Montoya
1.0,Full-Time,36.44763609827884,3283846778905953280,Karnataka,Bengaluru,2015-03-20,10,True,13,Active,True,Amy Miles,Amy Miles,UI/UX,White,L6,36,1988-08-03,Canada,Female,She/Her,"sports entertainment, cooking, blogging","yoga,cooking,film",0.0,Senior UX Designer,Vegetarian,2015-09-18,Unknown,,,0.0,Paid Leave,31.0,100.0,10.0,10.0,10.0,10.0,50.0,10.0,10.0,100.0,100.0,10.0,100.0,100.0,7.0,1.0,5.0,61000,732000,HSBC,monthly,EMP7192,61000.0,73200.0,29280.0,43920.0,1200.0,0.0,0.0,0.0,3000.0,Jason Todd
1.0,Full-Time,32.53730702394404,3283846781112157184,West Bengal,Kolkata,2023-08-01,1,False,1,Active,True,Celine Miriam Harlow,Celine Harlow,Platform,Asian,L1,22,2002-05-06,USA,Male,He/Him,"craft beer, chess","swimming,crossfit",0.0,Junior Backend Developer,Any,2024-01-30,Unknown,,,1.0,Paid Leave,27.0,100.0,100.0,50.0,50.0,10.0,10.0,100.0,50.0,100.0,100.0,100.0,100.0,100.0,2.0,3.0,8.0,11000,132000,Standard Chartered,monthly,EMP3668,11000.0,13200.0,0.0,0.0,1200.0,0.0,0.0,1000.0,0.0,Duke Thomas
1.0,Full-Time,43.300189594090995,3283846783226086400,West Bengal,Kolkata,2015-01-01,10,True,15,Active,True,Finley Day,Finley Day,Management,White,L6,38,1986-02-24,Canada,Male,He/Him,"travelling, chess, sports entertainment","sailing,crossfit",0.0,Project Manager,Any,2015-07-02,Unknown,,,0.0,Paid Leave,29.0,10.0,10.0,10.0,10.0,10.0,10.0,10.0,10.0,10.0,100.0,10.0,10.0,10.0,12.0,0.0,1.0,65000,780000,HSBC,monthly,EMP8880,65000.0,78000.0,31200.0,46800.0,1200.0,0.0,0.0,0.0,0.0,Bruce Wayne
1.0,Full-Time,36.12495164791374,3283846785834943488,Karnataka,Bengaluru,2015-01-01,10,True,10,Active,True,William Theodor Morris,William Morris,Marketing,White,L4,31,1993-04-23,USA,Female,She/Her,"theatres and movies, travelling",football,0.0,Brand Manager,Any,2015-07-02,Unknown,,,2.0,Sick Leave,51.0,50.0,10.0,100.0,100.0,10.0,100.0,10.0,10.0,50.0,100.0,50.0,50.0,50.0,4.0,5.0,4.0,50000,600000,HSBC,monthly,EMP210,50000.0,48000.0,12000.0,0.0,1200.0,0.0,0.0,0.0,3000.0,Harvey Dent
1.0,Full-Time,41.10260955931305,3283846788208919552,Karnataka,Bengaluru,2014-11-15,10,True,12,Active,True,Naomi Hibbert,Naomi Hibbert,Platform,White,L6,33,1991-07-05,UK,Male,He/Him,"coffee, fitness, cooking","skiing,snowboarding",0.0,Platform Director,Any,2015-05-16,Unknown,,,2.0,Paid Leave,27.0,100.0,10.0,100.0,100.0,10.0,10.0,10.0,10.0,100.0,100.0,10.0,100.0,100.0,6.0,0.0,7.0,59000,708000,HSBC,monthly,EMP4227,59000.0,70800.0,28320.0,42480.0,1200.0,0.0,0.0,1000.0,0.0,Duke Thomas
1.0,Full-Time,37.31110381275102,3283846790868108288,West Bengal,Kolkata,2014-02-12,11,True,12,Active,True,George Dan Devin,George Devin,Finance & Admin,White,L5,36,1988-07-30,Canada,Male,He/Him,"coffee, fitness, cooking","pilates,football",2.0,Finance Manager,Any,2014-08-13,Unknown,,,0.0,Sick Leave,49.0,10.0,10.0,10.0,10.0,100.0,100.0,10.0,10.0,10.0,100.0,10.0,50.0,50.0,8.0,2.0,3.0,58000,696000,HSBC,monthly,EMP6043,58000.0,69600.0,27840.0,41760.0,1200.0,600.0,4000.0,0.0,0.0,Victor Fries
1.0,Full-Time,36.69997499975893,3283846793376302080,Karnataka,Bengaluru,2016-01-01,9,True,11,Active,True,Natasha Dwell,Natasha Dwell,Human Resources,White,L3,35,1989-05-15,UK,Male,He/Him,"sports entertainment, cooking, blogging","pilates,yoga,running,cycling",1.0,HR Generalist,Any,2016-07-01,Unknown,,,0.0,Sick Leave,46.0,10.0,10.0,10.0,10.0,50.0,100.0,10.0,10.0,10.0,100.0,10.0,10.0,10.0,10.0,1.0,2.0,48000,576000,HSBC,monthly,EMP1628,48000.0,57600.0,0.0,0.0,1200.0,0.0,2000.0,0.0,3000.0,Joe Karr
1.0,Full-Time,39.26502185994478,3283846795725112320,Karnataka,Bengaluru,2014-12-10,10,True,12,Active,True,Sarah Gill,Sarah Gill,Sales,Hispanic,L5,33,1991-09-15,USA,Male,He/Him,"sports entertainment, cooking, blogging","cooking,pilates",2.0,Regional Sales Manager,Any,2015-06-10,Unknown,,,0.0,Paid Leave,35.0,50.0,10.0,10.0,10.0,100.0,50.0,10.0,10.0,50.0,100.0,10.0,10.0,10.0,8.0,3.0,2.0,56500,678000,HSBC,monthly,EMP687,56500.0,67800.0,27120.0,40680.0,1200.0,600.0,4000.0,1000.0,0.0,Renee Montoya
1.0,Full-Time,37.6620193260658,3283846798216528896,Karnataka,Bengaluru,2015-02-14,10,True,17,Active,True,Tia Davidson,Tia Davidson,Sales,White,L4,41,1983-03-09,UK,Female,She/Her,"travelling, chess, sports entertainment",photography,2.0,Sales Manager,Any,2015-08-15,Unknown,,,0.0,Paid Leave,28.0,50.0,10.0,10.0,10.0,100.0,10.0,10.0,10.0,50.0,100.0,10.0,10.0,10.0,9.0,2.0,2.0,64000,768000,HSBC,monthly,EMP1231,64000.0,61440.0,15360.0,0.0,1200.0,0.0,4000.0,0.0,0.0,Jim Gordon
1.0,Full-Time,47.00053733579164,3283846800607282176,Karnataka,Bengaluru,2014-05-11,10,True,12,Active,True,Oliver John Abbott,Oliver Abbott,Marketing,White,L4,34,1990-04-13,Canada,Female,She/Her,"fitness, coffee, football",photography,0.0,Brand Manager,Any,2014-11-09,Unknown,,,0.0,Paid Leave,36.0,50.0,10.0,10.0,10.0,10.0,50.0,10.0,10.0,50.0,100.0,10.0,50.0,50.0,7.0,5.0,1.0,54000,648000,HSBC,monthly,EMP9760,54000.0,51840.0,12960.0,0.0,1200.0,0.0,0.0,1000.0,3000.0,Harleen Quinnzel
1.0,Full-Time,41.78071283184091,3283846802763154432,Karnataka,Bengaluru,2014-03-01,11,True,12,Active,True,Joe Mason,Joe Mason,Finance & Admin,White,L6,33,1991-10-07,Canada,Female,She/Her,"football, blogging","football,craft beer",2.0,Senior Finance Manager,Any,2014-08-30,Unknown,,,0.0,Maternity Leave,186.0,10.0,10.0,10.0,10.0,100.0,50.0,10.0,10.0,10.0,100.0,10.0,50.0,50.0,8.0,3.0,2.0,60500,726000,HSBC,monthly,EMP8597,60500.0,72600.0,29040.0,43560.0,1200.0,0.0,4000.0,1000.0,3000.0,Oswald Cobblepot
1.0,Full-Time,46.48408647287614,3283846805070021632,Haryana,Gurgaon,2014-11-13,10,True,19,Active,True,Joel Henry Hammond,Joel Hammond,Platform,White,L3,43,1981-03-25,USA,Male,He/Him,"sports entertainment, cooking, blogging","skiing,snowboarding",0.0,Backend Developer,Any,2015-05-14,Unknown,,,0.0,Paid Leave,34.0,100.0,50.0,10.0,10.0,10.0,50.0,10.0,10.0,100.0,100.0,10.0,100.0,100.0,6.0,2.0,5.0,65500,786000,HSBC,monthly,EMP722,65500.0,78600.0,0.0,0.0,1200.0,0.0,0.0,0.0,3000.0,Duke Thomas
1.0,Full-Time,47.44024218603134,3283846807360111616,Haryana,Gurgaon,2015-04-10,10,True,16,Active,True,Kian Roberts,Kian Roberts,Machine Learning,White,L4,38,1986-02-20,UK,Female,She/Her,"travelling, chess, sports entertainment",photography,2.0,MLOps Engineer,Any,2015-10-09,Unknown,,,0.0,Sick Leave,45.0,50.0,10.0,10.0,10.0,100.0,100.0,10.0,10.0,50.0,100.0,10.0,10.0,10.0,8.0,2.0,3.0,62000,744000,HSBC,monthly,EMP1585,62000.0,74400.0,0.0,0.0,1200.0,600.0,4000.0,0.0,0.0,Cassandra Cain
1.0,Full-Time,45.46695145358409,3283846810069632000,Karnataka,Bengaluru,2016-08-01,8,True,12,Active,True,Sussane Solomon,Sussane Solomon,UI/UX,African American,L4,36,1988-10-18,USA,Male,He/Him,"chess, football","cycling,football,film",2.0,Senior Frontend Developer,Any,2017-01-30,Unknown,,,0.0,Paid Leave,28.0,100.0,10.0,10.0,10.0,100.0,10.0,10.0,10.0,100.0,100.0,10.0,100.0,100.0,7.0,0.0,6.0,51000,612000,HSBC,monthly,EMP8584,51000.0,61200.0,0.0,0.0,1200.0,600.0,4000.0,1000.0,0.0,Barabara Gordon
1.0,Full-Time,44.07755095686326,3283846812804318208,Haryana,Gurgaon,2016-04-08,9,True,12,Active,True,Joy James Vance,Joy Vance,UI/UX,White,L5,36,1988-10-20,UK,Male,He/Him,"coffee, fitness, cooking","gardening,football,film",0.0,UI/UX Manager,Any,2016-10-07,Unknown,,,0.0,Maternity Leave,192.0,100.0,50.0,10.0,10.0,10.0,50.0,10.0,10.0,100.0,100.0,10.0,100.0,100.0,6.0,2.0,5.0,55000,660000,HSBC,monthly,EMP3324,55000.0,66000.0,26400.0,39600.0,1200.0,0.0,0.0,0.0,0.0,Richard Grayson
1.0,Full-Time,37.041563933227934,3283846815161517056,Karnataka,Bengaluru,2014-11-20,10,True,11,Active,True,Sharon Pearl Bohgal,Sharon Bohgal,Sales,White,L3,35,1989-02-13,UK,Male,He/Him,"craft beer, blogging","pilates,yoga",0.0,Sales Executive,Any,2015-05-21,Unknown,,,0.0,Paid Leave,33.0,50.0,50.0,10.0,10.0,10.0,50.0,10.0,10.0,50.0,100.0,10.0,10.0,10.0,8.0,4.0,1.0,49500,594000,HSBC,monthly,EMP9621,49500.0,47520.0,11880.0,0.0,1200.0,0.0,0.0,1000.0,3000.0,Arnold Flass
1.0,Full-Time,39.460940927012444,3283846817569047552,Karnataka,Bengaluru,2015-02-20,10,True,12,Active,True,Malcolm Riley Farish,Malcolm Farish,UI/UX,White,L4,33,1991-09-07,UK,Male,He/Him,"craft beer, blogging","chess,theatre,film",1.0,Senior Frontend Developer,Any,2015-08-21,Unknown,,,2.0,Sick Leave,45.0,100.0,10.0,100.0,100.0,50.0,100.0,10.0,10.0,100.0,100.0,10.0,100.0,100.0,4.0,1.0,8.0,54000,648000,HSBC,monthly,EMP5629,54000.0,64800.0,0.0,0.0,1200.0,0.0,2000.0,0.0,3000.0,Richard Grayson
1.0,Full-Time,38.99916149899155,3283846820312122368,West Bengal,Kolkata,2015-02-02,10,True,14,Active,True,Richard Kilmister,Richard Kilmister,Finance & Admin,White,L5,35,1989-07-25,Canada,Female,She/Her,"coffee, fitness, cooking","chess,theatre,film",2.0,Finance Manager,Vegetarian,2015-08-03,Unknown,,,0.0,Paid Leave,31.0,10.0,10.0,10.0,10.0,100.0,50.0,10.0,10.0,10.0,100.0,10.0,50.0,50.0,8.0,3.0,2.0,60500,726000,HSBC,monthly,EMP16,60500.0,72600.0,29040.0,43560.0,1200.0,0.0,4000.0,0.0,0.0,Oswald Cobblepot
1.0,Full-Time,39.399753890459124,3283846822417662976,Haryana,Gurgaon,2015-01-03,10,True,16,Active,True,Shawn Cate,Shawn Cate,Platform,White,L5,40,1984-03-16,UK,Male,He/Him,"travelling, chess, sports entertainment","football,craft beer",2.0,Senior Backend Developer,Any,2015-07-04,Unknown,,,0.0,Paid Leave,28.0,100.0,10.0,10.0,10.0,100.0,10.0,10.0,10.0,100.0,100.0,10.0,100.0,100.0,7.0,0.0,6.0,64500,774000,HSBC,monthly,EMP9698,64500.0,77400.0,30960.0,46440.0,1200.0,0.0,4000.0,0.0,3000.0,Damian Wayne
1.0,Full-Time,42.17448981316126,3283846824783250432,Karnataka,Bengaluru,2015-03-06,10,True,13,Active,True,Laura Gardiner,Laura Gardiner,Management,White,L6,37,1987-12-21,UK,Female,She/Her,"craft beer, chess","sailing,crossfit",0.0,Project Manager,Any,2015-09-04,Unknown,,,0.0,Sick Leave,45.0,10.0,10.0,10.0,10.0,10.0,100.0,10.0,10.0,10.0,100.0,10.0,10.0,10.0,11.0,0.0,2.0,61000,732000,HSBC,monthly,EMP5162,61000.0,73200.0,29280.0,43920.0,1200.0,0.0,0.0,0.0,0.0,Bruce Wayne
1.0,Full-Time,31.985253525725955,3286584808511111680,Karnataka,Bengaluru,2024-02-12,1,False,9,Active,True,sumit sumitt,sumit sumitt,Platform,Asian,L1,31,1993-09-06,Canada,Female,She/Her,"theatres and movies, travelling",,0.0,Junior Backend Developer,Any,2024-08-12,Unknown,,,1.0,Paid Leave,28.0,100.0,100.0,50.0,50.0,10.0,10.0,100.0,50.0,100.0,100.0,50.0,100.0,100.0,2.0,4.0,7.0,27000,324000,Standard Chartered,monthly,EMP5066,27000.0,32400.0,0.0,0.0,1200.0,600.0,0.0,1000.0,0.0,Damian Wayne
1.0,Full-Time,33.41077161050426,3287863936115802112,Haryana,Gurgaon,2024-02-12,1,False,8,Active,True,sumit sumittt,sumit sumittt,UI/UX,African American,L2,29,1995-08-10,USA,Female,She/Her,"theatres and movies, travelling",,0.0,Frontend Developer,Any,2024-08-12,Unknown,,,1.0,Paid Leave,29.0,100.0,50.0,50.0,50.0,10.0,10.0,100.0,50.0,100.0,100.0,100.0,100.0,100.0,2.0,4.0,7.0,27500,330000,Standard Chartered,monthly,EMP248,27500.0,33000.0,0.0,0.0,1200.0,0.0,0.0,1000.0,3000.0,Tim Drake
1.0,Full-Time,35.32658023303906,3287864387607461888,West Bengal,Kolkata,2024-02-13,1,True,7,Active,True,aquera test,aquera test,Platform,White,L6,31,1993-09-10,UK,Female,She/Her,"travelling, chess, sports entertainment",,0.0,Platform Director,Any,2024-08-13,Unknown,,,1.0,Paid Leave,33.0,100.0,10.0,50.0,50.0,10.0,50.0,100.0,10.0,100.0,100.0,50.0,100.0,100.0,3.0,4.0,6.0,35500,426000,Standard Chartered,monthly,EMP2410,35500.0,42600.0,17040.0,25560.0,1200.0,0.0,0.0,0.0,3000.0,Connor Hawke
1.0,Full-Time,31.305605626701325,3287871858333974528,West Bengal,Kolkata,2024-01-12,1,False,6,Active,True,aqueraa testa,aqueraa testa,Platform,Hispanic,L1,28,1996-10-07,Mexico,Male,He/Him,"football, blogging",,0.0,Junior Backend Developer,Any,2024-07-12,Unknown,,,1.0,Paid Leave,27.0,100.0,100.0,50.0,50.0,10.0,10.0,100.0,50.0,100.0,100.0,100.0,100.0,100.0,2.0,3.0,8.0,21000,252000,Standard Chartered,monthly,EMP5180,21000.0,25200.0,0.0,0.0,1200.0,0.0,0.0,0.0,3000.0,Roy Harper
1.0,Full-Time,31.360941787934777,3287876294145998848,West Bengal,Kolkata,2024-01-12,1,False,7,Active,True,aquerab testb,aquerab testb,Platform,White,L1,29,1995-11-08,Canada,Female,She/Her,"fitness, coffee, football",,1.0,Junior Backend Developer,Any,2024-07-12,Unknown,,,1.0,Maternity Leave,198.0,100.0,100.0,50.0,50.0,50.0,50.0,100.0,50.0,100.0,100.0,100.0,100.0,100.0,0.0,5.0,8.0,23000,276000,Standard Chartered,monthly,EMP8203,23000.0,27600.0,0.0,0.0,1200.0,0.0,2000.0,1000.0,3000.0,Damian Wayne
1.0,Full-Time,34.86183765766151,3287876623843459072,Haryana,Gurgaon,2024-01-12,1,False,7,Active,True,aquerac testc,aquerac testc,Marketing,White,L1,31,1993-07-29,USA,Male,He/Him,"travelling, chess, sports entertainment",,0.0,Social Media Coordinator,Any,2024-07-12,Unknown,,,1.0,Unpaid Leave,39.0,50.0,50.0,50.0,50.0,10.0,50.0,100.0,50.0,50.0,100.0,50.0,50.0,50.0,1.0,10.0,2.0,23000,276000,Standard Chartered,monthly,EMP2059,23000.0,22080.0,5520.0,0.0,1200.0,0.0,0.0,0.0,0.0,Harvey Dent
1.0,Full-Time,32.235306515958506,3287880923315437568,West Bengal,Kolkata,2024-01-12,1,True,10,Active,True,aquerad testd,aquerad testd,Platform,White,L5,31,1993-08-28,Canada,Female,She/Her,"theatres and movies, travelling",,1.0,Senior Backend Developer,Any,2024-07-12,Unknown,,,1.0,Maternity Leave,192.0,100.0,10.0,50.0,50.0,50.0,50.0,100.0,10.0,100.0,100.0,50.0,100.0,100.0,2.0,5.0,6.0,39000,468000,Standard Chartered,monthly,EMP3392,39000.0,46800.0,18720.0,28080.0,1200.0,0.0,2000.0,1000.0,0.0,Roy Harper
1.0,Full-Time,33.41384622260697,3287998310224232960,West Bengal,Kolkata,2024-01-12,1,False,8,Active,True,aquera testing test,aquera test,IT,White,L1,29,1995-02-23,UK,Male,He/Him,"fitness, coffee, football",,0.0,IT Support,Any,2024-07-12,Unknown,,,1.0,Paid Leave,34.0,50.0,100.0,50.0,50.0,10.0,50.0,100.0,50.0,50.0,100.0,100.0,50.0,50.0,1.0,8.0,4.0,25000,300000,Standard Chartered,monthly,EMP2426,25000.0,30000.0,0.0,0.0,1200.0,0.0,0.0,1000.0,0.0,Hal Jordan
1.0,Full-Time,35.77200146334422,3289371287914283520,Haryana,Gurgaon,2023-08-17,1,False,7,Active,True,Griffin Jones,Griffin Jones,IT,White,L1,31,1993-10-01,USA,Male,He/Him,"travelling, chess, sports entertainment",,0.0,IT Support,Any,2024-02-15,Unknown,,,1.0,Sick Leave,43.0,50.0,100.0,50.0,50.0,10.0,100.0,100.0,50.0,50.0,100.0,50.0,50.0,50.0,1.0,8.0,4.0,23000,276000,Standard Chartered,monthly,EMP645,23000.0,27600.0,0.0,0.0,1200.0,0.0,0.0,0.0,3000.0,Guy Gardner
1.0,Full-Time,30.988089765148924,3289372812887720448,Karnataka,Bengaluru,2023-08-17,1,True,10,Active,True,Griffin Jones,Griffin Jones,UI/UX,White,L4,32,1992-06-28,Canada,Female,She/Her,"craft beer, blogging",,2.0,Senior Frontend Developer,Any,2024-02-15,Unknown,,,1.0,Paid Leave,35.0,100.0,10.0,50.0,50.0,100.0,50.0,100.0,10.0,100.0,100.0,50.0,100.0,100.0,2.0,4.0,7.0,36500,438000,Standard Chartered,monthly,EMP8469,36500.0,43800.0,0.0,0.0,1200.0,0.0,4000.0,0.0,0.0,Jason Todd
1.0,Full-Time,31.835677755734856,3289373004626134016,Haryana,Gurgaon,2023-08-17,1,False,9,Active,True,Griffin Jones,Griffin Jones,Marketing,White,L1,33,1991-08-21,Canada,Male,He/Him,"theatres and movies, travelling",,2.0,Social Media Coordinator,Any,2024-02-15,Unknown,,,1.0,Sick Leave,45.0,50.0,50.0,50.0,50.0,100.0,100.0,100.0,50.0,50.0,100.0,10.0,50.0,50.0,1.0,8.0,4.0,27000,324000,Standard Chartered,monthly,EMP3651,27000.0,25920.0,6480.0,0.0,1200.0,0.0,4000.0,1000.0,0.0,Pamela Isley
1.0,Full-Time,34.02353005432847,3290758569749643776,Karnataka,Bengaluru,2024-01-12,1,False,8,Active,True,aquera test,aquera test,Finance & Admin,White,L1,31,1993-12-29,USA,Male,He/Him,"coffee, fitness, cooking",,0.0,Accounts Associate,Vegetarian,2024-07-12,Unknown,,,1.0,Paid Leave,33.0,10.0,50.0,50.0,50.0,10.0,50.0,100.0,50.0,10.0,100.0,50.0,50.0,50.0,3.0,8.0,2.0,25000,300000,Standard Chartered,monthly,EMP9529,25000.0,30000.0,0.0,0.0,1200.0,0.0,0.0,1000.0,0.0,Victor Fries
1.0,Full-Time,30.75463881881302,3290775229911007744,West Bengal,Kolkata,2024-02-12,1,False,6,Active,True,Joy Blackburn,Joy Blackburn,UI/UX,White,L1,28,1996-06-22,UK,Female,She/Her,"football, blogging",,1.0,Junior UX Designer,Any,2024-08-12,Unknown,,,1.0,Unpaid Leave,37.0,100.0,100.0,50.0,50.0,50.0,50.0,100.0,50.0,100.0,100.0,100.0,100.0,100.0,0.0,5.0,8.0,21000,252000,Standard Chartered,monthly,EMP3716,21000.0,25200.0,0.0,0.0,1200.0,0.0,2000.0,1000.0,0.0,Barabara Gordon
1.0,Full-Time,37.76508608583943,3290776083435094528,Karnataka,Bengaluru,2015-01-28,10,True,11,Active,True,Griffin Tyler,Griffin Tyler,UI/UX,White,L7,35,1989-03-21,UK,Male,He/Him,"travelling, chess, sports entertainment",,0.0,Head of Design,Any,2015-07-29,Unknown,,,0.0,Paid Leave,33.0,100.0,10.0,10.0,10.0,10.0,50.0,10.0,10.0,100.0,100.0,10.0,100.0,100.0,7.0,1.0,5.0,59500,714000,HSBC,monthly,EMP9851,59500.0,71400.0,28560.0,42840.0,1200.0,0.0,0.0,1000.0,0.0,Jason Todd
1.0,Full-Time,39.15629716446395,3290801555720110592,Karnataka,Bengaluru,2014-11-11,10,True,17,Active,True,William sumitt,William sumitt,Sales,White,L6,40,1984-11-06,Canada,Female,She/Her,"fitness, coffee, football",,0.0,Senior Sales Manager,Any,2015-05-12,Unknown,,,0.0,Sick Leave,44.0,50.0,10.0,10.0,10.0,10.0,100.0,10.0,10.0,50.0,100.0,10.0,10.0,10.0,9.0,2.0,2.0,69000,828000,HSBC,monthly,EMP4235,69000.0,82800.0,33120.0,49680.0,1200.0,600.0,0.0,1000.0,0.0,Harvey Bullock
1.0,Full-Time,31.330078330465515,3290878630502072832,Karnataka,Bengaluru,2023-08-17,1,False,2,Active,True,Manoj test Aquera,Manoj test Aquera,Customer Service,White,L1,24,2000-07-10,USA,Non-Binary,They/Them,"coffee, fitness, cooking",,0.0,Customer Service Associate,Vegetarian,2024-02-15,Unknown,,,1.0,Paid Leave,27.0,50.0,50.0,50.0,50.0,10.0,10.0,100.0,50.0,50.0,100.0,100.0,10.0,10.0,4.0,6.0,3.0,13000,156000,Standard Chartered,monthly,EMP8673,13000.0,15600.0,0.0,0.0,1200.0,0.0,0.0,0.0,0.0,Zatanna Zatara
1.0,Full-Time,33.03116702697351,3290880948534510080,Karnataka,Bengaluru,2023-08-17,1,False,3,Active,True,Manoj Aquera,Manoj Aquera,IT,Asian,L2,26,1998-11-17,Canada,Female,She/Her,"coffee, fitness, cooking",,1.0,System Administrator,Vegan,2024-02-15,Unknown,,,1.0,Paid Leave,35.0,50.0,50.0,50.0,50.0,50.0,50.0,100.0,50.0,50.0,100.0,100.0,50.0,50.0,0.0,10.0,3.0,17500,210000,Standard Chartered,monthly,EMP5711,17500.0,21000.0,0.0,0.0,1200.0,600.0,2000.0,1000.0,0.0,Guy Gardner
1.0,Full-Time,33.29726835241126,3290890717320184320,Karnataka,Bengaluru,2023-08-17,1,False,9,Active,True,"Manoj,. Aquera","Manoj,. Aquera",Platform,American Indian,L3,33,1991-03-25,USA,Female,She/Her,"craft beer, blogging",,2.0,Backend Developer,Any,2024-02-15,Unknown,,,1.0,Paid Leave,29.0,100.0,50.0,50.0,50.0,100.0,10.0,100.0,50.0,100.0,100.0,10.0,100.0,100.0,2.0,4.0,7.0,32000,384000,Standard Chartered,monthly,EMP6225,32000.0,38400.0,0.0,0.0,1200.0,0.0,4000.0,0.0,3000.0,Damian Wayne
1.0,Full-Time,34.760815081251955,3290906560808616448,Karnataka,Bengaluru,2024-01-01,1,False,5,Active,True,Aquera Users Test,Aquera Users Test,Machine Learning,White,L3,26,1998-04-13,USA,Female,She/Her,"theatres and movies, travelling","being with my kids,biking",0.0,Data Analyst,Any,2024-07-01,Unknown,,,1.0,Sick Leave,45.0,50.0,50.0,50.0,50.0,10.0,100.0,100.0,50.0,50.0,100.0,100.0,10.0,10.0,3.0,6.0,4.0,24000,288000,Standard Chartered,monthly,EMP1668,24000.0,28800.0,0.0,0.0,1200.0,0.0,0.0,1000.0,0.0,Stephanie Brown
1.0,Full-Time,31.334670812572536,3291458383139308032,Karnataka,Bengaluru,2024-07-17,0,False,1,Active,True,Aquera Test Manager,Aquera Test Manager,UI/UX,White,L2,25,2000-01-05,Canada,Male,He/Him,"craft beer, blogging",,1.0,Frontend Developer,Any,2025-01-15,Unknown,,,0.0,Paid Leave,31.0,100.0,50.0,10.0,10.0,50.0,50.0,100.0,50.0,100.0,100.0,100.0,100.0,100.0,2.0,4.0,7.0,12000,144000,Standard Chartered,monthly,EMP9738,12000.0,14400.0,0.0,0.0,1200.0,0.0,2000.0,1000.0,0.0,Richard Grayson
1.0,Full-Time,34.00485083722302,3291488197241995776,Karnataka,Bengaluru,2024-01-01,1,False,6,Active,True,sri ram,sri ram,Customer Service,African American,L1,27,1997-02-28,USA,Female,She/Her,"coffee, fitness, cooking",,1.0,Customer Service Associate,Vegetarian,2024-07-01,Unknown,,,1.0,Sick Leave,46.0,50.0,50.0,50.0,50.0,50.0,100.0,100.0,50.0,50.0,100.0,100.0,10.0,10.0,2.0,7.0,4.0,21000,252000,Standard Chartered,monthly,EMP2657,21000.0,25200.0,0.0,0.0,1200.0,600.0,2000.0,0.0,0.0,Zatanna Zatara
1.0,Full-Time,32.37274208759789,3291491089508205056,Karnataka,Bengaluru,2024-01-01,1,False,4,Active,True,sri ram,sri ram,Machine Learning,White,L1,25,1999-03-03,UK,Male,He/Him,"football, blogging",,1.0,ML Intern,Any,2024-07-01,Unknown,,,1.0,Sick Leave,49.0,50.0,50.0,50.0,50.0,50.0,100.0,100.0,50.0,50.0,100.0,100.0,10.0,10.0,2.0,7.0,4.0,17000,204000,Standard Chartered,monthly,EMP3006,17000.0,20400.0,0.0,0.0,1200.0,600.0,2000.0,0.0,0.0,Cassandra Cain
1.0,Full-Time,33.3208849405884,3291515646948409856,Karnataka,Bengaluru,2024-01-01,1,False,10,Active,True,sri ram,sri ram,Sales,Hispanic,L1,34,1990-07-04,Mexico,Non-Binary,They/Them,"football, blogging",,2.0,Sales Associate,Vegetarian,2024-07-01,Unknown,,,1.0,Maternity Leave,180.0,50.0,50.0,50.0,50.0,100.0,50.0,100.0,50.0,50.0,100.0,10.0,10.0,10.0,3.0,7.0,3.0,29000,348000,Standard Chartered,monthly,EMP2479,29000.0,27840.0,6960.0,0.0,1200.0,0.0,4000.0,1000.0,0.0,Jim Gordon
0.5,Part-Time,20.0,3291563083259970048,West Bengal,Kolkata,2023-08-17,1,False,4,Active,True,Aquera Test Manager,Aquera Test Manager,Sales,African American,L1,26,1998-07-03,USA,Male,He/Him,"travelling, chess, sports entertainment",,1.0,Sales Associate,Vegetarian,2024-02-15,Unknown,,,1.0,Paid Leave,27.0,50.0,50.0,50.0,50.0,50.0,10.0,100.0,50.0,50.0,100.0,100.0,10.0,10.0,3.0,7.0,3.0,17000,204000,Standard Chartered,bi-weekly,EMP2342,17000.0,0.0,0.0,0.0,1200.0,0.0,0.0,0.0,0.0,Arnold Flass
1.0,Full-Time,41.86867086440253,3291563277649183232,Karnataka,Bengaluru,2023-01-01,2,False,11,Active,True,sri ram,sri ram,Platform,White,L1,35,1989-01-23,UK,Male,He/Him,"coffee, fitness, cooking",,2.0,Junior Backend Developer,Any,2023-07-02,Unknown,,,0.0,Paid Leave,36.0,100.0,100.0,10.0,10.0,100.0,50.0,50.0,50.0,100.0,100.0,10.0,100.0,100.0,3.0,3.0,7.0,32500,390000,ICICI,monthly,EMP6247,32500.0,39000.0,0.0,0.0,1200.0,0.0,4000.0,1000.0,0.0,Damian Wayne
1.0,Full-Time,34.284904054908544,3291569315198796288,West Bengal,Kolkata,2024-01-01,1,False,9,Active,True,Aquera Users Test,Aquera Users Test,Marketing,White,L1,31,1993-12-18,USA,Male,He/Him,"coffee, fitness, cooking",,0.0,Social Media Coordinator,Any,2024-07-01,Unknown,,,1.0,Paid Leave,34.0,50.0,50.0,50.0,50.0,10.0,50.0,100.0,50.0,50.0,100.0,50.0,50.0,50.0,1.0,10.0,2.0,27000,324000,Standard Chartered,monthly,EMP5463,27000.0,25920.0,6480.0,0.0,1200.0,0.0,0.0,0.0,3000.0,Harvey Dent
1.0,Full-Time,34.46149137079503,3291573178798703616,Karnataka,Bengaluru,2023-08-17,1,False,4,Active,True,Aquera Test Manager,Aquera Test Manager,Machine Learning,White,L1,26,1998-11-27,USA,Male,He/Him,"coffee, fitness, cooking",,1.0,ML Intern,Any,2024-02-15,Unknown,,,1.0,Paid Leave,31.0,50.0,50.0,50.0,50.0,50.0,50.0,100.0,50.0,50.0,100.0,100.0,10.0,10.0,2.0,8.0,3.0,17000,204000,Standard Chartered,monthly,EMP1510,17000.0,20400.0,0.0,0.0,1200.0,600.0,2000.0,0.0,0.0,Cassandra Cain
1.0,Full-Time,34.0979054480276,3291573260931564544,Karnataka,Bengaluru,2023-11-17,1,False,7,Active,True,AqueraTest User,AqueraTest User,UI/UX,White,L1,30,1994-06-30,USA,Male,He/Him,"theatres and movies, travelling",,0.0,Junior UX Designer,Any,2024-05-17,Unknown,,,1.0,Paid Leave,27.0,100.0,100.0,50.0,50.0,10.0,10.0,100.0,50.0,100.0,100.0,50.0,100.0,100.0,2.0,4.0,7.0,23000,276000,Standard Chartered,monthly,EMP6229,23000.0,27600.0,0.0,0.0,1200.0,0.0,0.0,1000.0,3000.0,Barabara Gordon
1.0,Full-Time,44.92652172497074,3291573703623574528,Karnataka,Bengaluru,2023-01-01,2,False,3,Active,True,sri ram,sri ram,UI/UX,White,L2,27,1997-09-08,Canada,Male,He/Him,"coffee, fitness, cooking",,1.0,Frontend Developer,Vegetarian,2023-07-02,Unknown,,,2.0,Paid Leave,28.0,100.0,50.0,100.0,100.0,50.0,10.0,50.0,50.0,100.0,100.0,100.0,100.0,100.0,1.0,4.0,8.0,19000,228000,ICICI,monthly,EMP4672,19000.0,22800.0,0.0,0.0,1200.0,600.0,2000.0,0.0,0.0,Jason Todd
1.0,Full-Time,34.34295274671656,3291577935911191552,Karnataka,Bengaluru,2023-08-17,1,False,8,Active,True,Joy Darby,Joy Darby,UI/UX,White,L2,32,1992-04-14,UK,Male,He/Him,"theatres and movies, travelling",,1.0,Frontend Developer,Any,2024-02-15,Unknown,,,1.0,Paid Leave,28.0,100.0,50.0,50.0,50.0,50.0,10.0,100.0,50.0,100.0,100.0,50.0,100.0,100.0,1.0,6.0,6.0,27500,330000,Standard Chartered,monthly,EMP7720,27500.0,33000.0,0.0,0.0,1200.0,0.0,2000.0,1000.0,0.0,Jason Todd
1.0,Full-Time,32.05244307709391,3291586856113669120,Karnataka,Bengaluru,2024-01-01,1,False,9,Active,True,Maya Adatia,Maya Adatia,UI/UX,White,L3,32,1992-02-21,Canada,Female,She/Her,"theatres and movies, travelling",,0.0,UX Designer,Any,2024-07-01,Unknown,,,1.0,Sick Leave,43.0,100.0,100.0,50.0,50.0,10.0,100.0,100.0,50.0,100.0,100.0,50.0,100.0,100.0,1.0,4.0,8.0,32000,384000,Standard Chartered,monthly,EMP7860,32000.0,38400.0,0.0,0.0,1200.0,0.0,0.0,0.0,3000.0,Richard Grayson
1.0,Full-Time,33.00851322238416,3291596735863849984,Karnataka,Bengaluru,2023-08-17,1,False,7,Active,True,Aquera Test Manager,Aquera Test Manager,IT,White,L1,28,1996-12-26,USA,Female,She/Her,"football, blogging",,0.0,IT Support,Any,2024-02-15,Unknown,,,1.0,Paid Leave,27.0,50.0,100.0,50.0,50.0,10.0,10.0,100.0,50.0,50.0,100.0,100.0,50.0,50.0,2.0,7.0,4.0,23000,276000,Standard Chartered,monthly,EMP5000,23000.0,27600.0,0.0,0.0,1200.0,600.0,0.0,1000.0,0.0,Jon Stewart
1.0,Full-Time,31.734671869596493,3291596820127417344,Karnataka,Bengaluru,2023-11-17,1,False,7,Active,True,AqueraTest User,AqueraTest User,Platform,White,L1,29,1995-10-04,USA,Male,He/Him,"coffee, fitness, cooking",,0.0,Junior Backend Developer,Any,2024-05-17,Unknown,,,1.0,Sick Leave,49.0,100.0,100.0,50.0,50.0,10.0,100.0,100.0,50.0,100.0,100.0,100.0,100.0,100.0,1.0,3.0,9.0,23000,276000,Standard Chartered,monthly,EMP8757,23000.0,27600.0,0.0,0.0,1200.0,0.0,0.0,1000.0,3000.0,Duke Thomas
1.0,Full-Time,40.916153917787064,3291597319190873088,Karnataka,Bengaluru,2023-01-01,2,True,10,Active,True,sri ram,sri ram,Management,White,L4,32,1992-06-03,Canada,Non-Binary,They/Them,"football, blogging",,0.0,Operations Manager,Any,2023-07-02,Unknown,,,2.0,Paid Leave,35.0,10.0,10.0,100.0,100.0,10.0,50.0,50.0,10.0,10.0,100.0,50.0,10.0,10.0,7.0,3.0,3.0,38000,456000,ICICI,monthly,EMP273,38000.0,36480.0,9120.0,0.0,1200.0,0.0,0.0,0.0,0.0,Bruce Wayne
1.0,Full-Time,33.50363263919485,3291606727610335232,West Bengal,Kolkata,2023-08-17,1,False,6,Active,True,Aquera Test Manager,Aquera Test Manager,Platform,White,L2,30,1994-01-22,UK,Male,He/Him,"sports entertainment, cooking, blogging",,0.0,Platform Engineer,Any,2024-02-15,Unknown,,,1.0,Paid Leave,35.0,100.0,50.0,50.0,50.0,10.0,50.0,100.0,50.0,100.0,100.0,50.0,100.0,100.0,1.0,6.0,6.0,23500,282000,Standard Chartered,monthly,EMP2429,23500.0,28200.0,0.0,0.0,1200.0,0.0,0.0,1000.0,3000.0,Roy Harper
1.0,Full-Time,31.58852123209649,3291606816655409152,Karnataka,Bengaluru,2023-11-17,1,False,3,Active,True,AqueraTest User,AqueraTest User,Platform,American Indian,L1,26,1998-12-23,USA,Male,He/Him,"travelling, chess, sports entertainment",,1.0,Junior Backend Developer,Any,2024-05-17,Unknown,,,1.0,Sick Leave,46.0,100.0,100.0,50.0,50.0,50.0,100.0,100.0,50.0,100.0,100.0,100.0,100.0,100.0,0.0,4.0,9.0,15000,180000,Standard Chartered,monthly,EMP4074,15000.0,18000.0,0.0,0.0,1200.0,0.0,2000.0,1000.0,3000.0,Connor Hawke
1.0,Full-Time,39.30310051369794,3291607274329473024,West Bengal,Kolkata,2023-01-01,2,False,7,Active,True,sri ram,sri ram,Platform,African American,L1,28,1996-08-17,USA,Female,She/Her,"travelling, chess, sports entertainment",,2.0,Junior Backend Developer,Any,2023-07-02,Unknown,,,1.0,Unpaid Leave,36.0,100.0,100.0,50.0,50.0,100.0,50.0,50.0,50.0,100.0,100.0,100.0,100.0,100.0,0.0,5.0,8.0,24500,294000,ICICI,monthly,EMP3331,24500.0,29400.0,0.0,0.0,1200.0,0.0,4000.0,0.0,3000.0,Connor Hawke
1.0,Full-Time,32.03004364022984,3291620283953184768,Karnataka,Bengaluru,2023-08-17,1,False,3,Active,True,Aquera Test Manager,Aquera Test Manager,Sales,African American,L1,24,2000-09-01,USA,Male,He/Him,"football, blogging",,0.0,Sales Associate,Any,2024-02-15,Unknown,,,1.0,Bereavement Leave,44.0,50.0,50.0,50.0,50.0,10.0,100.0,100.0,50.0,50.0,100.0,100.0,10.0,10.0,3.0,6.0,4.0,15000,180000,Standard Chartered,monthly,EMP6175,15000.0,14400.0,3600.0,0.0,1200.0,600.0,0.0,0.0,0.0,Jim Gordon
1.0,Full-Time,35.886240143576096,3291620368938172416,Karnataka,Bengaluru,2023-11-17,1,False,10,Active,True,AqueraTest User,AqueraTest User,Platform,White,L2,31,1993-04-11,Canada,Male,He/Him,"coffee, fitness, cooking",,1.0,Platform Engineer,Any,2024-05-17,Unknown,,,1.0,Paid Leave,27.0,100.0,50.0,50.0,50.0,50.0,10.0,100.0,50.0,100.0,100.0,50.0,100.0,100.0,1.0,6.0,6.0,31500,378000,Standard Chartered,monthly,EMP9896,31500.0,37800.0,0.0,0.0,1200.0,600.0,2000.0,1000.0,0.0,Duke Thomas
1.0,Full-Time,37.75578389539988,3291620810397057024,Karnataka,Bengaluru,2023-01-01,2,False,7,Active,True,sri ram,sri ram,Customer Service,White,L2,30,1994-09-12,Canada,Male,He/Him,"coffee, fitness, cooking",,2.0,Support Specialist,Any,2023-07-02,Unknown,,,2.0,Sick Leave,46.0,50.0,10.0,100.0,100.0,100.0,100.0,50.0,50.0,50.0,100.0,50.0,10.0,10.0,3.0,5.0,5.0,27000,324000,ICICI,monthly,EMP2292,27000.0,32400.0,0.0,0.0,1200.0,600.0,4000.0,1000.0,0.0,Jason Blood
1.0,Full-Time,31.200660725355196,3291623008195575808,Haryana,Gurgaon,2024-01-12,1,False,8,Active,True,aquera test,aquera test,UI/UX,White,L1,29,1995-08-27,Canada,Female,She/Her,"coffee, fitness, cooking",,1.0,Junior UX Designer,Any,2024-07-12,Unknown,,,1.0,Sick Leave,44.0,100.0,100.0,50.0,50.0,50.0,100.0,100.0,50.0,100.0,100.0,100.0,100.0,100.0,0.0,4.0,9.0,25000,300000,Standard Chartered,monthly,EMP6582,25000.0,30000.0,0.0,0.0,1200.0,0.0,2000.0,1000.0,3000.0,Jason Todd
1.0,Full-Time,32.500844032046935,3291632341469888512,Haryana,Gurgaon,2023-08-17,1,False,3,Active,True,Aquera Test Manager,Aquera Test Manager,Sales,White,L1,25,1999-03-17,USA,Male,He/Him,"travelling, chess, sports entertainment",,2.0,Sales Associate,Any,2024-02-15,Unknown,,,1.0,Unpaid Leave,38.0,50.0,50.0,50.0,50.0,100.0,50.0,100.0,50.0,50.0,100.0,100.0,10.0,10.0,2.0,7.0,4.0,15000,180000,Standard Chartered,monthly,EMP7693,15000.0,14400.0,3600.0,0.0,1200.0,0.0,4000.0,1000.0,3000.0,Arnold Flass
1.0,Full-Time,32.71204264586258,3291632436655423488,Karnataka,Bengaluru,2023-11-17,1,False,5,Active,True,AqueraTest User,AqueraTest User,Marketing,Asian,L2,29,1995-05-18,USA,Male,He/Him,"fitness, coffee, football",,2.0,Marketing Associate,Any,2024-05-17,Unknown,,,1.0,Paid Leave,35.0,50.0,10.0,50.0,50.0,100.0,50.0,100.0,50.0,50.0,100.0,100.0,50.0,50.0,1.0,8.0,4.0,21500,258000,Standard Chartered,monthly,EMP9744,21500.0,20640.0,5160.0,0.0,1200.0,0.0,4000.0,0.0,3000.0,Pamela Isley
1.0,Full-Time,47.43878985479197,3291633136793812992,West Bengal,Kolkata,2023-01-01,2,False,2,Active,True,sri ram,sri ram,Customer Service,Asian,L1,23,2001-02-05,China,Male,He/Him,"coffee, fitness, cooking",,0.0,Customer Service Associate,Any,2023-07-02,Unknown,,,1.0,Maternity Leave,198.0,50.0,50.0,50.0,50.0,10.0,50.0,50.0,50.0,50.0,100.0,100.0,10.0,10.0,3.0,8.0,2.0,14500,174000,ICICI,monthly,EMP7945,14500.0,17400.0,0.0,0.0,1200.0,0.0,0.0,1000.0,0.0,Selina Kyle
1.0,Full-Time,34.61193933021262,3291637627685437952,Karnataka,Bengaluru,2023-08-17,1,False,8,Active,True,Aquera Test Manager,Aquera Test Manager,IT,White,L3,29,1995-05-06,USA,Male,He/Him,"coffee, fitness, cooking",,0.0,Network Engineer,Any,2024-02-15,Unknown,,,1.0,Paid Leave,36.0,50.0,50.0,50.0,50.0,10.0,50.0,100.0,50.0,50.0,100.0,100.0,50.0,50.0,1.0,9.0,3.0,30000,360000,Standard Chartered,monthly,EMP7454,30000.0,36000.0,0.0,0.0,1200.0,0.0,0.0,0.0,3000.0,Hal Jordan
1.0,Full-Time,35.79834953095859,3291637717762310656,Karnataka,Bengaluru,2023-11-17,1,False,9,Active,True,AqueraTest User,AqueraTest User,Platform,White,L2,31,1993-02-07,UK,Male,He/Him,"coffee, fitness, cooking",,2.0,Platform Engineer,Any,2024-05-17,Unknown,,,1.0,Paid Leave,32.0,100.0,50.0,50.0,50.0,100.0,50.0,100.0,50.0,100.0,100.0,50.0,100.0,100.0,0.0,6.0,7.0,29500,354000,Standard Chartered,monthly,EMP9184,29500.0,35400.0,0.0,0.0,1200.0,0.0,4000.0,0.0,0.0,Duke Thomas
1.0,Full-Time,44.37748168225057,3291638233376489984,Karnataka,Bengaluru,2023-01-01,2,False,11,Active,True,sri ram,sri ram,Machine Learning,White,L1,32,1992-04-17,USA,Male,He/Him,"travelling, chess, sports entertainment",,2.0,ML Intern,Vegan,2023-07-02,Unknown,,,1.0,Paid Leave,31.0,50.0,50.0,50.0,50.0,100.0,50.0,50.0,50.0,50.0,100.0,50.0,10.0,10.0,2.0,9.0,2.0,32500,390000,ICICI,monthly,EMP4349,32500.0,39000.0,0.0,0.0,1200.0,0.0,4000.0,2000.0,0.0,Cassandra Cain
1.0,Full-Time,30.850584275252714,3291639240336605696,Karnataka,Bengaluru,2023-11-17,1,False,8,Active,True,AqueraTest User,AqueraTest User,Machine Learning,White,L3,32,1992-08-07,UK,Female,She/Her,"coffee, fitness, cooking",,1.0,Data Analyst,Any,2024-05-17,Unknown,,,1.0,Paid Leave,28.0,50.0,50.0,50.0,50.0,50.0,10.0,100.0,50.0,50.0,100.0,50.0,10.0,10.0,3.0,8.0,2.0,30000,360000,Standard Chartered,monthly,EMP7154,30000.0,36000.0,0.0,0.0,1200.0,0.0,2000.0,1000.0,0.0,Cassandra Cain
1.0,Full-Time,31.37270785264497,3295860736663749120,Karnataka,Bengaluru,2023-08-17,1,True,8,Active,True,Aquera Test Manager,Aquera Test Manager,UI/UX,African American,L5,29,1995-05-07,USA,Female,She/Her,"sports entertainment, cooking, blogging",,1.0,UI/UX Manager,Any,2024-02-15,Unknown,,,1.0,Sick Leave,51.0,100.0,50.0,50.0,50.0,50.0,100.0,100.0,10.0,100.0,100.0,100.0,100.0,100.0,1.0,4.0,8.0,35000,420000,Standard Chartered,monthly,EMP2743,35000.0,42000.0,16800.0,25200.0,1200.0,0.0,2000.0,1000.0,3000.0,Jason Todd
1.0,Full-Time,33.18712459030127,3295860837419319808,West Bengal,Kolkata,2023-11-17,1,False,7,Active,True,AqueraTest User,AqueraTest User,IT,White,L3,29,1995-02-09,Canada,Female,She/Her,"travelling, chess, sports entertainment",,0.0,Network Engineer,Vegetarian,2024-05-17,Unknown,,,1.0,Sick Leave,45.0,50.0,50.0,50.0,50.0,10.0,100.0,100.0,50.0,50.0,100.0,100.0,50.0,50.0,1.0,8.0,4.0,28000,336000,Standard Chartered,monthly,EMP8262,28000.0,33600.0,0.0,0.0,1200.0,0.0,0.0,0.0,3000.0,Guy Gardner
1.0,Full-Time,38.718327490654616,3295861300176880128,Karnataka,Bengaluru,2023-01-01,2,False,9,Active,True,sri ram,sri ram,Customer Service,Asian,L1,32,1992-01-14,USA,Male,He/Him,"theatres and movies, travelling",,0.0,Customer Service Associate,Any,2023-07-02,Unknown,,,2.0,Paid Leave,33.0,50.0,50.0,100.0,100.0,10.0,50.0,50.0,50.0,50.0,100.0,50.0,10.0,10.0,3.0,7.0,3.0,28500,342000,ICICI,monthly,EMP3082,28500.0,34200.0,0.0,0.0,1200.0,0.0,0.0,0.0,3000.0,Selina Kyle
1.0,Full-Time,30.715133986054695,3295942539760108032,West Bengal,Kolkata,2024-02-06,1,False,8,Active,True,Hari Vignesh,Hari Vignesh,UI/UX,White,L1,30,1995-01-08,Canada,Female,She/Her,"coffee, fitness, cooking",,1.0,Junior UX Designer,Any,2024-08-06,Unknown,,,1.0,Paid Leave,36.0,100.0,100.0,50.0,50.0,50.0,50.0,100.0,50.0,100.0,100.0,50.0,100.0,100.0,0.0,6.0,7.0,25000,300000,Standard Chartered,monthly,EMP1515,25000.0,30000.0,0.0,0.0,1200.0,600.0,2000.0,0.0,0.0,Tim Drake
1.0,Full-Time,33.136007208334085,3295945231219819520,Karnataka,Bengaluru,2024-02-06,1,False,8,Active,True,Hari Vignesh,Hari Vignesh,UI/UX,White,L1,31,1993-01-11,USA,Female,She/Her,"sports entertainment, football",,2.0,Junior UX Designer,Any,2024-08-06,Unknown,,,1.0,Paid Leave,27.0,100.0,100.0,50.0,50.0,100.0,10.0,100.0,50.0,100.0,100.0,50.0,100.0,100.0,1.0,4.0,8.0,25000,300000,Standard Chartered,monthly,EMP5491,25000.0,30000.0,0.0,0.0,1200.0,0.0,4000.0,1000.0,0.0,Richard Grayson
1.0,Full-Time,47.058678273241604,3295947730681070592,Karnataka,Bengaluru,2022-11-08,2,False,3,Active,True,Hari Vignesh,Hari Vignesh,Platform,White,L1,26,1998-02-03,UK,Female,She/Her,"coffee, fitness, cooking",,0.0,Junior Backend Developer,Any,2023-05-09,Unknown,,,0.0,Paid Leave,36.0,100.0,100.0,10.0,10.0,10.0,50.0,50.0,50.0,100.0,100.0,100.0,100.0,100.0,3.0,3.0,7.0,16500,198000,ICICI,monthly,EMP7328,16500.0,19800.0,0.0,0.0,1200.0,0.0,0.0,1000.0,3000.0,Connor Hawke
1.0,Full-Time,30.371311830249933,3295965441742078976,Karnataka,Bengaluru,2024-02-05,1,False,6,Active,True,Hari Vignesh,Hari Vignesh,Platform,Hispanic,L1,27,1997-08-13,Mexico,Female,She/Her,"coffee, fitness, cooking",,0.0,Junior Backend Developer,Any,2024-08-05,Unknown,,,1.0,Paid Leave,31.0,100.0,100.0,50.0,50.0,10.0,50.0,100.0,50.0,100.0,100.0,100.0,100.0,100.0,1.0,4.0,8.0,21000,252000,Standard Chartered,monthly,EMP8342,21000.0,25200.0,0.0,0.0,1200.0,0.0,0.0,0.0,0.0,Damian Wayne
1.0,Full-Time,33.4888609015486,3295969250530821120,Karnataka,Bengaluru,2024-02-24,1,False,2,Active,True,Hari Vigneshw,Hari Vigneshw,IT,White,L2,23,2001-06-02,UK,Male,He/Him,"fitness, coffee, football",,1.0,System Administrator,Any,2024-08-24,Unknown,,,1.0,Paid Leave,29.0,50.0,50.0,50.0,50.0,50.0,10.0,100.0,50.0,50.0,100.0,100.0,50.0,50.0,1.0,9.0,3.0,15500,186000,Standard Chartered,monthly,EMP5714,15500.0,18600.0,0.0,0.0,1200.0,0.0,2000.0,0.0,0.0,Hal Jordan
1.0,Full-Time,31.626474376567007,3296042905151472640,Karnataka,Bengaluru,2024-02-12,1,False,5,Active,True,hari vignesh,hari vignesh,Marketing,White,L1,29,1995-04-07,Canada,Male,He/Him,"coffee, fitness, cooking",,0.0,Social Media Coordinator,Any,2024-08-12,Unknown,,,1.0,Paid Leave,27.0,50.0,50.0,50.0,50.0,10.0,10.0,100.0,50.0,50.0,100.0,100.0,50.0,50.0,2.0,8.0,3.0,19000,228000,Standard Chartered,monthly,EMP7377,19000.0,18240.0,4560.0,0.0,1200.0,600.0,0.0,1000.0,0.0,Pamela Isley
1.0,Full-Time,30.26557623526381,3296043329304658944,Karnataka,Bengaluru,2024-02-05,1,False,6,Active,True,hari vignesh,hari vignesh,Platform,African American,L1,29,1995-08-13,USA,Male,He/Him,"travelling, chess, sports entertainment",,0.0,Junior Backend Developer,Any,2024-08-05,Unknown,,,1.0,Paid Leave,28.0,100.0,100.0,50.0,50.0,10.0,10.0,100.0,50.0,100.0,100.0,100.0,100.0,100.0,2.0,3.0,8.0,21000,252000,Standard Chartered,monthly,EMP3017,21000.0,25200.0,0.0,0.0,1200.0,0.0,0.0,1000.0,3000.0,Duke Thomas
1.0,Full-Time,31.741304972140036,3296058440316617728,Karnataka,Bengaluru,2024-02-06,1,False,2,Active,True,hari vignesh bala,hari vignesh bala,Platform,White,L1,26,1998-01-14,USA,Female,She/Her,"sports entertainment, cooking, blogging",,0.0,Junior Backend Developer,Any,2024-08-06,Unknown,,,1.0,Maternity Leave,192.0,100.0,100.0,50.0,50.0,10.0,50.0,100.0,50.0,100.0,100.0,100.0,100.0,100.0,1.0,4.0,8.0,13000,156000,Standard Chartered,monthly,EMP9489,13000.0,15600.0,0.0,0.0,1200.0,600.0,0.0,0.0,0.0,Damian Wayne
1.0,Full-Time,31.17393242777377,3296558143764431872,Karnataka,Bengaluru,2023-08-17,1,False,4,Active,True,Aquera Test User Manager,Aquera Test User Manager,Platform,White,L2,26,1998-12-16,UK,Female,She/Her,"travelling, chess, sports entertainment",,0.0,Platform Engineer,Any,2024-02-15,Unknown,,,1.0,Sick Leave,51.0,100.0,50.0,50.0,50.0,10.0,100.0,100.0,50.0,100.0,100.0,100.0,100.0,100.0,1.0,4.0,8.0,19500,234000,Standard Chartered,monthly,EMP9714,19500.0,23400.0,0.0,0.0,1200.0,0.0,0.0,1000.0,0.0,Roy Harper
1.0,Full-Time,34.541195387097325,3296558222827062272,Haryana,Gurgaon,2023-11-17,1,False,1,Active,True,AqueraTest User,AqueraTest User,Platform,White,L1,24,2000-12-14,UK,Female,She/Her,"coffee, fitness, cooking",,0.0,Junior Backend Developer,Any,2024-05-17,Unknown,,,1.0,Paid Leave,28.0,100.0,100.0,50.0,50.0,10.0,10.0,100.0,50.0,100.0,100.0,100.0,100.0,100.0,2.0,3.0,8.0,11000,132000,Standard Chartered,monthly,EMP3500,11000.0,13200.0,0.0,0.0,1200.0,600.0,0.0,0.0,0.0,Roy Harper
0.5,Part-Time,20.0,3296559389632103424,Haryana,Gurgaon,2023-01-01,2,False,2,Active,True,sri ram,sri ram,IT,White,L1,26,1998-07-18,Canada,Male,He/Him,"football, blogging",,0.0,IT Support,Any,2023-07-02,Unknown,,,2.0,Maternity Leave,186.0,50.0,100.0,100.0,100.0,10.0,50.0,50.0,50.0,50.0,100.0,100.0,50.0,50.0,1.0,7.0,5.0,14500,174000,ICICI,bi-weekly,EMP1001,14500.0,0.0,0.0,0.0,1200.0,0.0,0.0,0.0,0.0,Jon Stewart
1.0,Full-Time,30.220264282600397,3296654777768739328,Karnataka,Bengaluru,2023-11-17,1,False,6,Active,True,AqueraTest User,AqueraTest User,Machine Learning,White,L1,28,1996-11-01,UK,Non-Binary,They/Them,"coffee, fitness, cooking",,0.0,ML Intern,Any,2024-05-17,Unknown,,,1.0,Paid Leave,28.0,50.0,50.0,50.0,50.0,10.0,10.0,100.0,50.0,50.0,100.0,100.0,10.0,10.0,4.0,6.0,3.0,21000,252000,Standard Chartered,monthly,EMP7855,21000.0,25200.0,0.0,0.0,1200.0,0.0,0.0,0.0,3000.0,Stephanie Brown
1.0,Full-Time,40.03736040176117,3296654872174133760,Karnataka,Bengaluru,2023-01-01,2,True,11,Active,True,sri ram,sri ram,Customer Service,White,L5,35,1989-12-25,USA,Male,He/Him,"craft beer, chess",,1.0,Team Lead,Any,2023-07-02,Unknown,,,2.0,Bereavement Leave,47.0,50.0,10.0,100.0,100.0,50.0,100.0,50.0,10.0,50.0,100.0,10.0,10.0,10.0,5.0,4.0,4.0,42500,510000,ICICI,monthly,EMP3607,42500.0,51000.0,20400.0,30600.0,1200.0,600.0,2000.0,0.0,0.0,Zatanna Zatara
1.0,Full-Time,32.106694516137715,3296663470547665408,West Bengal,Kolkata,2023-08-17,1,False,3,Active,True,Aquera Test Manager,Aquera Test Manager,Customer Service,White,L2,24,2000-06-23,USA,Male,He/Him,"theatres and movies, travelling",,0.0,Support Specialist,Any,2024-02-15,Unknown,,,1.0,Paid Leave,29.0,50.0,10.0,50.0,50.0,10.0,10.0,100.0,50.0,50.0,100.0,100.0,10.0,10.0,5.0,5.0,3.0,17500,210000,Standard Chartered,monthly,EMP1616,17500.0,21000.0,0.0,0.0,1200.0,0.0,0.0,1000.0,0.0,Selina Kyle
1.0,Full-Time,35.01945590819248,3296663529544745472,West Bengal,Kolkata,2023-11-17,1,False,2,Active,True,AqueraTest User,AqueraTest User,UI/UX,White,L3,25,2000-01-05,USA,Male,He/Him,"sports entertainment, cooking, blogging",,0.0,UX Designer,Any,2024-05-17,Unknown,,,1.0,Paid Leave,36.0,100.0,100.0,50.0,50.0,10.0,50.0,100.0,50.0,100.0,100.0,100.0,100.0,100.0,1.0,4.0,8.0,18000,216000,Standard Chartered,monthly,EMP9061,18000.0,21600.0,0.0,0.0,1200.0,0.0,0.0,0.0,0.0,Richard Grayson
1.0,Full-Time,38.527974933967755,3296664632487313920,West Bengal,Kolkata,2023-01-01,2,False,4,Active,True,sri ram,sri ram,Machine Learning,White,L1,27,1997-01-29,UK,Male,He/Him,"sports entertainment, cooking, blogging",,0.0,ML Intern,Any,2023-07-02,Unknown,,,2.0,Paid Leave,34.0,50.0,50.0,100.0,100.0,10.0,50.0,50.0,50.0,50.0,100.0,100.0,10.0,10.0,3.0,6.0,4.0,18500,222000,ICICI,monthly,EMP7469,18500.0,22200.0,0.0,0.0,1200.0,0.0,0.0,0.0,3000.0,Stephanie Brown
1.0,Full-Time,34.881763387247986,3296712091154514432,West Bengal,Kolkata,2024-02-06,1,False,1,Active,True,Hari Vignesh Bala,Hari Vignesh Bala,Platform,African American,L3,22,2002-06-03,USA,Female,She/Her,"coffee, fitness, cooking",,0.0,Backend Developer,Any,2024-08-06,Unknown,,,1.0,Paid Leave,34.0,100.0,50.0,50.0,50.0,10.0,50.0,100.0,50.0,100.0,100.0,100.0,100.0,100.0,1.0,5.0,7.0,16000,192000,Standard Chartered,monthly,EMP2246,16000.0,19200.0,0.0,0.0,1200.0,600.0,0.0,0.0,0.0,Damian Wayne
1.0,Full-Time,34.70312078993246,3296771511121084416,Haryana,Gurgaon,2023-08-17,1,False,4,Active,True,Aquera Test Manager,Aquera Test Manager,Platform,African American,L2,25,1999-06-04,USA,Male,He/Him,"fitness, coffee, football",,0.0,Platform Engineer,Any,2024-02-15,Unknown,,,1.0,Sick Leave,47.0,100.0,50.0,50.0,50.0,10.0,100.0,100.0,50.0,100.0,100.0,100.0,100.0,100.0,1.0,4.0,8.0,19500,234000,Standard Chartered,monthly,EMP6254,19500.0,23400.0,0.0,0.0,1200.0,600.0,0.0,0.0,0.0,Roy Harper
1.0,Full-Time,35.993218379555394,3296771608403771392,Karnataka,Bengaluru,2023-11-17,1,False,10,Active,True,AqueraTest User,AqueraTest User,Customer Service,White,L3,32,1992-05-05,USA,Male,He/Him,"fitness, coffee, football",,1.0,Technical Consultant,Any,2024-05-17,Unknown,,,1.0,Sick Leave,42.0,50.0,50.0,50.0,50.0,50.0,50.0,100.0,50.0,50.0,100.0,50.0,10.0,10.0,2.0,9.0,2.0,34000,408000,Standard Chartered,monthly,EMP3026,34000.0,40800.0,0.0,0.0,1200.0,0.0,2000.0,0.0,0.0,Selina Kyle
1.0,Full-Time,44.22195644351008,3296772001460387840,Karnataka,Bengaluru,2023-01-01,2,True,8,Active,True,sri ram,sri ram,Customer Service,White,L4,31,1993-12-05,Canada,Female,She/Her,"football, blogging",,1.0,Customer Success Manager,Any,2023-07-02,Unknown,,,2.0,Sick Leave,45.0,50.0,10.0,100.0,100.0,50.0,100.0,50.0,10.0,50.0,100.0,50.0,10.0,10.0,4.0,5.0,4.0,34000,408000,ICICI,monthly,EMP7747,34000.0,40800.0,0.0,0.0,1200.0,600.0,2000.0,0.0,0.0,Zatanna Zatara
1.0,Full-Time,35.76303464952368,3296781883794260480,Karnataka,Bengaluru,2023-08-17,1,False,5,Active,True,Aquera Test Manager,Aquera Test Manager,Sales,White,L1,26,1998-01-12,Canada,Female,She/Her,"theatres and movies, travelling",,2.0,Sales Associate,Any,2024-02-15,Unknown,,,1.0,Paid Leave,31.0,50.0,50.0,50.0,50.0,100.0,50.0,100.0,50.0,50.0,100.0,100.0,10.0,10.0,2.0,7.0,4.0,19000,228000,Standard Chartered,monthly,EMP3805,19000.0,18240.0,4560.0,0.0,1200.0,0.0,4000.0,1000.0,0.0,Renee Montoya
1.0,Full-Time,33.199541329083935,3296781969727160832,West Bengal,Kolkata,2023-11-17,1,False,3,Active,True,AqueraTest User,AqueraTest User,Platform,African American,L3,25,1999-06-29,USA,Female,She/Her,"football, blogging",,1.0,Backend Developer,Any,2024-05-17,Unknown,,,1.0,Paid Leave,36.0,100.0,50.0,50.0,50.0,50.0,50.0,100.0,50.0,100.0,100.0,100.0,100.0,100.0,0.0,6.0,7.0,20000,240000,Standard Chartered,monthly,EMP7925,20000.0,24000.0,0.0,0.0,1200.0,0.0,2000.0,0.0,0.0,Roy Harper
1.0,Full-Time,43.409730920080854,3296782624718062080,Karnataka,Bengaluru,2023-01-01,2,True,11,Active,True,sri ram,sri ram,Customer Service,White,L3,32,1992-02-03,USA,Female,She/Her,"fitness, coffee, football",,0.0,Technical Consultant,Any,2023-07-02,Unknown,,,0.0,Paid Leave,32.0,50.0,50.0,10.0,10.0,10.0,50.0,50.0,10.0,50.0,100.0,50.0,10.0,10.0,6.0,6.0,1.0,37500,450000,ICICI,monthly,EMP7851,37500.0,45000.0,0.0,0.0,1200.0,0.0,0.0,0.0,0.0,Selina Kyle
1.0,Full-Time,46.67344737741692,3296786834482266624,Karnataka,Bengaluru,2015-03-14,10,True,14,Active,True,Anna Hirst,Anna Hirst,Machine Learning,White,L5,38,1986-11-17,Canada,Female,She/Her,"fitness, coffee, football",,0.0,Senior Data Scientist,Any,2015-09-12,Unknown,,,0.0,Paid Leave,30.0,50.0,10.0,10.0,10.0,10.0,10.0,10.0,10.0,50.0,100.0,10.0,10.0,10.0,10.0,2.0,1.0,60500,726000,HSBC,monthly,EMP5700,60500.0,72600.0,29040.0,43560.0,1200.0,0.0,0.0,1000.0,3000.0,Stephanie Brown
1.0,Full-Time,32.11651688390016,3296788370813878784,Karnataka,Bengaluru,2023-08-17,1,False,7,Active,True,Aquera Test Manager,Aquera Test Manager,Finance & Admin,White,L3,30,1994-05-19,Canada,Male,He/Him,"sports entertainment, cooking, blogging",,1.0,Financial Analyst,Any,2024-02-15,Unknown,,,1.0,Paid Leave,31.0,10.0,10.0,50.0,50.0,50.0,50.0,100.0,50.0,10.0,100.0,50.0,50.0,50.0,3.0,8.0,2.0,28000,336000,Standard Chartered,monthly,EMP705,28000.0,33600.0,0.0,0.0,1200.0,600.0,2000.0,2000.0,0.0,Oswald Cobblepot
1.0,Full-Time,35.61924813351902,3296788439298474496,Haryana,Gurgaon,2023-11-17,1,False,5,Active,True,AqueraTest User,AqueraTest User,UI/UX,White,L2,26,1998-10-10,UK,Male,He/Him,"fitness, coffee, football",,2.0,Frontend Developer,Any,2024-05-17,Unknown,,,1.0,Paid Leave,27.0,100.0,50.0,50.0,50.0,100.0,10.0,100.0,50.0,100.0,100.0,100.0,100.0,100.0,1.0,4.0,8.0,21500,258000,Standard Chartered,monthly,EMP84,21500.0,25800.0,0.0,0.0,1200.0,0.0,4000.0,1000.0,0.0,Jason Todd
1.0,Full-Time,46.65082350461998,3296789273713312256,Karnataka,Bengaluru,2023-01-01,2,False,3,Active,True,sri ram,sri ram,UI/UX,African American,L2,26,1998-04-25,USA,Male,He/Him,"football, blogging",,1.0,Frontend Developer,Any,2023-07-02,Unknown,,,2.0,Sick Leave,51.0,100.0,50.0,100.0,100.0,50.0,100.0,50.0,50.0,100.0,100.0,100.0,100.0,100.0,0.0,4.0,9.0,19000,228000,ICICI,monthly,EMP9451,19000.0,22800.0,0.0,0.0,1200.0,0.0,2000.0,0.0,0.0,Jason Todd
1.0,Full-Time,35.59178772466774,3297234814242914816,Karnataka,Bengaluru,2023-08-17,1,False,10,Active,True,Aquera Test Manager,Aquera Test Manager,Customer Service,White,L1,33,1991-05-20,UK,Non-Binary,They/Them,"chess, football",,0.0,Customer Service Associate,Any,2024-02-15,Unknown,,,1.0,Maternity Leave,198.0,50.0,50.0,50.0,50.0,10.0,50.0,100.0,50.0,50.0,100.0,10.0,10.0,10.0,4.0,7.0,2.0,29000,348000,Standard Chartered,monthly,EMP4740,29000.0,34800.0,0.0,0.0,1200.0,0.0,0.0,1000.0,0.0,Jason Blood
1.0,Full-Time,31.912059853409964,3297234917171134976,Karnataka,Bengaluru,2023-11-17,1,False,8,Active,True,AqueraTest User,AqueraTest User,Platform,White,L2,32,1992-05-17,USA,Female,She/Her,"travelling, chess, sports entertainment",,0.0,Platform Engineer,Any,2024-05-17,Unknown,,,1.0,Sick Leave,42.0,100.0,50.0,50.0,50.0,10.0,50.0,100.0,50.0,100.0,100.0,50.0,100.0,100.0,1.0,6.0,6.0,27500,330000,Standard Chartered,monthly,EMP2739,27500.0,33000.0,0.0,0.0,1200.0,600.0,0.0,1000.0,0.0,Connor Hawke
1.0,Full-Time,43.455586488223815,3297235881240297984,West Bengal,Kolkata,2023-01-01,2,True,10,Active,True,sri ram,sri ram,Platform,White,L6,34,1990-07-20,Canada,Male,He/Him,"theatres and movies, travelling",,2.0,Platform Director,Any,2023-07-02,Unknown,,,2.0,Paid Leave,34.0,100.0,10.0,100.0,100.0,100.0,50.0,50.0,10.0,100.0,100.0,10.0,100.0,100.0,3.0,2.0,8.0,43000,516000,ICICI,monthly,EMP3693,43000.0,51600.0,20640.0,30960.0,1200.0,0.0,4000.0,1000.0,0.0,Connor Hawke
1.0,Full-Time,42.78337119387423,3297235956779713024,Karnataka,Bengaluru,2023-01-01,2,False,9,Active,True,sri ram,sri ram,Finance & Admin,White,L3,33,1991-12-15,UK,Female,She/Her,"football, blogging",,1.0,Financial Analyst,Vegetarian,2023-07-02,Unknown,,,2.0,Paid Leave,35.0,10.0,10.0,100.0,100.0,50.0,50.0,50.0,50.0,10.0,100.0,10.0,50.0,50.0,4.0,6.0,3.0,33500,402000,ICICI,monthly,EMP4192,33500.0,40200.0,0.0,0.0,1200.0,0.0,2000.0,0.0,0.0,Oswald Cobblepot
1.0,Full-Time,44.46936972249196,3297235992389353984,Karnataka,Bengaluru,2023-01-01,2,False,4,Active,True,sri ram,sri ram,IT,American Indian,L1,27,1997-07-10,USA,Male,He/Him,"theatres and movies, travelling",,0.0,IT Support,Any,2023-07-02,Unknown,,,2.0,Paid Leave,35.0,50.0,100.0,100.0,100.0,10.0,50.0,50.0,50.0,50.0,100.0,100.0,50.0,50.0,1.0,7.0,5.0,18500,222000,ICICI,monthly,EMP1402,18500.0,22200.0,0.0,0.0,1200.0,0.0,0.0,1000.0,3000.0,Guy Gardner
1.0,Full-Time,30.5258703581937,3297401537768194560,Karnataka,Bengaluru,2023-11-17,1,False,1,Active,True,AqueraTest User,AqueraTest User,Management,White,L1,25,1999-06-30,Canada,Female,She/Her,"football, blogging",,0.0,Management Trainee,Any,2024-05-17,Unknown,,,1.0,Paid Leave,32.0,10.0,10.0,50.0,50.0,10.0,50.0,100.0,50.0,10.0,100.0,100.0,10.0,10.0,6.0,4.0,3.0,11000,132000,Standard Chartered,monthly,EMP3760,11000.0,10560.0,2640.0,0.0,1200.0,0.0,0.0,0.0,0.0,Bruce Wayne
1.0,Full-Time,32.182483523417545,3297406060427477504,Karnataka,Bengaluru,2023-08-17,1,False,1,Active,True,Aquera Test Manager,Aquera Test Manager,UI/UX,White,L1,25,1999-12-23,UK,Female,She/Her,"coffee, fitness, cooking",,1.0,Junior UX Designer,Any,2024-02-15,Unknown,,,1.0,Sick Leave,50.0,100.0,100.0,50.0,50.0,50.0,100.0,100.0,50.0,100.0,100.0,100.0,100.0,100.0,0.0,4.0,9.0,11000,132000,Standard Chartered,monthly,EMP5161,11000.0,13200.0,0.0,0.0,1200.0,600.0,2000.0,1000.0,0.0,Richard Grayson
1.0,Full-Time,30.54474487587317,3297408349141729792,Haryana,Gurgaon,2023-08-17,1,False,9,Active,True,Aquera Test Manager,Aquera Test Manager,IT,White,L2,30,1994-08-08,UK,Female,She/Her,"coffee, fitness, cooking",,1.0,System Administrator,Any,2024-02-15,Unknown,,,1.0,Paid Leave,31.0,50.0,50.0,50.0,50.0,50.0,50.0,100.0,50.0,50.0,100.0,50.0,50.0,50.0,0.0,11.0,2.0,29500,354000,Standard Chartered,monthly,EMP6549,29500.0,35400.0,0.0,0.0,1200.0,0.0,2000.0,0.0,3000.0,Jon Stewart
1.0,Full-Time,30.80775687988564,3297408449226211840,Karnataka,Bengaluru,2023-11-17,1,False,5,Active,True,AqueraTest User,AqueraTest User,Platform,White,L3,26,1998-02-22,Canada,Male,He/Him,"coffee, fitness, cooking",,1.0,Backend Developer,Any,2024-05-17,Unknown,,,1.0,Paid Leave,35.0,100.0,50.0,50.0,50.0,50.0,50.0,100.0,50.0,100.0,100.0,100.0,100.0,100.0,0.0,6.0,7.0,24000,288000,Standard Chartered,monthly,EMP9722,24000.0,28800.0,0.0,0.0,1200.0,0.0,2000.0,0.0,0.0,Roy Harper
1.0,Full-Time,37.462979476821985,3297455042977595904,Karnataka,Bengaluru,2022-09-27,2,False,8,Active,True,aquera test,aquera test,Platform,African American,L2,31,1993-10-01,USA,Female,She/Her,"fitness, coffee, football",,1.0,Platform Engineer,Any,2023-03-28,Unknown,,,2.0,Paid Leave,32.0,100.0,50.0,100.0,100.0,50.0,50.0,50.0,50.0,100.0,100.0,50.0,100.0,100.0,0.0,6.0,7.0,29000,348000,ICICI,monthly,EMP3566,29000.0,34800.0,0.0,0.0,1200.0,0.0,2000.0,0.0,0.0,Roy Harper
1.0,Full-Time,36.01483583532619,3297463866283262464,Karnataka,Bengaluru,2022-09-27,2,False,11,Active,True,Test Aquera,Test Aquera,IT,Asian,L1,33,1991-08-04,India,Female,She/Her,"coffee, fitness, cooking",,1.0,IT Support,Any,2023-03-28,Unknown,,,2.0,Sick Leave,44.0,50.0,100.0,100.0,100.0,50.0,100.0,50.0,50.0,50.0,100.0,10.0,50.0,50.0,1.0,7.0,5.0,32500,390000,ICICI,monthly,EMP2855,32500.0,39000.0,0.0,0.0,1200.0,0.0,2000.0,0.0,0.0,Guy Gardner
1.0,Full-Time,44.78917370117164,3297466733660471808,West Bengal,Kolkata,2022-09-27,2,True,8,Active,True,Test Aquera,Test Aquera,Human Resources,White,L5,31,1993-04-29,Canada,Male,He/Him,"theatres and movies, travelling",,0.0,HR Manager,Any,2023-03-28,Unknown,,,2.0,Paid Leave,32.0,10.0,10.0,100.0,100.0,10.0,50.0,50.0,10.0,10.0,100.0,50.0,10.0,10.0,7.0,3.0,3.0,36500,438000,ICICI,monthly,EMP5994,36500.0,43800.0,17520.0,26280.0,1200.0,0.0,0.0,1000.0,3000.0,Joe Karr
1.0,Full-Time,32.262779405682856,3297865239290183680,Haryana,Gurgaon,2023-08-17,1,False,4,Active,True,Aquera Test Manager,Aquera Test Manager,Platform,White,L1,26,1998-08-18,UK,Male,He/Him,"theatres and movies, travelling",,0.0,Junior Backend Developer,Any,2024-02-15,Unknown,,,1.0,Paid Leave,36.0,100.0,100.0,50.0,50.0,10.0,50.0,100.0,50.0,100.0,100.0,100.0,100.0,100.0,1.0,4.0,8.0,17000,204000,Standard Chartered,monthly,EMP7815,17000.0,20400.0,0.0,0.0,1200.0,0.0,0.0,1000.0,0.0,Damian Wayne
1.0,Full-Time,31.389729138999332,3297865323713134592,Karnataka,Bengaluru,2023-11-17,1,False,8,Active,True,AqueraTest User,AqueraTest User,IT,White,L2,30,1995-01-04,USA,Female,She/Her,"sports entertainment, cooking, blogging",,1.0,System Administrator,Any,2024-05-17,Unknown,,,1.0,Paid Leave,29.0,50.0,50.0,50.0,50.0,50.0,10.0,100.0,50.0,50.0,100.0,50.0,50.0,50.0,1.0,10.0,2.0,27500,330000,Standard Chartered,monthly,EMP1776,27500.0,33000.0,0.0,0.0,1200.0,0.0,2000.0,1000.0,0.0,Jon Stewart
1.0,Full-Time,44.770023580115726,3297867629707919360,Karnataka,Bengaluru,2023-01-01,2,False,9,Active,True,sri ram,sri ram,IT,African American,L1,30,1994-07-13,USA,Male,He/Him,"coffee, fitness, cooking",,2.0,IT Support,Vegetarian,2023-07-02,Unknown,,,2.0,Paid Leave,33.0,50.0,100.0,100.0,100.0,100.0,50.0,50.0,50.0,50.0,100.0,50.0,50.0,50.0,0.0,8.0,5.0,28500,342000,ICICI,monthly,EMP711,28500.0,34200.0,0.0,0.0,1200.0,600.0,4000.0,1000.0,0.0,Hal Jordan
1.0,Full-Time,46.32335773303797,3297867724784402432,Karnataka,Bengaluru,2023-01-01,2,False,8,Active,True,sri ram,sri ram,Customer Service,White,L3,31,1993-02-18,USA,Male,He/Him,"sports entertainment, cooking, blogging",,0.0,Technical Consultant,Any,2023-07-02,Unknown,,,2.0,Paid Leave,36.0,50.0,50.0,100.0,100.0,10.0,50.0,50.0,50.0,50.0,100.0,50.0,10.0,10.0,3.0,7.0,3.0,31500,378000,ICICI,monthly,EMP1195,31500.0,37800.0,0.0,0.0,1200.0,0.0,0.0,0.0,0.0,Jason Blood
1.0,Full-Time,40.53068440028641,3297867770720419840,Karnataka,Bengaluru,2023-01-01,2,False,10,Active,True,sri ram,sri ram,Machine Learning,White,L1,31,1993-08-18,UK,Male,He/Him,"coffee, fitness, cooking",,1.0,ML Intern,Any,2023-07-02,Unknown,,,0.0,Paid Leave,30.0,50.0,50.0,10.0,10.0,50.0,10.0,50.0,50.0,50.0,100.0,50.0,10.0,10.0,5.0,7.0,1.0,30500,366000,ICICI,monthly,EMP4144,30500.0,36600.0,0.0,0.0,1200.0,0.0,2000.0,0.0,0.0,Cassandra Cain
1.0,Full-Time,34.45394362211871,3297995476523024384,West Bengal,Kolkata,2023-08-17,1,False,6,Active,True,Aquera Test Manager,Aquera Test Manager,UI/UX,White,L3,30,1994-09-13,UK,Male,He/Him,"theatres and movies, travelling",,0.0,UX Designer,Any,2024-02-15,Unknown,,,1.0,Paid Leave,31.0,100.0,100.0,50.0,50.0,10.0,50.0,100.0,50.0,100.0,100.0,50.0,100.0,100.0,1.0,5.0,7.0,26000,312000,Standard Chartered,monthly,EMP4768,26000.0,31200.0,0.0,0.0,1200.0,0.0,0.0,1000.0,3000.0,Jason Todd
1.0,Full-Time,33.69351752851794,3297995544630132736,Karnataka,Bengaluru,2023-11-17,1,False,9,Active,True,AqueraTest Manager User,AqueraTest Manager User,UI/UX,White,L1,31,1993-07-22,UK,Female,She/Her,"travelling, chess, sports entertainment",,2.0,Junior UX Designer,Any,2024-05-17,Unknown,,,1.0,Paid Leave,33.0,100.0,100.0,50.0,50.0,100.0,50.0,100.0,50.0,100.0,100.0,50.0,100.0,100.0,0.0,5.0,8.0,27000,324000,Standard Chartered,monthly,EMP7445,27000.0,32400.0,0.0,0.0,1200.0,600.0,4000.0,0.0,0.0,Barabara Gordon
1.0,Full-Time,46.25013819081964,3297997974767927296,Karnataka,Bengaluru,2023-01-01,2,False,3,Active,True,sri ram,sri ram,Sales,African American,L3,24,2000-09-29,USA,Male,He/Him,"theatres and movies, travelling",,0.0,Sales Executive,Vegetarian,2023-07-02,Unknown,,,2.0,Paid Leave,27.0,50.0,50.0,100.0,100.0,10.0,10.0,50.0,50.0,50.0,100.0,100.0,10.0,10.0,4.0,5.0,4.0,21500,258000,ICICI,monthly,EMP6720,21500.0,20640.0,5160.0,0.0,1200.0,0.0,0.0,0.0,0.0,Harvey Bullock
1.0,Full-Time,35.9609127188289,3298012267731222528,Karnataka,Bengaluru,2023-08-17,1,False,4,Active,True,Aquera Test Manager,Aquera Test Manager,Platform,White,L1,28,1996-11-15,USA,Male,He/Him,"theatres and movies, travelling",,1.0,Junior Backend Developer,Any,2024-02-15,Unknown,,,1.0,Paid Leave,35.0,100.0,100.0,50.0,50.0,50.0,50.0,100.0,50.0,100.0,100.0,100.0,100.0,100.0,0.0,5.0,8.0,17000,204000,Standard Chartered,monthly,EMP1671,17000.0,20400.0,0.0,0.0,1200.0,600.0,2000.0,0.0,0.0,Damian Wayne
1.0,Full-Time,32.872501155812444,3298012340963770368,Karnataka,Bengaluru,2023-11-17,1,False,3,Active,True,AqueraTest Manager User,AqueraTest Manager User,Customer Service,White,L3,26,1998-06-25,USA,Female,She/Her,"football, blogging",,0.0,Technical Consultant,Any,2024-05-17,Unknown,,,1.0,Sick Leave,43.0,50.0,50.0,50.0,50.0,10.0,100.0,100.0,50.0,50.0,100.0,100.0,10.0,10.0,3.0,6.0,4.0,20000,240000,Standard Chartered,monthly,EMP8722,20000.0,24000.0,0.0,0.0,1200.0,0.0,0.0,0.0,0.0,Selina Kyle
1.0,Full-Time,37.88714722519164,3298014642554535936,Karnataka,Bengaluru,2023-01-01,2,False,11,Active,True,sri ram,sri ram,Finance & Admin,White,L3,34,1990-09-26,USA,Male,He/Him,"coffee, fitness, cooking",,2.0,Financial Analyst,Any,2023-07-02,Unknown,,,2.0,Paid Leave,36.0,10.0,10.0,100.0,100.0,100.0,50.0,50.0,50.0,10.0,100.0,10.0,50.0,50.0,4.0,5.0,4.0,37500,450000,ICICI,monthly,EMP6726,37500.0,45000.0,0.0,0.0,1200.0,0.0,4000.0,0.0,0.0,Victor Fries
1.0,Full-Time,33.65366014212729,3298033373083074560,West Bengal,Kolkata,2023-08-17,1,False,1,Active,True,Aquera Test Manager,Aquera Test Manager,IT,White,L2,25,1999-05-30,USA,Male,He/Him,"coffee, fitness, cooking",,2.0,System Administrator,Any,2024-02-15,Unknown,,,1.0,Sick Leave,46.0,50.0,50.0,50.0,50.0,100.0,100.0,100.0,50.0,50.0,100.0,100.0,50.0,50.0,0.0,8.0,5.0,13500,162000,Standard Chartered,monthly,EMP6377,13500.0,16200.0,0.0,0.0,1200.0,600.0,4000.0,1000.0,0.0,Guy Gardner
1.0,Full-Time,32.1836040729602,3298033445418041344,Haryana,Gurgaon,2023-11-17,1,False,3,Active,True,AqueraTest Manager User,AqueraTest Manager User,IT,Hispanic,L3,27,1997-05-16,Mexico,Male,He/Him,"travelling, chess, sports entertainment",,1.0,Network Engineer,Any,2024-05-17,Unknown,,,1.0,Paid Leave,30.0,50.0,50.0,50.0,50.0,50.0,10.0,100.0,50.0,50.0,100.0,100.0,50.0,50.0,1.0,9.0,3.0,20000,240000,Standard Chartered,monthly,EMP2264,20000.0,24000.0,0.0,0.0,1200.0,0.0,2000.0,0.0,0.0,Hal Jordan
1.0,Full-Time,41.510799543354864,3298035824276275200,Haryana,Gurgaon,2023-01-01,2,False,9,Active,True,sri ram,sri ram,Sales,White,L3,31,1993-12-02,Canada,Female,She/Her,"chess, football",,0.0,Sales Executive,Any,2023-07-02,Unknown,,,2.0,Paid Leave,33.0,50.0,50.0,100.0,100.0,10.0,50.0,50.0,50.0,50.0,100.0,50.0,10.0,10.0,3.0,7.0,3.0,33500,402000,ICICI,monthly,EMP5253,33500.0,32160.0,8040.0,0.0,1200.0,600.0,0.0,1000.0,0.0,Jim Gordon
1.0,Full-Time,42.860528369227694,3298037499514847232,Karnataka,Bengaluru,2022-09-27,2,False,2,Active,True,Test Aquera,Test Aquera,UI/UX,White,L1,26,1998-12-05,Canada,Female,She/Her,"theatres and movies, travelling",,0.0,Junior UX Designer,Vegetarian,2023-03-28,Unknown,,,1.0,Maternity Leave,180.0,100.0,100.0,50.0,50.0,10.0,50.0,50.0,50.0,100.0,100.0,100.0,100.0,100.0,1.0,5.0,7.0,14500,174000,ICICI,monthly,EMP364,14500.0,17400.0,0.0,0.0,1200.0,0.0,0.0,0.0,0.0,Richard Grayson
1.0,Full-Time,40.218740169330935,3298037668989894656,Karnataka,Bengaluru,2022-09-27,2,False,6,Active,True,Test Aquera,Test Aquera,Marketing,White,L1,30,1994-04-01,UK,Female,She/Her,"coffee, fitness, cooking",,1.0,Social Media Coordinator,Any,2023-03-28,Unknown,,,1.0,Paid Leave,35.0,50.0,50.0,50.0,50.0,50.0,50.0,50.0,50.0,50.0,100.0,50.0,50.0,50.0,0.0,12.0,1.0,22500,270000,ICICI,monthly,EMP8045,22500.0,21600.0,5400.0,0.0,1200.0,600.0,2000.0,0.0,0.0,Harvey Dent
1.0,Full-Time,30.57600395810087,3298038986982817792,Karnataka,Bengaluru,2023-08-17,1,False,5,Active,True,Aquera Test Manager,Aquera Test Manager,UI/UX,White,L3,26,1998-08-09,Canada,Male,He/Him,"travelling, chess, sports entertainment",,2.0,UX Designer,Any,2024-02-15,Unknown,,,1.0,Sick Leave,44.0,100.0,100.0,50.0,50.0,100.0,100.0,100.0,50.0,100.0,100.0,100.0,100.0,100.0,0.0,3.0,10.0,24000,288000,Standard Chartered,monthly,EMP8667,24000.0,28800.0,0.0,0.0,1200.0,600.0,4000.0,1000.0,0.0,Jason Todd
1.0,Full-Time,35.28671416905228,3298039055744237568,West Bengal,Kolkata,2023-11-17,1,False,5,Active,True,AqueraTest Manager User,AqueraTest Manager User,Marketing,African American,L3,26,1998-07-31,USA,Female,She/Her,"coffee, fitness, cooking",,2.0,Marketing Analyst,Any,2024-05-17,Unknown,,,1.0,Paid Leave,36.0,50.0,50.0,50.0,50.0,100.0,50.0,100.0,50.0,50.0,100.0,100.0,50.0,50.0,0.0,9.0,4.0,24000,288000,Standard Chartered,monthly,EMP654,24000.0,23040.0,5760.0,0.0,1200.0,600.0,4000.0,0.0,0.0,Pamela Isley
1.0,Full-Time,40.67230231788082,3298041695882444800,Karnataka,Bengaluru,2023-01-01,2,False,11,Active,True,sri ram,sri ram,IT,White,L3,33,1991-09-29,USA,Male,He/Him,"travelling, chess, sports entertainment",,0.0,Network Engineer,Any,2023-07-02,Unknown,,,2.0,Paid Leave,30.0,50.0,50.0,100.0,100.0,10.0,10.0,50.0,50.0,50.0,100.0,10.0,50.0,50.0,3.0,7.0,3.0,37500,450000,ICICI,monthly,EMP2105,37500.0,45000.0,0.0,0.0,1200.0,600.0,0.0,1000.0,0.0,Hal Jordan
1.0,Full-Time,35.803098051011034,3298049326143504384,Haryana,Gurgaon,2023-08-17,1,False,6,Active,True,Aquera Test Manager,Aquera Test Manager,Customer Service,White,L1,29,1995-07-17,USA,Male,He/Him,"craft beer, chess",,0.0,Customer Service Associate,Any,2024-02-15,Unknown,,,1.0,Paid Leave,27.0,50.0,50.0,50.0,50.0,10.0,10.0,100.0,50.0,50.0,100.0,100.0,10.0,10.0,4.0,6.0,3.0,21000,252000,Standard Chartered,monthly,EMP8819,21000.0,25200.0,0.0,0.0,1200.0,600.0,0.0,1000.0,0.0,Zatanna Zatara
1.0,Full-Time,34.00186908422508,3298049399770316800,West Bengal,Kolkata,2023-11-17,1,False,3,Active,True,AqueraTest Manager User,AqueraTest Manager User,UI/UX,White,L2,27,1997-07-03,USA,Female,She/Her,"travelling, chess, sports entertainment",,1.0,Frontend Developer,Any,2024-05-17,Unknown,,,1.0,Unpaid Leave,41.0,100.0,50.0,50.0,50.0,50.0,50.0,100.0,50.0,100.0,100.0,100.0,100.0,100.0,0.0,6.0,7.0,17500,210000,Standard Chartered,monthly,EMP21,17500.0,21000.0,0.0,0.0,1200.0,0.0,2000.0,0.0,0.0,Jason Todd
1.0,Full-Time,37.61941993953438,3298052128408338432,Karnataka,Bengaluru,2023-01-01,2,False,3,Active,True,sri ram,sri ram,IT,African American,L1,24,2000-04-18,USA,Female,She/Her,"travelling, chess, sports entertainment",,0.0,IT Support,Vegetarian,2023-07-02,Unknown,,,2.0,Paid Leave,27.0,50.0,100.0,100.0,100.0,10.0,10.0,50.0,50.0,50.0,100.0,100.0,50.0,50.0,2.0,6.0,5.0,16500,198000,ICICI,monthly,EMP4734,16500.0,19800.0,0.0,0.0,1200.0,600.0,0.0,0.0,0.0,Guy Gardner
1.0,Full-Time,46.73272026675171,3298052226546663424,Karnataka,Bengaluru,2023-01-01,2,False,2,Active,True,sri ram,sri ram,Platform,White,L1,23,2001-12-02,USA,Male,He/Him,"theatres and movies, travelling",,0.0,Junior Backend Developer,Any,2023-07-02,Unknown,,,2.0,Paid Leave,36.0,100.0,100.0,100.0,100.0,10.0,50.0,50.0,50.0,100.0,100.0,100.0,100.0,100.0,1.0,3.0,9.0,14500,174000,ICICI,monthly,EMP4181,14500.0,17400.0,0.0,0.0,1200.0,0.0,0.0,1000.0,3000.0,Damian Wayne
1.0,Full-Time,42.3360760362814,3298228048045801472,Karnataka,Bengaluru,2022-09-27,2,False,3,Active,True,Test Aquera,Test Aquera,Finance & Admin,White,L1,25,1999-11-25,UK,Female,She/Her,"coffee, fitness, cooking",,0.0,Accounts Associate,Any,2023-03-28,Unknown,,,2.0,Paid Leave,30.0,10.0,50.0,100.0,100.0,10.0,10.0,50.0,50.0,10.0,100.0,100.0,50.0,50.0,4.0,5.0,4.0,16500,198000,ICICI,monthly,EMP6487,16500.0,19800.0,0.0,0.0,1200.0,600.0,0.0,1000.0,0.0,Victor Fries
0.5,Part-Time,20.0,3298228072129495040,Karnataka,Bengaluru,2022-09-27,2,False,6,Active,True,Test Aquera,Test Aquera,UI/UX,White,L1,30,1994-01-21,USA,Male,He/Him,"travelling, chess, sports entertainment",,1.0,Junior UX Designer,Any,2023-03-28,Unknown,,,2.0,Sick Leave,50.0,100.0,100.0,100.0,100.0,50.0,100.0,50.0,50.0,100.0,100.0,50.0,100.0,100.0,0.0,4.0,9.0,22500,270000,ICICI,bi-weekly,EMP5973,22500.0,0.0,0.0,0.0,1200.0,0.0,0.0,0.0,0.0,Tim Drake
1.0,Full-Time,30.65063309335118,3298853815662412288,Karnataka,Bengaluru,2024-03-01,1,False,7,Active,True,Carol Chris Adams,Carol Chris Adams,Platform,African American,L2,31,1993-06-18,USA,Male,He/Him,"travelling, chess, sports entertainment",,0.0,Platform Engineer,Vegetarian,2024-08-30,Unknown,,,1.0,Maternity Leave,180.0,100.0,50.0,50.0,50.0,10.0,50.0,100.0,50.0,100.0,100.0,50.0,100.0,100.0,1.0,6.0,6.0,25500,306000,Standard Chartered,monthly,EMP4906,25500.0,30600.0,0.0,0.0,1200.0,600.0,0.0,0.0,0.0,Roy Harper
1.0,Full-Time,33.67926398529192,3298899986208523264,Karnataka,Bengaluru,2024-02-01,1,False,10,Active,True,Andrea Diana Stokes,Andrea Diana Stokes,Sales,White,L2,31,1993-04-14,Canada,Female,She/Her,"coffee, fitness, cooking",,1.0,Sales Representative,Vegetarian,2024-08-01,Unknown,,,1.0,Sick Leave,50.0,50.0,10.0,50.0,50.0,50.0,100.0,100.0,50.0,50.0,100.0,50.0,10.0,10.0,3.0,7.0,3.0,31500,378000,Standard Chartered,monthly,EMP715,31500.0,30240.0,7560.0,0.0,1200.0,0.0,2000.0,1000.0,0.0,Renee Montoya
1.0,Full-Time,30.840735249392985,3298943628210078208,Karnataka,Bengaluru,2024-02-02,1,False,3,Active,True,Aaron Jack Bright,Aaron Jack Bright,Sales,White,L1,24,2000-10-23,UK,Male,He/Him,"football, blogging",,1.0,Sales Associate,Kosher,2024-08-02,Unknown,,,1.0,Sick Leave,43.0,50.0,50.0,50.0,50.0,50.0,100.0,100.0,50.0,50.0,100.0,100.0,10.0,10.0,2.0,7.0,4.0,15000,180000,Standard Chartered,monthly,EMP9988,15000.0,14400.0,3600.0,0.0,1200.0,0.0,2000.0,0.0,0.0,Harvey Bullock
1.0,Full-Time,30.38082254243894,3298950062767342080,Karnataka,Bengaluru,2024-02-03,1,False,5,Active,True,Lyndon Alison Blogg,Lyndon Alison Blogg,Machine Learning,White,L1,29,1995-08-10,Canada,Male,He/Him,"theatres and movies, travelling",,0.0,ML Intern,Any,2024-08-03,Unknown,,,1.0,Maternity Leave,195.0,50.0,50.0,50.0,50.0,10.0,50.0,100.0,50.0,50.0,100.0,100.0,10.0,10.0,3.0,7.0,3.0,19000,228000,Standard Chartered,monthly,EMP1543,19000.0,22800.0,0.0,0.0,1200.0,0.0,0.0,1000.0,3000.0,Stephanie Brown
1.0,Full-Time,35.53022335785317,3298958904955765248,Karnataka,Bengaluru,2024-02-01,1,False,10,Active,True,Clark William Tucker,Clark William Tucker,Sales,African American,L3,34,1990-03-21,USA,Female,She/Her,"travelling, chess, sports entertainment",,2.0,Sales Executive,Any,2024-08-01,Unknown,,,1.0,Paid Leave,32.0,50.0,50.0,50.0,50.0,100.0,50.0,100.0,50.0,50.0,100.0,10.0,10.0,10.0,3.0,7.0,3.0,34000,408000,Standard Chartered,monthly,EMP7677,34000.0,32640.0,8160.0,0.0,1200.0,600.0,4000.0,1000.0,0.0,Harvey Bullock
1.0,Full-Time,34.12117770287257,3298963327564120576,Haryana,Gurgaon,2024-02-01,1,False,2,Active,True,Anne Lamb,Anne Lamb,Machine Learning,Asian,L1,26,1998-05-16,India,Female,She/Her,"craft beer, chess",,2.0,ML Intern,Any,2024-08-01,Unknown,,,1.0,Sick Leave,47.0,50.0,50.0,50.0,50.0,100.0,100.0,100.0,50.0,50.0,100.0,100.0,10.0,10.0,2.0,6.0,5.0,13000,156000,Standard Chartered,monthly,EMP6058,13000.0,15600.0,0.0,0.0,1200.0,0.0,4000.0,1000.0,0.0,Cassandra Cain
0.5,Part-Time,20.0,3300925552679976960,Karnataka,Bengaluru,2024-01-12,1,False,10,Active,True,aquera test,aquera test,IT,White,L1,31,1993-07-14,UK,Female,She/Her,"craft beer, blogging",,0.0,IT Support,Any,2024-07-12,Unknown,,,1.0,Paid Leave,31.0,50.0,100.0,50.0,50.0,10.0,50.0,100.0,50.0,50.0,100.0,50.0,50.0,50.0,1.0,9.0,3.0,29000,348000,Standard Chartered,bi-weekly,EMP1000,29000.0,0.0,0.0,0.0,1200.0,0.0,0.0,0.0,0.0,Hal Jordan
1.0,Full-Time,32.08857719663053,3300930720221888512,Karnataka,Bengaluru,2024-01-12,1,False,4,Active,True,aquera test,aquera test,IT,White,L1,26,1998-09-23,Canada,Female,She/Her,"sports entertainment, football",,0.0,IT Support,Any,2024-07-12,Unknown,,,1.0,Paid Leave,29.0,50.0,100.0,50.0,50.0,10.0,10.0,100.0,50.0,50.0,100.0,100.0,50.0,50.0,2.0,7.0,4.0,17000,204000,Standard Chartered,monthly,EMP5327,17000.0,20400.0,0.0,0.0,1200.0,0.0,0.0,1000.0,3000.0,Jon Stewart
1.0,Full-Time,34.972205734844074,3300956872772681728,Karnataka,Bengaluru,2024-01-12,1,False,2,Active,True,aqueraa testt,aqueraa testt,IT,Hispanic,L3,24,2000-12-17,Mexico,Female,She/Her,"coffee, fitness, cooking",,2.0,Network Engineer,Any,2024-07-12,Unknown,,,1.0,Paid Leave,27.0,50.0,50.0,50.0,50.0,100.0,10.0,100.0,50.0,50.0,100.0,100.0,50.0,50.0,1.0,8.0,4.0,18000,216000,Standard Chartered,monthly,EMP9221,18000.0,21600.0,0.0,0.0,1200.0,0.0,4000.0,0.0,0.0,Hal Jordan
1.0,Full-Time,31.62841042163488,3300957161449848832,Haryana,Gurgaon,2024-01-12,1,False,6,Active,True,aqueraaat testtta,aqueraaat testtta,Platform,White,L1,30,1994-10-17,USA,Female,She/Her,"sports entertainment, football",,0.0,Junior Backend Developer,Any,2024-07-12,Unknown,,,1.0,Paid Leave,28.0,100.0,100.0,50.0,50.0,10.0,10.0,100.0,50.0,100.0,100.0,50.0,100.0,100.0,2.0,4.0,7.0,21000,252000,Standard Chartered,monthly,EMP1997,21000.0,25200.0,0.0,0.0,1200.0,0.0,0.0,1000.0,3000.0,Connor Hawke
1.0,Full-Time,35.37827871858185,3300957553961205760,Karnataka,Bengaluru,2024-01-12,1,False,3,Active,True,aqueraaatt testttaa,aqueraaatt testttaa,UI/UX,White,L1,24,2000-08-23,Canada,Female,She/Her,"football, blogging",,2.0,Junior UX Designer,Any,2024-07-12,Unknown,,,1.0,Sick Leave,44.0,100.0,100.0,50.0,50.0,100.0,100.0,100.0,50.0,100.0,100.0,100.0,100.0,100.0,0.0,3.0,10.0,15000,180000,Standard Chartered,monthly,EMP7454,15000.0,18000.0,0.0,0.0,1200.0,600.0,4000.0,1000.0,0.0,Jason Todd
1.0,Full-Time,34.65305066128193,3300958240828817408,Haryana,Gurgaon,2024-01-12,1,False,7,Active,True,aqueraaatt testttaa,aqueraaatt testttaa,Sales,White,L1,28,1996-03-23,UK,Male,He/Him,"coffee, fitness, cooking",,2.0,Sales Associate,Any,2024-07-12,Unknown,,,1.0,Sick Leave,44.0,50.0,50.0,50.0,50.0,100.0,100.0,100.0,50.0,50.0,100.0,100.0,10.0,10.0,2.0,6.0,5.0,23000,276000,Standard Chartered,monthly,EMP858,23000.0,22080.0,5520.0,0.0,1200.0,0.0,4000.0,0.0,3000.0,Harvey Bullock
1.0,Full-Time,33.38599978678193,3300983066066944512,Karnataka,Bengaluru,2024-09-26,0,False,3,Active,True,aqueraaattt testttaaa,aqueraaattt testttaaa,IT,White,L1,26,1998-09-21,USA,Male,He/Him,"coffee, fitness, cooking",,1.0,IT Support,Any,2025-03-27,Unknown,,,0.0,Paid Leave,34.0,50.0,100.0,10.0,10.0,50.0,50.0,100.0,50.0,50.0,100.0,100.0,50.0,50.0,2.0,7.0,4.0,13500,162000,Standard Chartered,monthly,EMP7004,13500.0,16200.0,0.0,0.0,1200.0,600.0,2000.0,0.0,0.0,Guy Gardner
1.0,Full-Time,31.2547850510107,3300995587658220032,Karnataka,Bengaluru,2024-01-12,1,False,5,Active,True,aquer tes,aquer tes,Platform,African American,L3,26,1998-04-17,USA,Male,He/Him,"theatres and movies, travelling",,2.0,Backend Developer,Any,2024-07-12,Unknown,,,1.0,Paid Leave,31.0,100.0,50.0,50.0,50.0,100.0,50.0,100.0,50.0,100.0,100.0,100.0,100.0,100.0,0.0,5.0,8.0,24000,288000,Standard Chartered,monthly,EMP4371,24000.0,28800.0,0.0,0.0,1200.0,600.0,4000.0,0.0,0.0,Duke Thomas
1.0,Full-Time,35.96775765598746,3301012143339470848,Haryana,Gurgaon,2023-08-17,1,False,10,Active,True,Aquera Test Manager,Aquera Test Manager,Marketing,White,L1,33,1991-07-15,Canada,Female,She/Her,"sports entertainment, cooking, blogging",,0.0,Social Media Coordinator,Any,2024-02-15,Unknown,,,1.0,Maternity Leave,189.0,50.0,50.0,50.0,50.0,10.0,50.0,100.0,50.0,50.0,100.0,10.0,50.0,50.0,2.0,9.0,2.0,29000,348000,Standard Chartered,monthly,EMP142,29000.0,27840.0,6960.0,0.0,1200.0,0.0,0.0,1000.0,3000.0,Harleen Quinnzel
1.0,Full-Time,31.5740153143154,3301012227678535680,West Bengal,Kolkata,2023-11-17,1,False,2,Active,True,AqueraTest Manager User,AqueraTest Manager User,IT,African American,L1,24,2000-10-26,USA,Male,He/Him,"coffee, fitness, cooking",,2.0,IT Support,Any,2024-05-17,Unknown,,,1.0,Sick Leave,42.0,50.0,100.0,50.0,50.0,100.0,50.0,100.0,50.0,50.0,100.0,100.0,50.0,50.0,0.0,8.0,5.0,13000,156000,Standard Chartered,monthly,EMP6814,13000.0,15600.0,0.0,0.0,1200.0,600.0,4000.0,1000.0,0.0,Jon Stewart
1.0,Full-Time,46.19208215736698,3301015336865759232,Karnataka,Bengaluru,2023-01-01,2,True,9,Active,True,sri ram,sri ram,Marketing,African American,L6,32,1992-10-05,USA,Male,He/Him,"theatres and movies, travelling",,1.0,Senior Marketing Manager,Vegetarian,2023-07-02,Unknown,,,2.0,Paid Leave,35.0,50.0,10.0,100.0,100.0,50.0,50.0,50.0,10.0,50.0,100.0,50.0,50.0,50.0,2.0,8.0,3.0,41000,492000,ICICI,monthly,EMP7461,41000.0,49200.0,19680.0,29520.0,1200.0,600.0,2000.0,1000.0,0.0,Harvey Dent
1.0,Full-Time,45.75976198853488,3301015416649809920,West Bengal,Kolkata,2023-01-01,2,False,10,Active,True,sri ram,sri ram,Customer Service,White,L1,32,1992-01-24,Canada,Male,He/Him,"coffee, fitness, cooking",,1.0,Customer Service Associate,Vegetarian,2023-07-02,Unknown,,,2.0,Paid Leave,27.0,50.0,50.0,100.0,100.0,50.0,10.0,50.0,50.0,50.0,100.0,50.0,10.0,10.0,3.0,7.0,3.0,30500,366000,ICICI,monthly,EMP8142,30500.0,36600.0,0.0,0.0,1200.0,0.0,2000.0,1000.0,0.0,Zatanna Zatara
1.0,Full-Time,47.08631727357807,3301015460874551296,Haryana,Gurgaon,2023-01-01,2,False,10,Active,True,sri ram,sri ram,Platform,White,L1,31,1993-09-27,Canada,Male,He/Him,"coffee, fitness, cooking",,0.0,Junior Backend Developer,Any,2023-07-02,Unknown,,,1.0,Sick Leave,45.0,100.0,100.0,50.0,50.0,10.0,100.0,50.0,50.0,100.0,100.0,50.0,100.0,100.0,1.0,5.0,7.0,30500,366000,ICICI,monthly,EMP8135,30500.0,36600.0,0.0,0.0,1200.0,600.0,0.0,1000.0,0.0,Damian Wayne
1.0,Full-Time,30.968063950745876,3302537568419054592,West Bengal,Kolkata,2023-08-17,1,False,9,Active,True,Aquera Test Manager,Aquera Test Manager,IT,White,L1,32,1992-01-29,Canada,Male,He/Him,"theatres and movies, travelling",,2.0,IT Support,Vegetarian,2024-02-15,Unknown,,,1.0,Paid Leave,27.0,50.0,100.0,50.0,50.0,100.0,10.0,100.0,50.0,50.0,100.0,50.0,50.0,50.0,1.0,8.0,4.0,27000,324000,Standard Chartered,monthly,EMP9308,27000.0,32400.0,0.0,0.0,1200.0,600.0,4000.0,0.0,0.0,Guy Gardner
1.0,Full-Time,33.566586894656915,3302537643052499968,Karnataka,Bengaluru,2023-11-17,1,False,6,Active,True,AqueraTest Manager User,AqueraTest Manager User,Customer Service,White,L3,30,1994-05-18,Canada,Male,He/Him,"fitness, coffee, football",,1.0,Technical Consultant,Any,2024-05-17,Unknown,,,1.0,Sick Leave,51.0,50.0,50.0,50.0,50.0,50.0,100.0,100.0,50.0,50.0,100.0,50.0,10.0,10.0,2.0,8.0,3.0,26000,312000,Standard Chartered,monthly,EMP4249,26000.0,31200.0,0.0,0.0,1200.0,600.0,2000.0,1000.0,0.0,Zatanna Zatara
1.0,Full-Time,41.1991065387481,3302540079741797376,Karnataka,Bengaluru,2023-01-01,2,False,2,Active,True,sri ram,sri ram,Marketing,White,L1,26,1998-02-25,USA,Male,He/Him,"football, blogging",,1.0,Social Media Coordinator,Vegetarian,2023-07-02,Unknown,,,2.0,Maternity Leave,195.0,50.0,50.0,100.0,100.0,50.0,50.0,50.0,50.0,50.0,100.0,100.0,50.0,50.0,0.0,9.0,4.0,14500,174000,ICICI,monthly,EMP3852,14500.0,13920.0,3480.0,0.0,1200.0,600.0,2000.0,0.0,0.0,Harleen Quinnzel
1.0,Full-Time,37.111563000453344,3302540167721518080,Karnataka,Bengaluru,2023-01-01,2,False,8,Active,True,sri ram,sri ram,Platform,White,L1,29,1995-06-03,USA,Male,He/Him,"football, blogging",,0.0,Junior Backend Developer,Any,2023-07-02,Unknown,,,2.0,Paid Leave,35.0,100.0,100.0,100.0,100.0,10.0,50.0,50.0,50.0,100.0,100.0,100.0,100.0,100.0,1.0,3.0,9.0,26500,318000,ICICI,monthly,EMP5188,26500.0,31800.0,0.0,0.0,1200.0,0.0,0.0,0.0,3000.0,Damian Wayne
1.0,Full-Time,45.13706878299914,3302540212743177216,Karnataka,Bengaluru,2023-01-01,2,False,8,Active,True,sri ram,sri ram,Sales,African American,L1,29,1995-11-24,USA,Female,She/Her,"coffee, fitness, cooking",,1.0,Sales Associate,Vegetarian,2023-07-02,Unknown,,,2.0,Bereavement Leave,42.43,50.0,50.0,100.0,100.0,50.0,100.0,50.0,50.0,50.0,100.0,100.0,10.0,10.0,2.0,6.0,5.0,26500,318000,ICICI,monthly,EMP8524,26500.0,25440.0,6360.0,0.0,1200.0,0.0,2000.0,0.0,3000.0,Harvey Bullock
1.0,Full-Time,35.26830998205428,3302558550550642688,Karnataka,Bengaluru,2024-02-06,1,False,1,Active,True,Hari Vignesh,Hari Vignesh,IT,White,L1,24,2000-02-20,Canada,Female,She/Her,"chess, football",,0.0,IT Support,Any,2024-08-06,Unknown,,,1.0,Sick Leave,47.0,50.0,100.0,50.0,50.0,10.0,100.0,100.0,50.0,50.0,100.0,100.0,50.0,50.0,1.0,7.0,5.0,11000,132000,Standard Chartered,monthly,EMP8194,11000.0,13200.0,0.0,0.0,1200.0,0.0,0.0,1000.0,0.0,Guy Gardner
1.0,Full-Time,32.37682264788853,3302564998747783168,Karnataka,Bengaluru,2023-08-17,1,False,7,Active,True,Aquera Test Manager,Aquera Test Manager,Sales,White,L1,29,1995-02-26,UK,Female,She/Her,"coffee, fitness, cooking",,2.0,Sales Associate,Any,2024-02-15,Unknown,,,1.0,Paid Leave,27.0,50.0,50.0,50.0,50.0,100.0,10.0,100.0,50.0,50.0,100.0,100.0,10.0,10.0,3.0,6.0,4.0,23000,276000,Standard Chartered,monthly,EMP8695,23000.0,22080.0,5520.0,0.0,1200.0,0.0,4000.0,1000.0,3000.0,Arnold Flass
1.0,Full-Time,32.531699349408306,3302565107606749184,West Bengal,Kolkata,2023-11-17,1,True,7,Active,True,AqueraTest Manager User,AqueraTest Manager User,UI/UX,White,L6,28,1996-10-28,UK,Female,She/Her,"coffee, fitness, cooking",,2.0,Senior UX Designer,Vegetarian,2024-05-17,Unknown,,,1.0,Maternity Leave,183.0,100.0,10.0,50.0,50.0,100.0,50.0,100.0,10.0,100.0,100.0,100.0,100.0,100.0,2.0,3.0,8.0,35500,426000,Standard Chartered,monthly,EMP3280,35500.0,42600.0,17040.0,25560.0,1200.0,600.0,4000.0,0.0,0.0,Barabara Gordon
1.0,Full-Time,41.44669058098408,3302567368613429248,Karnataka,Bengaluru,2023-01-01,2,False,4,Active,True,sri ram,sri ram,Finance & Admin,White,L1,25,1999-11-12,Canada,Male,He/Him,"coffee, fitness, cooking",,2.0,Accounts Associate,Any,2023-07-02,Unknown,,,2.0,Paid Leave,35.0,10.0,50.0,100.0,100.0,100.0,50.0,50.0,50.0,10.0,100.0,100.0,50.0,50.0,2.0,6.0,5.0,18500,222000,ICICI,monthly,EMP2183,18500.0,22200.0,0.0,0.0,1200.0,600.0,4000.0,1000.0,0.0,Victor Fries
1.0,Full-Time,38.943111253063776,3302567444362559488,Karnataka,Bengaluru,2023-01-01,2,False,11,Active,True,sri ram,sri ram,Customer Service,White,L1,33,1991-12-18,USA,Female,She/Her,"travelling, chess, sports entertainment",,1.0,Customer Service Associate,Any,2023-07-02,Unknown,,,2.0,Sick Leave,51.0,50.0,50.0,100.0,100.0,50.0,100.0,50.0,50.0,50.0,100.0,10.0,10.0,10.0,3.0,6.0,4.0,32500,390000,ICICI,monthly,EMP6592,32500.0,39000.0,0.0,0.0,1200.0,0.0,2000.0,1000.0,0.0,Selina Kyle
0.5,Part-Time,20.0,3302567489702985728,West Bengal,Kolkata,2023-01-01,2,False,10,Active,True,sri ram,sri ram,Platform,White,L1,31,1993-05-08,USA,Female,She/Her,"coffee, fitness, cooking",,0.0,Junior Backend Developer,Any,2023-07-02,Unknown,,,2.0,Paid Leave,34.0,100.0,100.0,100.0,100.0,10.0,50.0,50.0,50.0,100.0,100.0,50.0,100.0,100.0,1.0,4.0,8.0,30500,366000,ICICI,bi-weekly,EMP5584,30500.0,0.0,0.0,0.0,1200.0,0.0,0.0,0.0,0.0,Damian Wayne
1.0,Full-Time,35.0742426958196,3303092927856641024,Haryana,Gurgaon,2023-08-17,1,False,8,Active,True,Aquera Test Manager,Aquera Test Manager,Finance & Admin,White,L3,29,1995-09-08,Canada,Female,She/Her,"travelling, chess, sports entertainment",,2.0,Financial Analyst,Any,2024-02-15,Unknown,,,1.0,Paid Leave,33.0,10.0,10.0,50.0,50.0,100.0,50.0,100.0,50.0,10.0,100.0,100.0,50.0,50.0,3.0,6.0,4.0,30000,360000,Standard Chartered,monthly,EMP2725,30000.0,36000.0,0.0,0.0,1200.0,0.0,4000.0,1000.0,3000.0,Oswald Cobblepot
1.0,Full-Time,34.50713028115459,3303093017472140288,West Bengal,Kolkata,2023-11-17,1,False,6,Active,True,AqueraTest Manager User,AqueraTest Manager User,Marketing,White,L2,30,1994-07-29,USA,Male,He/Him,"fitness, coffee, football",,2.0,Marketing Associate,Any,2024-05-17,Unknown,,,1.0,Paid Leave,30.0,50.0,10.0,50.0,50.0,100.0,10.0,100.0,50.0,50.0,100.0,50.0,50.0,50.0,2.0,8.0,3.0,23500,282000,Standard Chartered,monthly,EMP7157,23500.0,22560.0,5640.0,0.0,1200.0,0.0,4000.0,0.0,0.0,Pamela Isley
1.0,Full-Time,42.70864417238896,3303095434607592448,Karnataka,Bengaluru,2023-01-01,2,False,8,Active,True,sri ram,sri ram,UI/UX,African American,L3,29,1995-04-17,USA,Male,He/Him,"sports entertainment, cooking, blogging",,0.0,UX Designer,Any,2023-07-02,Unknown,,,2.0,Sick Leave,44.0,100.0,100.0,100.0,100.0,10.0,100.0,50.0,50.0,100.0,100.0,100.0,100.0,100.0,1.0,2.0,10.0,31500,378000,ICICI,monthly,EMP8081,31500.0,37800.0,0.0,0.0,1200.0,0.0,0.0,2000.0,3000.0,Tim Drake
1.0,Full-Time,40.32175419012059,3303095508578337792,Karnataka,Bengaluru,2023-01-01,2,False,8,Active,True,sri ram,sri ram,Platform,White,L1,31,1993-02-18,Canada,Female,She/Her,"football, blogging",,0.0,Junior Backend Developer,Any,2023-07-02,Unknown,,,2.0,Paid Leave,35.0,100.0,100.0,100.0,100.0,10.0,50.0,50.0,50.0,100.0,100.0,50.0,100.0,100.0,1.0,4.0,8.0,26500,318000,ICICI,monthly,EMP3233,26500.0,31800.0,0.0,0.0,1200.0,0.0,0.0,1000.0,0.0,Roy Harper
0.5,Part-Time,20.0,3303095558306006016,Karnataka,Bengaluru,2023-01-01,2,False,2,Active,True,sri ram,sri ram,Marketing,White,L1,23,2001-06-10,USA,Male,He/Him,"fitness, coffee, football",,2.0,Social Media Coordinator,Any,2023-07-02,Unknown,,,2.0,Paid Leave,30.0,50.0,50.0,100.0,100.0,100.0,10.0,50.0,50.0,50.0,100.0,100.0,50.0,50.0,1.0,7.0,5.0,14500,174000,ICICI,bi-weekly,EMP5964,14500.0,0.0,0.0,0.0,1200.0,0.0,0.0,0.0,0.0,Harleen Quinnzel
1.0,Full-Time,32.25034857097933,3303135203597221888,Karnataka,Bengaluru,2023-08-17,1,False,6,Active,True,Aquera Test Manager,Aquera Test Manager,UI/UX,White,L2,28,1996-03-13,UK,Male,He/Him,"coffee, fitness, cooking",,0.0,Frontend Developer,Any,2024-02-15,Unknown,,,1.0,Sick Leave,49.0,100.0,50.0,50.0,50.0,10.0,100.0,100.0,50.0,100.0,100.0,100.0,100.0,100.0,1.0,4.0,8.0,23500,282000,Standard Chartered,monthly,EMP7675,23500.0,28200.0,0.0,0.0,1200.0,0.0,0.0,0.0,3000.0,Tim Drake
1.0,Full-Time,35.682362789921015,3303135282802458624,Karnataka,Bengaluru,2023-11-17,1,False,3,Active,True,AqueraTest Manager User,AqueraTest Manager User,Machine Learning,White,L1,25,1999-02-22,UK,Male,He/Him,"football, blogging",,0.0,ML Intern,Any,2024-05-17,Unknown,,,1.0,Paid Leave,36.0,50.0,50.0,50.0,50.0,10.0,50.0,100.0,50.0,50.0,100.0,100.0,10.0,10.0,3.0,7.0,3.0,15000,180000,Standard Chartered,monthly,EMP7860,15000.0,18000.0,0.0,0.0,1200.0,0.0,0.0,2000.0,3000.0,Cassandra Cain
1.0,Full-Time,38.63254242694297,3303137456810885120,Karnataka,Bengaluru,2023-01-01,2,False,8,Active,True,sri ram,sri ram,IT,White,L3,32,1992-01-16,UK,Male,He/Him,"theatres and movies, travelling",,0.0,Network Engineer,Any,2023-07-02,Unknown,,,2.0,Paid Leave,27.0,50.0,50.0,100.0,100.0,10.0,10.0,50.0,50.0,50.0,100.0,50.0,50.0,50.0,2.0,8.0,3.0,31500,378000,ICICI,monthly,EMP2686,31500.0,37800.0,0.0,0.0,1200.0,600.0,0.0,1000.0,0.0,Guy Gardner
1.0,Full-Time,34.54991925007485,3303181340555346432,West Bengal,Kolkata,2023-08-17,1,False,7,Active,True,Aquera Test Manager,Aquera Test Manager,UI/UX,Hispanic,L3,29,1995-05-07,USA,Female,She/Her,"fitness, coffee, football",,0.0,UX Designer,Any,2024-02-15,Unknown,,,1.0,Paid Leave,32.0,100.0,100.0,50.0,50.0,10.0,50.0,100.0,50.0,100.0,100.0,100.0,100.0,100.0,1.0,4.0,8.0,28000,336000,Standard Chartered,monthly,EMP9311,28000.0,33600.0,0.0,0.0,1200.0,600.0,0.0,0.0,0.0,Richard Grayson
1.0,Full-Time,32.76313920558169,3303181424625975808,Karnataka,Bengaluru,2023-11-17,1,True,9,Active,True,AqueraTest Manager User,AqueraTest Manager User,Finance & Admin,White,L3,33,1991-03-06,Canada,Male,He/Him,"coffee, fitness, cooking",,1.0,Financial Analyst,Any,2024-05-17,Unknown,,,1.0,Paid Leave,32.0,10.0,10.0,50.0,50.0,50.0,50.0,100.0,10.0,10.0,100.0,10.0,50.0,50.0,5.0,6.0,2.0,32000,384000,Standard Chartered,monthly,EMP9747,32000.0,38400.0,0.0,0.0,1200.0,600.0,2000.0,1000.0,0.0,Victor Fries
1.0,Full-Time,36.27688542598157,3303183426726658560,Haryana,Gurgaon,2023-01-01,2,False,3,Active,True,sri ram,sri ram,IT,African American,L1,25,2000-01-03,USA,Male,He/Him,"fitness, coffee, football",,0.0,IT Support,Any,2023-07-02,Unknown,,,1.0,Paid Leave,33.0,50.0,100.0,50.0,50.0,10.0,50.0,50.0,50.0,50.0,100.0,100.0,50.0,50.0,1.0,9.0,3.0,16500,198000,ICICI,monthly,EMP5084,16500.0,19800.0,0.0,0.0,1200.0,0.0,0.0,0.0,0.0,Hal Jordan
1.0,Full-Time,30.68772650967098,3303191853687374336,Karnataka,Bengaluru,2023-08-17,1,False,9,Active,True,Aquera Test Manager,Aquera Test Manager,Finance & Admin,White,L1,33,1991-01-15,Canada,Male,He/Him,"travelling, chess, sports entertainment",,0.0,Accounts Associate,Any,2024-02-15,Unknown,,,1.0,Paid Leave,29.0,10.0,50.0,50.0,50.0,10.0,10.0,100.0,50.0,10.0,100.0,10.0,50.0,50.0,5.0,6.0,2.0,27000,324000,Standard Chartered,monthly,EMP7561,27000.0,32400.0,0.0,0.0,1200.0,600.0,0.0,1000.0,0.0,Oswald Cobblepot
1.0,Full-Time,31.443868655399964,3303191954912707072,Karnataka,Bengaluru,2023-11-17,1,False,3,Active,True,AqueraTest Manager User,AqueraTest Manager User,Customer Service,Asian,L1,27,1997-08-04,India,Male,He/Him,"sports entertainment, cooking, blogging",,0.0,Customer Service Associate,Any,2024-05-17,Unknown,,,1.0,Paid Leave,34.0,50.0,50.0,50.0,50.0,10.0,50.0,100.0,50.0,50.0,100.0,100.0,10.0,10.0,3.0,7.0,3.0,15000,180000,Standard Chartered,monthly,EMP6569,15000.0,18000.0,0.0,0.0,1200.0,0.0,0.0,0.0,3000.0,Selina Kyle
1.0,Full-Time,31.053059548528452,3303195939711222272,Karnataka,Bengaluru,2023-08-17,1,False,5,Active,True,Aquera Test Manager,Aquera Test Manager,Finance & Admin,African American,L1,27,1997-08-06,USA,Male,He/Him,"football, blogging",,1.0,Accounts Associate,Any,2024-02-15,Unknown,,,1.0,Bereavement Leave,42.43,10.0,50.0,50.0,50.0,50.0,100.0,100.0,50.0,10.0,100.0,100.0,50.0,50.0,2.0,7.0,4.0,19000,228000,Standard Chartered,monthly,EMP3510,19000.0,22800.0,0.0,0.0,1200.0,0.0,2000.0,0.0,0.0,Oswald Cobblepot
1.0,Full-Time,35.8948605646175,3303196028479472128,Karnataka,Bengaluru,2023-11-17,1,False,8,Active,True,AqueraTest Manager User,AqueraTest Manager User,Marketing,African American,L3,30,1994-08-20,USA,Female,She/Her,"coffee, fitness, cooking",,1.0,Marketing Analyst,Any,2024-05-17,Unknown,,,1.0,Paid Leave,29.0,50.0,50.0,50.0,50.0,50.0,10.0,100.0,50.0,50.0,100.0,50.0,50.0,50.0,1.0,10.0,2.0,30000,360000,Standard Chartered,monthly,EMP5870,30000.0,28800.0,7200.0,0.0,1200.0,600.0,2000.0,0.0,0.0,Harvey Dent
1.0,Full-Time,36.91499288186599,3303198177523401216,Karnataka,Bengaluru,2023-01-01,2,False,6,Active,True,sri ram,sri ram,UI/UX,White,L1,30,1994-03-26,UK,Male,He/Him,"coffee, fitness, cooking",,0.0,Junior UX Designer,Any,2023-07-02,Unknown,,,2.0,Maternity Leave,180.0,100.0,100.0,100.0,100.0,10.0,50.0,50.0,50.0,100.0,100.0,50.0,100.0,100.0,1.0,4.0,8.0,22500,270000,ICICI,monthly,EMP3554,22500.0,27000.0,0.0,0.0,1200.0,0.0,0.0,2000.0,3000.0,Barabara Gordon
1.0,Full-Time,31.0062960486773,3303219678029021696,Haryana,Gurgaon,2023-08-17,1,False,5,Active,True,Aquera Test Manager,Aquera Test Manager,Marketing,White,L3,26,1998-06-26,Canada,Male,He/Him,"travelling, chess, sports entertainment",,2.0,Marketing Analyst,Vegetarian,2024-02-15,Unknown,,,1.0,Unpaid Leave,40.0,50.0,50.0,50.0,50.0,100.0,50.0,100.0,50.0,50.0,100.0,100.0,50.0,50.0,0.0,9.0,4.0,24000,288000,Standard Chartered,monthly,EMP4843,24000.0,23040.0,5760.0,0.0,1200.0,0.0,4000.0,1000.0,0.0,Harvey Dent
1.0,Full-Time,32.495250355739245,3303219777794736640,Karnataka,Bengaluru,2023-11-17,1,False,4,Active,True,AqueraTest Manager User,AqueraTest Manager User,Customer Service,White,L3,26,1998-03-20,Canada,Male,He/Him,"coffee, fitness, cooking",,1.0,Technical Consultant,Any,2024-05-17,Unknown,,,1.0,Sick Leave,43.0,50.0,50.0,50.0,50.0,50.0,100.0,100.0,50.0,50.0,100.0,100.0,10.0,10.0,2.0,7.0,4.0,22000,264000,Standard Chartered,monthly,EMP3034,22000.0,26400.0,0.0,0.0,1200.0,600.0,2000.0,0.0,0.0,Zatanna Zatara
1.0,Full-Time,39.91909343024822,3303221888074908160,Haryana,Gurgaon,2023-01-01,2,False,4,Active,True,sri ram,sri ram,Management,Hispanic,L1,25,1999-11-30,USA,Female,She/Her,"football, blogging",,0.0,Management Trainee,Any,2023-07-02,Unknown,,,2.0,Paid Leave,30.0,10.0,10.0,100.0,100.0,10.0,10.0,50.0,50.0,10.0,100.0,100.0,10.0,10.0,7.0,2.0,4.0,18500,222000,ICICI,monthly,EMP3609,18500.0,17760.0,4440.0,0.0,1200.0,0.0,0.0,2000.0,0.0,Bruce Wayne
1.0,Full-Time,44.25692015254784,3303230637728596480,Karnataka,Bengaluru,2015-02-10,10,True,17,Active,True,Joshua Blackburn,Joshua Blackburn,Customer Service,African American,L6,41,1983-09-11,USA,Male,He/Him,"fitness, coffee, football",,0.0,Engagement Manager,Any,2015-08-11,Unknown,,,0.0,Maternity Leave,198.0,50.0,10.0,10.0,10.0,10.0,50.0,10.0,10.0,50.0,100.0,10.0,10.0,10.0,9.0,3.0,1.0,69000,828000,HSBC,monthly,EMP8818,69000.0,82800.0,33120.0,49680.0,1200.0,0.0,0.0,2000.0,3000.0,Jason Blood
1.0,Full-Time,31.63062791389799,3303936892419965952,Karnataka,Bengaluru,2024-02-15,1,False,6,Active,True,Testing testingg,Testing testingg,Customer Service,White,L2,27,1997-07-27,UK,Male,He/Him,"travelling, chess, sports entertainment",,0.0,Support Specialist,Any,2024-08-15,Unknown,,,1.0,Paid Leave,35.0,50.0,10.0,50.0,50.0,10.0,50.0,100.0,50.0,50.0,100.0,100.0,10.0,10.0,4.0,6.0,3.0,23500,282000,Standard Chartered,monthly,EMP2725,23500.0,28200.0,0.0,0.0,1200.0,600.0,0.0,1000.0,0.0,Zatanna Zatara
1.0,Full-Time,43.03254355995073,3303942311628506112,Karnataka,Bengaluru,2014-11-20,10,True,17,Active,True,Hanu Hall,Hanu Hall,UI/UX,African American,L5,40,1984-08-24,USA,Female,She/Her,"travelling, chess, sports entertainment",,1.0,UI/UX Manager,Any,2015-05-21,Unknown,,,0.0,Paid Leave,30.0,100.0,50.0,10.0,10.0,50.0,10.0,10.0,10.0,100.0,100.0,10.0,100.0,100.0,6.0,2.0,5.0,66500,798000,HSBC,monthly,EMP47,66500.0,79800.0,31920.0,47880.0,1200.0,0.0,2000.0,0.0,3000.0,Jason Todd
1.0,Full-Time,35.522815341558385,3303944712422949888,Haryana,Gurgaon,2023-08-01,1,False,5,Active,True,Mason Legge,Mason Legge,Platform,White,L1,28,1996-04-26,Canada,Male,He/Him,"travelling, chess, sports entertainment",,2.0,Junior Backend Developer,Any,2024-01-30,Unknown,,,1.0,Paid Leave,33.0,100.0,100.0,50.0,50.0,100.0,50.0,100.0,50.0,100.0,100.0,100.0,100.0,100.0,0.0,4.0,9.0,19000,228000,Standard Chartered,monthly,EMP8248,19000.0,22800.0,0.0,0.0,1200.0,0.0,4000.0,1000.0,0.0,Roy Harper
1.0,Full-Time,33.88514876116521,3306003014598263808,Haryana,Gurgaon,2023-08-17,1,False,2,Active,True,Aquera Test Manager,Aquera Test Manager,UI/UX,White,L1,25,1999-08-16,UK,Male,He/Him,"coffee, fitness, cooking",,2.0,Junior UX Designer,Any,2024-02-15,Unknown,,,1.0,Sick Leave,49.0,100.0,100.0,50.0,50.0,100.0,100.0,100.0,50.0,100.0,100.0,100.0,100.0,100.0,0.0,3.0,10.0,13000,156000,Standard Chartered,monthly,EMP3947,13000.0,15600.0,0.0,0.0,1200.0,600.0,4000.0,0.0,0.0,Jason Todd
1.0,Full-Time,30.662850329574592,3306003106352858112,Karnataka,Bengaluru,2023-11-17,1,False,7,Active,True,AqueraTest Manager User,AqueraTest Manager User,Platform,White,L3,30,1994-03-02,USA,Male,He/Him,"sports entertainment, football",,0.0,Backend Developer,Any,2024-05-17,Unknown,,,1.0,Paid Leave,27.0,100.0,50.0,50.0,50.0,10.0,10.0,100.0,50.0,100.0,100.0,50.0,100.0,100.0,2.0,5.0,6.0,28000,336000,Standard Chartered,monthly,EMP132,28000.0,33600.0,0.0,0.0,1200.0,0.0,0.0,0.0,0.0,Roy Harper
1.0,Full-Time,39.9219633173561,3306004141255427072,Karnataka,Bengaluru,2023-01-01,2,True,7,Active,True,sri ram,sri ram,Machine Learning,White,L6,31,1993-12-18,UK,Female,She/Her,"coffee, fitness, cooking",,1.0,Principal Data Scientist,Any,2023-07-02,Unknown,,,2.0,Paid Leave,35.0,50.0,10.0,100.0,100.0,50.0,50.0,50.0,10.0,50.0,100.0,50.0,10.0,10.0,4.0,6.0,3.0,37000,444000,ICICI,monthly,EMP7270,37000.0,44400.0,17760.0,26640.0,1200.0,0.0,2000.0,1000.0,3000.0,Stephanie Brown
1.0,Full-Time,32.76113578351099,3306012680707376128,Karnataka,Bengaluru,2023-08-17,1,False,5,Active,True,Aquera Test Manager,Aquera Test Manager,Platform,White,L1,26,1998-07-02,USA,Female,She/Her,"theatres and movies, travelling",,1.0,Junior Backend Developer,Any,2024-02-15,Unknown,,,1.0,Paid Leave,32.0,100.0,100.0,50.0,50.0,50.0,50.0,100.0,50.0,100.0,100.0,100.0,100.0,100.0,0.0,5.0,8.0,19000,228000,Standard Chartered,monthly,EMP8771,19000.0,22800.0,0.0,0.0,1200.0,0.0,2000.0,2000.0,0.0,Roy Harper
1.0,Full-Time,35.148417949563495,3306012770079605760,Karnataka,Bengaluru,2023-11-17,1,False,1,Active,True,AqueraTest Manager User,AqueraTest Manager User,Marketing,Asian,L1,23,2001-05-07,China,Female,She/Her,"coffee, fitness, cooking",,0.0,Social Media Coordinator,Any,2024-05-17,Unknown,,,1.0,Paid Leave,35.0,50.0,50.0,50.0,50.0,10.0,50.0,100.0,50.0,50.0,100.0,100.0,50.0,50.0,1.0,9.0,3.0,11000,132000,Standard Chartered,monthly,EMP1337,11000.0,10560.0,2640.0,0.0,1200.0,0.0,0.0,1000.0,3000.0,Harvey Dent
1.0,Full-Time,43.90210137583681,3306014759261832192,West Bengal,Kolkata,2023-01-01,2,False,10,Active,True,sri ram,sri ram,IT,White,L3,31,1993-10-21,UK,Female,She/Her,"sports entertainment, cooking, blogging",,1.0,Network Engineer,Any,2023-07-02,Unknown,,,2.0,Paid Leave,30.0,50.0,50.0,100.0,100.0,50.0,10.0,50.0,50.0,50.0,100.0,50.0,50.0,50.0,1.0,9.0,3.0,35500,426000,ICICI,monthly,EMP7301,35500.0,42600.0,0.0,0.0,1200.0,0.0,2000.0,1000.0,3000.0,Hal Jordan
1.0,Full-Time,30.79759990922497,3306028583117390848,Haryana,Gurgaon,2023-08-17,1,False,3,Active,True,Laura Sumittt,Laura Sumittt,IT,White,L3,24,2000-05-09,UK,Male,He/Him,"craft beer, blogging",,0.0,Network Engineer,Any,2024-02-15,Unknown,,,1.0,Paid Leave,36.0,50.0,50.0,50.0,50.0,10.0,50.0,100.0,50.0,50.0,100.0,100.0,50.0,50.0,1.0,9.0,3.0,20000,240000,Standard Chartered,monthly,EMP4379,20000.0,24000.0,0.0,0.0,1200.0,0.0,0.0,0.0,0.0,Jon Stewart
1.0,Full-Time,34.34858270356514,3306033209938018304,Karnataka,Bengaluru,2023-08-17,1,False,1,Active,True,Aquera Test Manager,Aquera Test Manager,UI/UX,White,L1,22,2002-08-28,Canada,Female,She/Her,"coffee, fitness, cooking",,0.0,Junior UX Designer,Any,2024-02-15,Unknown,,,1.0,Sick Leave,45.0,100.0,100.0,50.0,50.0,10.0,100.0,100.0,50.0,100.0,100.0,100.0,100.0,100.0,1.0,3.0,9.0,11000,132000,Standard Chartered,monthly,EMP4904,11000.0,13200.0,0.0,0.0,1200.0,600.0,0.0,1000.0,0.0,Tim Drake
1.0,Full-Time,31.68805276850643,3306033292918128640,Karnataka,Bengaluru,2023-11-17,1,False,5,Active,True,AqueraTest Manager User,AqueraTest Manager User,IT,White,L1,26,1998-02-09,USA,Male,He/Him,"fitness, coffee, football",,1.0,IT Support,Any,2024-05-17,Unknown,,,1.0,Paid Leave,27.0,50.0,100.0,50.0,50.0,50.0,10.0,100.0,50.0,50.0,100.0,100.0,50.0,50.0,1.0,8.0,4.0,19000,228000,Standard Chartered,monthly,EMP8852,19000.0,22800.0,0.0,0.0,1200.0,600.0,2000.0,0.0,0.0,Guy Gardner
1.0,Full-Time,42.31170529499797,3306034943267700736,Karnataka,Bengaluru,2023-01-01,2,False,8,Active,True,sri ram,sri ram,IT,White,L2,29,1995-04-19,UK,Female,She/Her,"coffee, fitness, cooking",,2.0,System Administrator,Any,2023-07-02,Unknown,,,2.0,Sick Leave,47.0,50.0,50.0,100.0,100.0,100.0,100.0,50.0,50.0,50.0,100.0,100.0,50.0,50.0,0.0,7.0,6.0,29000,348000,ICICI,monthly,EMP5503,29000.0,34800.0,0.0,0.0,1200.0,0.0,4000.0,1000.0,0.0,Guy Gardner
1.0,Full-Time,33.64424010735887,3306035151875604480,Karnataka,Bengaluru,2023-08-17,1,False,7,Active,True,Joshua Hall,Joshua Hall,Marketing,African American,L3,28,1996-09-24,USA,Female,She/Her,"theatres and movies, travelling",,2.0,Marketing Analyst,Any,2024-02-15,Unknown,,,1.0,Paid Leave,32.0,50.0,50.0,50.0,50.0,100.0,50.0,100.0,50.0,50.0,100.0,100.0,50.0,50.0,0.0,9.0,4.0,28000,336000,Standard Chartered,monthly,EMP5060,28000.0,26880.0,6720.0,0.0,1200.0,0.0,4000.0,1000.0,3000.0,Harleen Quinnzel
1.0,Full-Time,33.38539731107001,3306093147112604160,West Bengal,Kolkata,2023-08-17,1,False,3,Active,True,Aquera Test Manager,Aquera Test Manager,Customer Service,White,L1,26,1998-11-15,UK,Female,She/Her,"football, blogging",,0.0,Customer Service Associate,Vegan,2024-02-15,Unknown,,,1.0,Paid Leave,36.0,50.0,50.0,50.0,50.0,10.0,50.0,100.0,50.0,50.0,100.0,100.0,10.0,10.0,3.0,7.0,3.0,15000,180000,Standard Chartered,monthly,EMP3046,15000.0,18000.0,0.0,0.0,1200.0,0.0,0.0,0.0,0.0,Selina Kyle
1.0,Full-Time,35.50793228653251,3306093222928843264,Karnataka,Bengaluru,2023-11-17,1,False,10,Active,True,AqueraTest Manager User,AqueraTest Manager User,Platform,African American,L1,31,1993-06-30,USA,Male,He/Him,"travelling, chess, sports entertainment",,0.0,Junior Backend Developer,Any,2024-05-17,Unknown,,,1.0,Bereavement Leave,47.0,100.0,100.0,50.0,50.0,10.0,100.0,100.0,50.0,100.0,100.0,50.0,100.0,100.0,1.0,4.0,8.0,29000,348000,Standard Chartered,monthly,EMP8339,29000.0,34800.0,0.0,0.0,1200.0,0.0,0.0,0.0,3000.0,Damian Wayne
1.0,Full-Time,43.96893115744124,3306095444475511296,West Bengal,Kolkata,2023-01-01,2,False,2,Active,True,sri ram,sri ram,Platform,White,L3,25,1999-09-28,Canada,Male,He/Him,"theatres and movies, travelling",,0.0,Backend Developer,Any,2023-07-02,Unknown,,,2.0,Sick Leave,45.0,100.0,50.0,100.0,100.0,10.0,100.0,50.0,50.0,100.0,100.0,100.0,100.0,100.0,1.0,3.0,9.0,19500,234000,ICICI,monthly,EMP8958,19500.0,23400.0,0.0,0.0,1200.0,0.0,0.0,0.0,3000.0,Connor Hawke
1.0,Full-Time,35.673746434319646,3306111178853319168,Haryana,Gurgaon,2023-08-17,1,False,7,Active,True,Aquera Test Manager,Aquera Test Manager,UI/UX,American Indian,L3,31,1993-09-27,USA,Female,She/Her,"coffee, fitness, cooking",,0.0,UX Designer,Any,2024-02-15,Unknown,,,1.0,Paid Leave,32.0,100.0,100.0,50.0,50.0,10.0,50.0,100.0,50.0,100.0,100.0,50.0,100.0,100.0,1.0,5.0,7.0,28000,336000,Standard Chartered,monthly,EMP727,28000.0,33600.0,0.0,0.0,1200.0,0.0,0.0,0.0,3000.0,Tim Drake
1.0,Full-Time,31.91250972780062,3306111251901317632,Karnataka,Bengaluru,2023-11-17,1,False,1,Active,True,AqueraTest Manager User,AqueraTest Manager User,UI/UX,African American,L1,23,2001-01-31,USA,Male,He/Him,"coffee, fitness, cooking",,0.0,Junior UX Designer,Any,2024-05-17,Unknown,,,1.0,Unpaid Leave,41.0,100.0,100.0,50.0,50.0,10.0,50.0,100.0,50.0,100.0,100.0,100.0,100.0,100.0,1.0,4.0,8.0,11000,132000,Standard Chartered,monthly,EMP8568,11000.0,13200.0,0.0,0.0,1200.0,0.0,0.0,1000.0,3000.0,Tim Drake
1.0,Full-Time,43.05499595457055,3306113309912072704,Karnataka,Bengaluru,2023-01-01,2,False,5,Active,True,sri ram,sri ram,Marketing,White,L1,28,1996-11-02,Canada,Female,She/Her,"coffee, fitness, cooking",,2.0,Social Media Coordinator,Any,2023-07-02,Unknown,,,1.0,Paid Leave,34.0,50.0,50.0,50.0,50.0,100.0,50.0,50.0,50.0,50.0,100.0,100.0,50.0,50.0,0.0,10.0,3.0,20500,246000,ICICI,monthly,EMP8942,20500.0,19680.0,4920.0,0.0,1200.0,0.0,4000.0,0.0,0.0,Pamela Isley
1.0,Full-Time,34.19219248986508,3306121233086546432,Karnataka,Bengaluru,2023-08-17,1,False,1,Active,True,Aquera Test Manager,Aquera Test Manager,Marketing,White,L2,23,2001-12-01,Canada,Female,She/Her,"coffee, fitness, cooking",,2.0,Marketing Associate,Any,2024-02-15,Unknown,,,1.0,Paid Leave,31.0,50.0,10.0,50.0,50.0,100.0,50.0,100.0,50.0,50.0,100.0,100.0,50.0,50.0,1.0,8.0,4.0,13500,162000,Standard Chartered,monthly,EMP4605,13500.0,12960.0,3240.0,0.0,1200.0,600.0,4000.0,0.0,0.0,Pamela Isley
1.0,Full-Time,30.339032096561592,3306121305639617024,Haryana,Gurgaon,2023-11-17,1,False,5,Active,True,AqueraTest Manager User,AqueraTest Manager User,Sales,African American,L1,26,1998-11-11,USA,Female,She/Her,"coffee, fitness, cooking",,0.0,Sales Associate,Any,2024-05-17,Unknown,,,1.0,Paid Leave,27.0,50.0,50.0,50.0,50.0,10.0,10.0,100.0,50.0,50.0,100.0,100.0,10.0,10.0,4.0,6.0,3.0,19000,228000,Standard Chartered,monthly,EMP446,19000.0,18240.0,4560.0,0.0,1200.0,0.0,0.0,0.0,3000.0,Harvey Bullock
1.0,Full-Time,42.579560490987475,3306124579176449024,Haryana,Gurgaon,2023-01-01,2,False,11,Active,True,sri ram,sri ram,Sales,White,L1,35,1989-08-23,UK,Female,She/Her,"football, blogging",,0.0,Sales Associate,Any,2023-07-02,Unknown,,,2.0,Sick Leave,49.0,50.0,50.0,100.0,100.0,10.0,100.0,50.0,50.0,50.0,100.0,10.0,10.0,10.0,4.0,5.0,4.0,32500,390000,ICICI,monthly,EMP9310,32500.0,31200.0,7800.0,0.0,1200.0,0.0,0.0,1000.0,0.0,Renee Montoya
1.0,Full-Time,30.300050904832315,3306138594241937408,Karnataka,Bengaluru,2023-08-17,1,False,9,Active,True,Aquera Test Manager,Aquera Test Manager,Platform,African American,L2,33,1991-08-01,USA,Female,She/Her,"travelling, chess, sports entertainment",,0.0,Platform Engineer,Any,2024-02-15,Unknown,,,1.0,Paid Leave,27.0,100.0,50.0,50.0,50.0,10.0,10.0,100.0,50.0,100.0,100.0,10.0,100.0,100.0,3.0,4.0,6.0,29500,354000,Standard Chartered,monthly,EMP5962,29500.0,35400.0,0.0,0.0,1200.0,0.0,0.0,1000.0,3000.0,Roy Harper
1.0,Full-Time,30.643167244945488,3306138665654157312,West Bengal,Kolkata,2023-11-17,1,False,1,Active,True,AqueraTest Manager User,AqueraTest Manager User,UI/UX,African American,L1,23,2001-01-18,USA,Male,He/Him,"travelling, chess, sports entertainment",,1.0,Junior UX Designer,Vegetarian,2024-05-17,Unknown,,,1.0,Paid Leave,32.0,100.0,100.0,50.0,50.0,50.0,50.0,100.0,50.0,100.0,100.0,100.0,100.0,100.0,0.0,5.0,8.0,11000,132000,Standard Chartered,monthly,EMP6667,11000.0,13200.0,0.0,0.0,1200.0,0.0,2000.0,1000.0,0.0,Richard Grayson
1.0,Full-Time,47.87550539376738,3306141896283258880,Haryana,Gurgaon,2023-01-01,2,False,8,Active,True,sri ram,sri ram,UI/UX,White,L1,32,1992-03-28,Canada,Male,He/Him,"coffee, fitness, cooking",,0.0,Junior UX Designer,Any,2023-07-02,Unknown,,,0.0,Maternity Leave,192.0,100.0,100.0,10.0,10.0,10.0,50.0,50.0,50.0,100.0,100.0,50.0,100.0,100.0,3.0,4.0,6.0,26500,318000,ICICI,monthly,EMP339,26500.0,31800.0,0.0,0.0,1200.0,0.0,0.0,1000.0,3000.0,Tim Drake
1.0,Full-Time,42.30934566182584,3306158544113369088,Karnataka,Bengaluru,2014-11-20,10,True,16,Active,True,Pamala Legge,Pamala Legge,Human Resources,White,L6,40,1984-09-30,USA,Female,She/Her,"theatres and movies, travelling",,0.0,HR Director,Any,2015-05-21,Unknown,,,1.0,Paid Leave,31.0,10.0,10.0,50.0,50.0,10.0,50.0,10.0,10.0,10.0,100.0,10.0,10.0,10.0,9.0,3.0,1.0,67000,804000,HSBC,monthly,EMP5134,67000.0,80400.0,32160.0,48240.0,1200.0,0.0,0.0,0.0,3000.0,Joe Karr
1.0,Full-Time,35.327152386538216,3306312484951949824,Haryana,Gurgaon,2023-08-17,1,False,4,Active,True,Aquera Test Manager,Aquera Test Manager,Sales,White,L2,28,1996-02-12,Canada,Female,She/Her,"sports entertainment, football",,0.0,Sales Representative,Any,2024-02-15,Unknown,,,1.0,Paid Leave,35.0,50.0,10.0,50.0,50.0,10.0,50.0,100.0,50.0,50.0,100.0,100.0,10.0,10.0,4.0,6.0,3.0,19500,234000,Standard Chartered,monthly,EMP1283,19500.0,18720.0,4680.0,0.0,1200.0,0.0,0.0,0.0,0.0,Jim Gordon
1.0,Full-Time,31.60643811953044,3306312552060813824,Karnataka,Bengaluru,2023-11-17,1,False,4,Active,True,AqueraTest Manager User,AqueraTest Manager User,Platform,White,L1,26,1998-05-22,UK,Male,He/Him,"sports entertainment, cooking, blogging",,0.0,Junior Backend Developer,Vegan,2024-05-17,Unknown,,,1.0,Sick Leave,42.0,100.0,100.0,50.0,50.0,10.0,50.0,100.0,50.0,100.0,100.0,100.0,100.0,100.0,1.0,4.0,8.0,17000,204000,Standard Chartered,monthly,EMP3038,17000.0,20400.0,0.0,0.0,1200.0,0.0,0.0,0.0,3000.0,Duke Thomas
1.0,Full-Time,40.59616622419033,3306315707108557312,Karnataka,Bengaluru,2023-01-01,2,False,2,Active,True,sri ram,sri ram,Platform,White,L2,24,2000-05-01,UK,Female,She/Her,"coffee, fitness, cooking",,0.0,Platform Engineer,Any,2023-07-02,Unknown,,,1.0,Sick Leave,43.0,100.0,50.0,50.0,50.0,10.0,100.0,50.0,50.0,100.0,100.0,100.0,100.0,100.0,1.0,5.0,7.0,17000,204000,ICICI,monthly,EMP4007,17000.0,20400.0,0.0,0.0,1200.0,0.0,0.0,0.0,0.0,Roy Harper
0.5,Part-Time,20.0,3306674401344225792,Haryana,Gurgaon,2023-08-17,1,False,1,Active,True,Aquera Test Manager,Aquera Test Manager,UI/UX,White,L2,24,2000-02-12,Canada,Male,He/Him,"craft beer, blogging",,0.0,Frontend Developer,Any,2024-02-15,Unknown,,,1.0,Paid Leave,34.0,100.0,50.0,50.0,50.0,10.0,50.0,100.0,50.0,100.0,100.0,100.0,100.0,100.0,1.0,5.0,7.0,13500,162000,Standard Chartered,bi-weekly,EMP6623,13500.0,0.0,0.0,0.0,1200.0,0.0,0.0,0.0,0.0,Richard Grayson
1.0,Full-Time,31.513538177604744,3306674472630616576,West Bengal,Kolkata,2023-11-17,1,False,8,Active,True,AqueraTest Manager User,AqueraTest Manager User,Marketing,White,L2,30,1994-11-26,UK,Male,He/Him,"football, blogging",,1.0,Marketing Associate,Any,2024-05-17,Unknown,,,1.0,Paid Leave,29.0,50.0,10.0,50.0,50.0,50.0,10.0,100.0,50.0,50.0,100.0,50.0,50.0,50.0,2.0,9.0,2.0,27500,330000,Standard Chartered,monthly,EMP8849,27500.0,26400.0,6600.0,0.0,1200.0,0.0,2000.0,0.0,0.0,Harvey Dent
1.0,Full-Time,40.650572265675514,3306675763905823232,Karnataka,Bengaluru,2023-01-01,2,False,11,Active,True,sri ram,sri ram,UI/UX,White,L2,34,1990-11-16,UK,Male,He/Him,"theatres and movies, travelling",,0.0,Frontend Developer,Vegetarian,2023-07-02,Unknown,,,2.0,Maternity Leave,180.0,100.0,50.0,100.0,100.0,10.0,50.0,50.0,50.0,100.0,100.0,10.0,100.0,100.0,2.0,4.0,7.0,35000,420000,ICICI,monthly,EMP608,35000.0,42000.0,0.0,0.0,1200.0,0.0,0.0,0.0,0.0,Tim Drake
1.0,Full-Time,34.75812029175551,3306682970441515520,Karnataka,Bengaluru,2023-08-17,1,False,3,Active,True,Aquera Test Manager,Aquera Test Manager,IT,White,L3,25,1999-06-15,UK,Female,She/Her,"coffee, fitness, cooking",,2.0,Network Engineer,Any,2024-02-15,Unknown,,,1.0,Sick Leave,49.0,50.0,50.0,50.0,50.0,100.0,100.0,100.0,50.0,50.0,100.0,100.0,50.0,50.0,0.0,8.0,5.0,20000,240000,Standard Chartered,monthly,EMP3109,20000.0,24000.0,0.0,0.0,1200.0,0.0,4000.0,1000.0,0.0,Jon Stewart
1.0,Full-Time,35.560199640698464,3306683045058183680,West Bengal,Kolkata,2023-11-17,1,True,9,Active,True,AqueraTest Manager User,AqueraTest Manager User,Management,African American,L3,32,1992-10-02,USA,Male,He/Him,"sports entertainment, cooking, blogging",,0.0,Assistant Manager,Any,2024-05-17,Unknown,,,1.0,Paid Leave,32.0,10.0,10.0,50.0,50.0,10.0,50.0,100.0,10.0,10.0,100.0,50.0,10.0,10.0,7.0,4.0,2.0,32000,384000,Standard Chartered,monthly,EMP4790,32000.0,30720.0,7680.0,0.0,1200.0,0.0,0.0,1000.0,3000.0,Bruce Wayne
0.5,Part-Time,20.0,3306684388476977664,Haryana,Gurgaon,2023-01-01,2,True,7,Active,True,sri ram,sri ram,Sales,African American,L3,31,1993-01-18,USA,Male,He/Him,"fitness, coffee, football",,1.0,Sales Executive,Any,2023-07-02,Unknown,,,2.0,Paid Leave,27.0,50.0,50.0,100.0,100.0,50.0,10.0,50.0,10.0,50.0,100.0,50.0,10.0,10.0,4.0,6.0,3.0,29500,354000,ICICI,bi-weekly,EMP3537,29500.0,0.0,0.0,0.0,1200.0,0.0,0.0,0.0,0.0,Renee Montoya
1.0,Full-Time,34.21920908672424,3306686426573177344,West Bengal,Kolkata,2023-08-17,1,False,2,Active,True,Aquera Test Manager,Aquera Test Manager,Platform,White,L1,25,1999-11-21,UK,Male,He/Him,"theatres and movies, travelling",,2.0,Junior Backend Developer,Vegan,2024-02-15,Unknown,,,1.0,Sick Leave,50.0,100.0,100.0,50.0,50.0,100.0,100.0,100.0,50.0,100.0,100.0,100.0,100.0,100.0,0.0,3.0,10.0,13000,156000,Standard Chartered,monthly,EMP5344,13000.0,15600.0,0.0,0.0,1200.0,600.0,4000.0,1000.0,0.0,Roy Harper
1.0,Full-Time,34.17276501433288,3306686501718327808,Karnataka,Bengaluru,2023-11-17,1,False,9,Active,True,AqueraTest Manager User,AqueraTest Manager User,Sales,African American,L1,32,1992-11-03,USA,Male,He/Him,"football, blogging",,0.0,Sales Associate,Any,2024-05-17,Unknown,,,1.0,Bereavement Leave,47.0,50.0,50.0,50.0,50.0,10.0,100.0,100.0,50.0,50.0,100.0,50.0,10.0,10.0,3.0,7.0,3.0,27000,324000,Standard Chartered,monthly,EMP483,27000.0,25920.0,6480.0,0.0,1200.0,0.0,0.0,0.0,0.0,Harvey Bullock
1.0,Full-Time,38.045571023929135,3306689493179826688,West Bengal,Kolkata,2023-01-01,2,False,5,Active,True,sri ram,sri ram,Customer Service,White,L1,28,1996-11-17,UK,Male,He/Him,"sports entertainment, cooking, blogging",,1.0,Customer Service Associate,Any,2023-07-02,Unknown,,,2.0,Paid Leave,34.0,50.0,50.0,100.0,100.0,50.0,50.0,50.0,50.0,50.0,100.0,100.0,10.0,10.0,2.0,7.0,4.0,20500,246000,ICICI,monthly,EMP2585,20500.0,24600.0,0.0,0.0,1200.0,0.0,2000.0,0.0,3000.0,Jason Blood
0.5,Part-Time,20.0,3306723161772392960,Karnataka,Bengaluru,2023-08-17,1,False,4,Active,True,Aquera Test Manager,Aquera Test Manager,Sales,White,L2,26,1998-08-01,USA,Female,She/Her,"travelling, chess, sports entertainment",,0.0,Sales Representative,Any,2024-02-15,Unknown,,,1.0,Paid Leave,33.0,50.0,10.0,50.0,50.0,10.0,50.0,100.0,50.0,50.0,100.0,100.0,10.0,10.0,4.0,6.0,3.0,19500,234000,Standard Chartered,bi-weekly,EMP2327,19500.0,0.0,0.0,0.0,1200.0,0.0,0.0,0.0,0.0,Harvey Bullock
1.0,Full-Time,32.8504782998033,3306723237227921920,Karnataka,Bengaluru,2023-11-17,1,False,7,Active,True,AqueraTest Manager User,AqueraTest Manager User,Finance & Admin,White,L3,31,1993-07-12,Canada,Female,She/Her,"craft beer, chess",,0.0,Financial Analyst,Any,2024-05-17,Unknown,,,1.0,Sick Leave,42.0,10.0,10.0,50.0,50.0,10.0,50.0,100.0,50.0,10.0,100.0,50.0,50.0,50.0,4.0,7.0,2.0,28000,336000,Standard Chartered,monthly,EMP7524,28000.0,33600.0,0.0,0.0,1200.0,0.0,0.0,1000.0,3000.0,Oswald Cobblepot
0.5,Part-Time,20.0,3306726114679849472,Karnataka,Bengaluru,2023-01-01,2,False,3,Active,True,sri ram,sri ram,Sales,African American,L3,25,1999-09-19,USA,Female,She/Her,"coffee, fitness, cooking",,0.0,Sales Executive,Any,2023-07-02,Unknown,,,1.0,Paid Leave,34.0,50.0,50.0,50.0,50.0,10.0,50.0,50.0,50.0,50.0,100.0,100.0,10.0,10.0,3.0,8.0,2.0,21500,258000,ICICI,bi-weekly,EMP1137,21500.0,0.0,0.0,0.0,1200.0,0.0,0.0,0.0,0.0,Arnold Flass
1.0,Full-Time,34.90240446131724,3306755992712118784,Karnataka,Bengaluru,2023-08-17,1,False,9,Active,True,Aquera Test Manager,Aquera Test Manager,Marketing,White,L2,33,1991-07-23,UK,Female,She/Her,"theatres and movies, travelling",,1.0,Marketing Associate,Vegetarian,2024-02-15,Unknown,,,1.0,Paid Leave,27.0,50.0,10.0,50.0,50.0,50.0,10.0,100.0,50.0,50.0,100.0,10.0,50.0,50.0,3.0,8.0,2.0,29500,354000,Standard Chartered,monthly,EMP8391,29500.0,28320.0,7080.0,0.0,1200.0,0.0,2000.0,0.0,0.0,Pamela Isley
1.0,Full-Time,35.738415171763094,3306756091529921024,Karnataka,Bengaluru,2023-11-17,1,False,2,Active,True,AqueraTest Manager User,AqueraTest Manager User,Marketing,White,L1,25,1999-07-30,UK,Non-Binary,They/Them,"coffee, fitness, cooking",,0.0,Social Media Coordinator,Any,2024-05-17,Unknown,,,1.0,Maternity Leave,198.0,50.0,50.0,50.0,50.0,10.0,50.0,100.0,50.0,50.0,100.0,100.0,50.0,50.0,1.0,9.0,3.0,13000,156000,Standard Chartered,monthly,EMP249,13000.0,12480.0,3120.0,0.0,1200.0,0.0,0.0,2000.0,0.0,Harleen Quinnzel
1.0,Full-Time,38.76541057742462,3306759077287166464,Karnataka,Bengaluru,2023-01-01,2,False,5,Active,True,sri ram,sri ram,Platform,White,L1,27,1997-05-07,USA,Female,She/Her,"coffee, fitness, cooking",,2.0,Junior Backend Developer,Vegetarian,2023-07-02,Unknown,,,2.0,Paid Leave,36.0,100.0,100.0,100.0,100.0,100.0,50.0,50.0,50.0,100.0,100.0,100.0,100.0,100.0,0.0,3.0,10.0,20500,246000,ICICI,monthly,EMP85,20500.0,24600.0,0.0,0.0,1200.0,600.0,4000.0,0.0,0.0,Roy Harper
1.0,Full-Time,33.331788574904095,3306783002167607808,Karnataka,Bengaluru,2023-08-17,1,False,10,Active,True,Aquera Test Manager,Aquera Test Manager,Sales,White,L1,31,1993-07-17,Canada,Male,He/Him,"football, blogging",,0.0,Sales Associate,Any,2024-02-15,Unknown,,,1.0,Sick Leave,43.0,50.0,50.0,50.0,50.0,10.0,100.0,100.0,50.0,50.0,100.0,50.0,10.0,10.0,3.0,7.0,3.0,29000,348000,Standard Chartered,monthly,EMP120,29000.0,27840.0,6960.0,0.0,1200.0,0.0,0.0,1000.0,3000.0,Arnold Flass
1.0,Full-Time,35.64970025987214,3306783103510381056,West Bengal,Kolkata,2023-11-17,1,False,1,Active,True,AqueraTest Manager User,AqueraTest Manager User,UI/UX,White,L3,24,2000-01-18,Canada,Male,He/Him,"coffee, fitness, cooking",,0.0,UX Designer,Any,2024-05-17,Unknown,,,1.0,Sick Leave,51.0,100.0,100.0,50.0,50.0,10.0,100.0,100.0,50.0,100.0,100.0,100.0,100.0,100.0,1.0,3.0,9.0,16000,192000,Standard Chartered,monthly,EMP9269,16000.0,19200.0,0.0,0.0,1200.0,0.0,0.0,0.0,3000.0,Jason Todd
1.0,Full-Time,46.68288718969977,3306786164496663040,Karnataka,Bengaluru,2023-01-01,2,False,6,Active,True,sri ram,sri ram,Platform,White,L3,28,1996-04-20,USA,Female,She/Her,"theatres and movies, travelling",,1.0,Backend Developer,Vegetarian,2023-07-02,Unknown,,,2.0,Paid Leave,32.0,100.0,50.0,100.0,100.0,50.0,50.0,50.0,50.0,100.0,100.0,100.0,100.0,100.0,0.0,5.0,8.0,27500,330000,ICICI,monthly,EMP3841,27500.0,33000.0,0.0,0.0,1200.0,0.0,2000.0,1000.0,3000.0,Connor Hawke
1.0,Full-Time,33.37907009573243,3306821937279271424,Karnataka,Bengaluru,2023-07-18,1,False,9,Active,True,Test Aquera,Test Aquera,Marketing,African American,L1,30,1994-01-27,USA,Female,She/Her,"coffee, fitness, cooking",,0.0,Social Media Coordinator,Any,2024-01-16,Unknown,,,1.0,Paid Leave,28.0,50.0,50.0,50.0,50.0,10.0,10.0,100.0,50.0,50.0,100.0,50.0,50.0,50.0,2.0,9.0,2.0,27000,324000,Standard Chartered,monthly,EMP1572,27000.0,25920.0,6480.0,0.0,1200.0,0.0,0.0,0.0,0.0,Harleen Quinnzel
1.0,Full-Time,35.223392956200875,3306825091857252864,Karnataka,Bengaluru,2023-08-17,1,False,6,Active,True,Aquera Test Manager,Aquera Test Manager,UI/UX,White,L1,30,1994-04-13,UK,Female,She/Her,"chess, football",,0.0,Junior UX Designer,Any,2024-02-15,Unknown,,,1.0,Paid Leave,32.0,100.0,100.0,50.0,50.0,10.0,50.0,100.0,50.0,100.0,100.0,50.0,100.0,100.0,1.0,5.0,7.0,21000,252000,Standard Chartered,monthly,EMP39,21000.0,25200.0,0.0,0.0,1200.0,600.0,0.0,1000.0,0.0,Richard Grayson
1.0,Full-Time,33.32728447052,3306825181724410368,Karnataka,Bengaluru,2023-11-17,1,False,6,Active,True,AqueraTest Manager User,AqueraTest Manager User,Sales,African American,L1,27,1997-06-21,USA,Female,She/Her,"theatres and movies, travelling",,2.0,Sales Associate,Vegetarian,2024-05-17,Unknown,,,1.0,Paid Leave,35.0,50.0,50.0,50.0,50.0,100.0,50.0,100.0,50.0,50.0,100.0,100.0,10.0,10.0,2.0,7.0,4.0,21000,252000,Standard Chartered,monthly,EMP1513,21000.0,20160.0,5040.0,0.0,1200.0,0.0,4000.0,0.0,0.0,Arnold Flass
1.0,Full-Time,45.8305125819285,3306828283621933568,West Bengal,Kolkata,2023-01-01,2,True,10,Active,True,sri ram,sri ram,Customer Service,White,L6,33,1991-08-07,USA,Male,He/Him,"fitness, coffee, football",,2.0,Engagement Manager,Vegetarian,2023-07-02,Unknown,,,2.0,Paid Leave,33.0,50.0,10.0,100.0,100.0,100.0,50.0,50.0,10.0,50.0,100.0,10.0,10.0,10.0,5.0,4.0,4.0,43000,516000,ICICI,monthly,EMP5018,43000.0,51600.0,20640.0,30960.0,1200.0,600.0,4000.0,0.0,0.0,Zatanna Zatara
0.5,Part-Time,20.0,3306834848093569536,West Bengal,Kolkata,2023-08-17,1,False,1,Active,True,Aquera Test Manager,Aquera Test Manager,UI/UX,Asian,L3,25,1999-03-18,Canada,Male,He/Him,"sports entertainment, football",,2.0,UX Designer,Any,2024-02-15,Unknown,,,1.0,Paid Leave,30.0,100.0,100.0,50.0,50.0,100.0,10.0,100.0,50.0,100.0,100.0,100.0,100.0,100.0,1.0,3.0,9.0,16000,192000,Standard Chartered,bi-weekly,EMP94,16000.0,0.0,0.0,0.0,1200.0,0.0,0.0,0.0,0.0,Richard Grayson
1.0,Full-Time,35.63112197773141,3306834927927951872,Karnataka,Bengaluru,2023-11-17,1,False,1,Active,True,AqueraTest Manager User,AqueraTest Manager User,Management,White,L1,25,1999-02-21,USA,Male,He/Him,"coffee, fitness, cooking",,0.0,Management Trainee,Any,2024-05-17,Unknown,,,1.0,Sick Leave,47.0,10.0,10.0,50.0,50.0,10.0,100.0,100.0,50.0,10.0,100.0,100.0,10.0,10.0,6.0,3.0,4.0,11000,132000,Standard Chartered,monthly,EMP4020,11000.0,10560.0,2640.0,0.0,1200.0,600.0,0.0,2000.0,0.0,Bruce Wayne
1.0,Full-Time,39.285274142445225,3306838051040264704,Karnataka,Bengaluru,2023-01-01,2,False,5,Active,True,sri ram,sri ram,UI/UX,Asian,L3,26,1998-07-04,USA,Female,She/Her,"football, blogging",,1.0,UX Designer,Any,2023-07-02,Unknown,,,1.0,Paid Leave,34.0,100.0,100.0,50.0,50.0,50.0,50.0,50.0,50.0,100.0,100.0,100.0,100.0,100.0,0.0,6.0,7.0,25500,306000,ICICI,monthly,EMP3134,25500.0,30600.0,0.0,0.0,1200.0,0.0,2000.0,1000.0,3000.0,Tim Drake
1.0,Full-Time,32.779553027028285,3306839078971900416,Karnataka,Bengaluru,2023-08-17,1,False,2,Active,True,Aquera Test Manager,Aquera Test Manager,Finance & Admin,White,L3,24,2000-05-23,USA,Female,She/Her,"coffee, fitness, cooking",,0.0,Financial Analyst,Any,2024-02-15,Unknown,,,1.0,Paid Leave,36.0,10.0,10.0,50.0,50.0,10.0,50.0,100.0,50.0,10.0,100.0,100.0,50.0,50.0,4.0,6.0,3.0,18000,216000,Standard Chartered,monthly,EMP1587,18000.0,21600.0,0.0,0.0,1200.0,600.0,0.0,1000.0,0.0,Victor Fries
1.0,Full-Time,35.11319712263803,3306842069644870144,Karnataka,Bengaluru,2023-08-17,1,False,9,Active,True,Aquera Test Manager,Aquera Test Manager,IT,White,L1,30,1994-05-25,USA,Female,She/Her,"theatres and movies, travelling",,2.0,IT Support,Any,2024-02-15,Unknown,,,1.0,Paid Leave,33.0,50.0,100.0,50.0,50.0,100.0,50.0,100.0,50.0,50.0,100.0,50.0,50.0,50.0,0.0,9.0,4.0,27000,324000,Standard Chartered,monthly,EMP202,27000.0,32400.0,0.0,0.0,1200.0,0.0,4000.0,1000.0,3000.0,Jon Stewart
1.0,Full-Time,30.50208655393134,3306842187060216320,Haryana,Gurgaon,2023-11-17,1,False,9,Active,True,AqueraTest Manager User,AqueraTest Manager User,IT,White,L2,30,1994-07-31,USA,Male,He/Him,"football, blogging",,2.0,System Administrator,Any,2024-05-17,Unknown,,,1.0,Maternity Leave,189.0,50.0,50.0,50.0,50.0,100.0,50.0,100.0,50.0,50.0,100.0,50.0,50.0,50.0,0.0,10.0,3.0,29500,354000,Standard Chartered,monthly,EMP1856,29500.0,35400.0,0.0,0.0,1200.0,0.0,4000.0,0.0,0.0,Guy Gardner
1.0,Full-Time,47.25409511849876,3306845362735546880,Karnataka,Bengaluru,2023-01-01,2,False,8,Active,True,sri ram,sri ram,UI/UX,African American,L3,32,1992-11-21,USA,Female,She/Her,"coffee, fitness, cooking",,1.0,UX Designer,Vegan,2023-07-02,Unknown,,,1.0,Paid Leave,34.0,100.0,100.0,50.0,50.0,50.0,50.0,50.0,50.0,100.0,100.0,50.0,100.0,100.0,0.0,7.0,6.0,31500,378000,ICICI,monthly,EMP6504,31500.0,37800.0,0.0,0.0,1200.0,0.0,2000.0,1000.0,3000.0,Barabara Gordon
1.0,Full-Time,32.4064475090306,3306881199296742400,Karnataka,Bengaluru,2023-11-17,1,False,7,Active,True,Tilak Varma,Tilak Varma,IT,African American,L3,29,1995-09-22,USA,Female,She/Her,"coffee, fitness, cooking",,0.0,Network Engineer,Any,2024-05-17,Unknown,,,1.0,Maternity Leave,189.0,50.0,50.0,50.0,50.0,10.0,50.0,100.0,50.0,50.0,100.0,100.0,50.0,50.0,1.0,9.0,3.0,28000,336000,Standard Chartered,monthly,EMP9766,28000.0,33600.0,0.0,0.0,1200.0,0.0,0.0,1000.0,3000.0,Guy Gardner
1.0,Full-Time,30.414653994915362,3306907743729746432,Haryana,Gurgaon,2023-08-17,1,False,7,Active,True,Aquera Test Manager,Aquera Test Manager,Machine Learning,White,L1,28,1996-10-06,Canada,Female,She/Her,"theatres and movies, travelling",,0.0,ML Intern,Any,2024-02-15,Unknown,,,1.0,Paid Leave,29.0,50.0,50.0,50.0,50.0,10.0,10.0,100.0,50.0,50.0,100.0,100.0,10.0,10.0,4.0,6.0,3.0,23000,276000,Standard Chartered,monthly,EMP8862,23000.0,27600.0,0.0,0.0,1200.0,600.0,0.0,0.0,0.0,Stephanie Brown
1.0,Full-Time,38.77564540732737,3306908660923367936,Haryana,Gurgaon,2015-03-03,10,True,16,Active,True,Hanu Bateson,Hanu Bateson,Management,White,L6,40,1984-06-24,Canada,Male,He/Him,"sports entertainment, cooking, blogging",,1.0,Project Manager,Any,2015-09-01,Unknown,,,0.0,Maternity Leave,192.0,10.0,10.0,10.0,10.0,50.0,50.0,10.0,10.0,10.0,100.0,10.0,10.0,10.0,10.0,2.0,1.0,67000,804000,HSBC,monthly,EMP2917,67000.0,80400.0,32160.0,48240.0,1200.0,0.0,2000.0,0.0,3000.0,Bruce Wayne
1.0,Full-Time,32.66286131532655,3306911318191112704,Karnataka,Bengaluru,2024-08-17,0,False,9,Active,True,Aquera Test Manager,Aquera Test Manager,IT,White,L3,31,1993-05-21,UK,Female,She/Her,"fitness, coffee, football",,0.0,Network Engineer,Any,2025-02-15,Unknown,,,0.0,Paid Leave,32.0,50.0,50.0,10.0,10.0,10.0,50.0,100.0,50.0,50.0,100.0,50.0,50.0,50.0,3.0,8.0,2.0,30500,366000,Standard Chartered,monthly,EMP9110,30500.0,36600.0,0.0,0.0,1200.0,0.0,0.0,0.0,3000.0,Guy Gardner
1.0,Full-Time,39.135721741151144,3306911857184342528,West Bengal,Kolkata,2022-08-17,2,True,10,Active,True,Aquera Test Manager,Aquera Test Manager,IT,White,L6,34,1990-05-30,Canada,Male,He/Him,"coffee, fitness, cooking",,0.0,Senior IT Manager,Any,2023-02-15,Unknown,,,1.0,Paid Leave,35.0,50.0,10.0,50.0,50.0,10.0,50.0,50.0,10.0,50.0,100.0,10.0,50.0,50.0,4.0,8.0,1.0,43000,516000,ICICI,monthly,EMP2024,43000.0,51600.0,20640.0,30960.0,1200.0,0.0,0.0,0.0,0.0,Guy Gardner
1.0,Full-Time,38.5239456188472,3306916739161260544,Karnataka,Bengaluru,2014-11-11,10,True,19,Active,True,Austin Lavery,Austin Lavery,UI/UX,White,L5,41,1983-02-19,Canada,Female,She/Her,"coffee, fitness, cooking",,1.0,UI/UX Manager,Any,2015-05-12,Unknown,,,0.0,Paid Leave,34.0,100.0,50.0,10.0,10.0,50.0,50.0,10.0,10.0,100.0,100.0,10.0,100.0,100.0,5.0,3.0,5.0,70500,846000,HSBC,monthly,EMP8110,70500.0,84600.0,33840.0,50760.0,1200.0,0.0,2000.0,1000.0,0.0,Richard Grayson
1.0,Full-Time,34.84797772844723,3307393473291748352,Karnataka,Bengaluru,2024-02-15,1,False,6,Active,True,satish asj pawar,satish asj pawar,IT,White,L2,29,1995-10-29,UK,Male,He/Him,"travelling, chess, sports entertainment",,0.0,System Administrator,Any,2024-08-15,Unknown,,,1.0,Maternity Leave,189.0,50.0,50.0,50.0,50.0,10.0,50.0,100.0,50.0,50.0,100.0,100.0,50.0,50.0,1.0,9.0,3.0,23500,282000,Standard Chartered,monthly,EMP7251,23500.0,28200.0,0.0,0.0,1200.0,0.0,0.0,1000.0,3000.0,Guy Gardner
1.0,Full-Time,34.20570609963601,3307656079420163072,Karnataka,Bengaluru,2024-02-13,1,False,2,Active,True,Maha Test,Maha Test,UI/UX,White,L3,24,2000-07-06,USA,Male,He/Him,"theatres and movies, travelling",,2.0,UX Designer,Any,2024-08-13,Unknown,,,1.0,Paid Leave,32.0,100.0,100.0,50.0,50.0,100.0,50.0,100.0,50.0,100.0,100.0,100.0,100.0,100.0,0.0,4.0,9.0,18000,216000,Standard Chartered,monthly,EMP6487,18000.0,21600.0,0.0,0.0,1200.0,0.0,4000.0,0.0,0.0,Tim Drake
1.0,Full-Time,30.68430758997067,3308039988083425792,Haryana,Gurgaon,2024-02-28,1,False,5,Active,True,Kaustubh sai,Kaustubh sai,Management,White,L1,29,1995-11-28,Canada,Male,He/Him,"craft beer, chess",,0.0,Management Trainee,Any,2024-08-28,Unknown,,,1.0,Paid Leave,27.0,10.0,10.0,50.0,50.0,10.0,10.0,100.0,50.0,10.0,100.0,100.0,10.0,10.0,7.0,3.0,3.0,19000,228000,Standard Chartered,monthly,EMP5215,19000.0,18240.0,4560.0,0.0,1200.0,0.0,0.0,0.0,3000.0,Bruce Wayne
0.5,Part-Time,20.0,3309073630029152768,West Bengal,Kolkata,2024-02-22,1,False,7,Active,True,Jack Fields,Jack Fields,Platform,White,L2,30,1994-05-31,USA,Female,She/Her,"coffee, fitness, cooking",,0.0,Platform Engineer,Any,2024-08-22,Unknown,,,1.0,Paid Leave,35.0,100.0,50.0,50.0,50.0,10.0,50.0,100.0,50.0,100.0,100.0,50.0,100.0,100.0,1.0,6.0,6.0,25500,306000,Standard Chartered,bi-weekly,EMP1390,25500.0,0.0,0.0,0.0,1200.0,0.0,0.0,0.0,0.0,Duke Thomas
1.0,Full-Time,34.48532617102552,3309078295034724864,West Bengal,Kolkata,2024-02-22,1,False,6,Active,True,Alison Snow,Alison Snow,IT,African American,L1,29,1995-07-11,USA,Female,She/Her,"travelling, chess, sports entertainment",,2.0,IT Support,Any,2024-08-22,Unknown,,,1.0,Paid Leave,29.0,50.0,100.0,50.0,50.0,100.0,10.0,100.0,50.0,50.0,100.0,100.0,50.0,50.0,1.0,7.0,5.0,21000,252000,Standard Chartered,monthly,EMP6872,21000.0,25200.0,0.0,0.0,1200.0,600.0,4000.0,0.0,0.0,Guy Gardner
1.0,Full-Time,31.454797234096528,3309088835136128000,Haryana,Gurgaon,2024-02-22,1,False,5,Active,True,Melvin Ross,Melvin Ross,UI/UX,White,L3,29,1995-12-12,Canada,Male,He/Him,"coffee, fitness, cooking",,1.0,UX Designer,Any,2024-08-22,Unknown,,,1.0,Sick Leave,46.0,100.0,100.0,50.0,50.0,50.0,100.0,100.0,50.0,100.0,100.0,100.0,100.0,100.0,0.0,4.0,9.0,24000,288000,Standard Chartered,monthly,EMP8319,24000.0,28800.0,0.0,0.0,1200.0,0.0,2000.0,1000.0,3000.0,Richard Grayson
1.0,Full-Time,31.037321324222148,3309096711082738176,Karnataka,Bengaluru,2024-02-22,1,False,10,Active,True,Ricky Bray,Ricky Bray,Machine Learning,Asian,L1,33,1991-04-01,Canada,Male,He/Him,"travelling, chess, sports entertainment",,2.0,ML Intern,Any,2024-08-22,Unknown,,,1.0,Paid Leave,32.0,50.0,50.0,50.0,50.0,100.0,50.0,100.0,50.0,50.0,100.0,10.0,10.0,10.0,3.0,7.0,3.0,29000,348000,Standard Chartered,monthly,EMP6176,29000.0,34800.0,0.0,0.0,1200.0,0.0,4000.0,0.0,0.0,Cassandra Cain
1.0,Full-Time,30.35707534778544,3309103352880562688,West Bengal,Kolkata,2024-02-22,1,False,1,Active,True,Kian Baker,Kian Baker,IT,Hispanic,L1,23,2001-03-02,Mexico,Male,He/Him,"sports entertainment, cooking, blogging",,0.0,IT Support,Any,2024-08-22,Unknown,,,1.0,Sick Leave,43.0,50.0,100.0,50.0,50.0,10.0,100.0,100.0,50.0,50.0,100.0,100.0,50.0,50.0,1.0,7.0,5.0,11000,132000,Standard Chartered,monthly,EMP8056,11000.0,13200.0,0.0,0.0,1200.0,0.0,0.0,0.0,0.0,Hal Jordan
0.5,Part-Time,20.0,3311025707521410048,Karnataka,Bengaluru,2024-01-19,1,False,6,Active,True,Austin Hall,Austin Hall,UI/UX,White,L3,27,1997-12-01,UK,Female,She/Her,"travelling, chess, sports entertainment",,0.0,UX Designer,Any,2024-07-19,Unknown,,,1.0,Sick Leave,43.0,100.0,100.0,50.0,50.0,10.0,100.0,100.0,50.0,100.0,100.0,100.0,100.0,100.0,1.0,3.0,9.0,26000,312000,Standard Chartered,bi-weekly,EMP5917,26000.0,0.0,0.0,0.0,1200.0,0.0,0.0,0.0,0.0,Tim Drake
1.0,Full-Time,31.259214611354274,3311077371582350336,West Bengal,Kolkata,2023-08-17,1,False,2,Active,True,Aquera Test Manager,Aquera Test Manager,Platform,White,L2,26,1998-02-05,UK,Female,She/Her,"sports entertainment, cooking, blogging",,1.0,Platform Engineer,Any,2024-02-15,Unknown,,,1.0,Paid Leave,32.0,100.0,50.0,50.0,50.0,50.0,50.0,100.0,50.0,100.0,100.0,100.0,100.0,100.0,0.0,6.0,7.0,15500,186000,Standard Chartered,monthly,EMP2249,15500.0,18600.0,0.0,0.0,1200.0,0.0,2000.0,0.0,3000.0,Duke Thomas
1.0,Full-Time,33.68407378476553,3311077446257738752,Karnataka,Bengaluru,2023-11-17,1,False,4,Active,True,AqueraTest Manager User,AqueraTest Manager User,Marketing,White,L1,27,1997-09-23,Canada,Male,He/Him,"coffee, fitness, cooking",,1.0,Social Media Coordinator,Any,2024-05-17,Unknown,,,1.0,Sick Leave,42.0,50.0,50.0,50.0,50.0,50.0,50.0,100.0,50.0,50.0,100.0,100.0,50.0,50.0,0.0,10.0,3.0,17000,204000,Standard Chartered,monthly,EMP5401,17000.0,16320.0,4080.0,0.0,1200.0,600.0,2000.0,1000.0,0.0,Harleen Quinnzel
1.0,Full-Time,37.281525495007656,3311080500205978624,Karnataka,Bengaluru,2023-01-01,2,False,3,Active,True,sri ram,sri ram,Marketing,Asian,L1,27,1997-03-18,China,Female,She/Her,"travelling, chess, sports entertainment",,0.0,Social Media Coordinator,Any,2023-07-02,Unknown,,,2.0,Paid Leave,35.0,50.0,50.0,100.0,100.0,10.0,50.0,50.0,50.0,50.0,100.0,100.0,50.0,50.0,1.0,8.0,4.0,16500,198000,ICICI,monthly,EMP9591,16500.0,15840.0,3960.0,0.0,1200.0,0.0,0.0,0.0,3000.0,Harleen Quinnzel
1.0,Full-Time,33.161908221186664,3316343819183587840,Karnataka,Bengaluru,2023-11-17,1,False,7,Active,True,AqueraTest User,AqueraTest User,Human Resources,White,L3,28,1996-04-27,USA,Female,She/Her,"sports entertainment, cooking, blogging",,1.0,HR Generalist,Any,2024-05-17,Unknown,,,1.0,Paid Leave,32.0,10.0,10.0,50.0,50.0,50.0,50.0,100.0,50.0,10.0,100.0,100.0,10.0,10.0,5.0,5.0,3.0,28000,336000,Standard Chartered,monthly,EMP6700,28000.0,33600.0,0.0,0.0,1200.0,0.0,2000.0,1000.0,0.0,Joe Karr
0.5,Part-Time,20.0,3316844785762829312,West Bengal,Kolkata,2024-03-01,1,False,6,Active,True,sharan aquera singh,sharan aquera singh,Customer Service,White,L3,27,1997-09-07,Canada,Male,He/Him,"coffee, fitness, cooking",,0.0,Technical Consultant,Any,2024-08-30,Unknown,,,1.0,Paid Leave,31.0,50.0,50.0,50.0,50.0,10.0,50.0,100.0,50.0,50.0,100.0,100.0,10.0,10.0,3.0,7.0,3.0,26000,312000,Standard Chartered,bi-weekly,EMP4451,26000.0,0.0,0.0,0.0,1200.0,0.0,0.0,0.0,0.0,Zatanna Zatara
1.0,Full-Time,33.81668323060541,3318316927989842944,Karnataka,Bengaluru,2023-11-17,1,False,9,Active,True,AqueraTest User,AqueraTest User,IT,White,L1,31,1993-02-22,UK,Male,He/Him,"coffee, fitness, cooking",,2.0,IT Support,Any,2024-05-17,Unknown,,,1.0,Paid Leave,35.0,50.0,100.0,50.0,50.0,100.0,50.0,100.0,50.0,50.0,100.0,50.0,50.0,50.0,0.0,9.0,4.0,27000,324000,Standard Chartered,monthly,EMP9549,27000.0,32400.0,0.0,0.0,1200.0,0.0,4000.0,0.0,3000.0,Guy Gardner
1.0,Full-Time,34.03358587390343,3318347243236360192,Karnataka,Bengaluru,2023-11-17,1,False,7,Active,True,AqueraTest User,AqueraTest User,Marketing,Asian,L3,31,1993-09-12,India,Female,She/Her,"football, blogging",,0.0,Marketing Analyst,Any,2024-05-17,Unknown,,,1.0,Paid Leave,34.0,50.0,50.0,50.0,50.0,10.0,50.0,100.0,50.0,50.0,100.0,50.0,50.0,50.0,1.0,10.0,2.0,28000,336000,Standard Chartered,monthly,EMP220,28000.0,26880.0,6720.0,0.0,1200.0,600.0,0.0,0.0,0.0,Harleen Quinnzel
1.0,Full-Time,31.653705453120146,3319194719338103808,Haryana,Gurgaon,2023-11-17,1,False,9,Active,True,AqueraTest User,AqueraTest User,UI/UX,White,L3,30,1994-09-01,Canada,Male,He/Him,"travelling, chess, sports entertainment",,0.0,UX Designer,Any,2024-05-17,Unknown,,,1.0,Paid Leave,34.0,100.0,100.0,50.0,50.0,10.0,50.0,100.0,50.0,100.0,100.0,50.0,100.0,100.0,1.0,5.0,7.0,32000,384000,Standard Chartered,monthly,EMP9879,32000.0,38400.0,0.0,0.0,1200.0,0.0,0.0,1000.0,3000.0,Tim Drake
1.0,Full-Time,40.832136154641795,3319216100205396480,West Bengal,Kolkata,2014-02-02,11,True,12,Active,True,Ammy Star Brown,Ammy Star Brown,Platform,African American,L5,34,1990-09-04,USA,Female,She/Her,"football, blogging","dancing,reading,horseback riding",0.0,Senior Backend Developer,Vegetarian,2014-08-03,Unknown,,,0.0,Sick Leave,45.0,100.0,10.0,10.0,10.0,10.0,100.0,10.0,10.0,100.0,100.0,10.0,100.0,100.0,7.0,0.0,6.0,58000,696000,HSBC,monthly,EMP406,58000.0,69600.0,27840.0,41760.0,1200.0,600.0,0.0,1000.0,0.0,Roy Harper
1.0,Full-Time,43.229925177521025,3319218350634041856,Karnataka,Bengaluru,2014-02-02,11,True,14,Active,True,Ammy Brown,Ammy Brown,IT,Asian,L5,36,1988-09-20,China,Female,She/Her,"travelling, chess, sports entertainment",,1.0,IT Manager,Any,2014-08-03,Unknown,,,3.0,Sick Leave,49.0,50.0,10.0,100.0,100.0,50.0,100.0,10.0,10.0,50.0,100.0,10.0,50.0,50.0,4.0,5.0,4.0,62000,744000,HSBC,monthly,EMP6097,62000.0,74400.0,29760.0,44640.0,1200.0,600.0,2000.0,0.0,0.0,Jon Stewart
1.0,Full-Time,37.90803230522191,3319223627857003008,Karnataka,Bengaluru,2014-02-02,11,True,13,Active,True,Jane Mariah Baker,Jad Rose,UI/UX,White,L5,34,1990-10-17,UK,Male,He/Him,"coffee, fitness, cooking","pilates,yoga,craft beer",2.0,UI/UX Manager,Any,2014-08-03,Unknown,,,0.0,Paid Leave,34.0,100.0,50.0,10.0,10.0,100.0,50.0,10.0,10.0,100.0,100.0,10.0,100.0,100.0,5.0,2.0,6.0,60000,720000,HSBC,monthly,EMP3035,60000.0,72000.0,28800.0,43200.0,1200.0,0.0,4000.0,0.0,3000.0,Tim Drake
1.0,Full-Time,46.02509494342973,3319225561355649536,Haryana,Gurgaon,2014-02-02,11,True,19,Active,True,Jane Mariah Baker,Jad Rose,Customer Service,African American,L6,43,1981-11-26,USA,Female,She/Her,"craft beer, chess","pilates,yoga,craft beer",0.0,Engagement Manager,Any,2014-08-03,Unknown,,,0.0,Sick Leave,45.0,50.0,10.0,10.0,10.0,10.0,100.0,10.0,10.0,50.0,100.0,10.0,10.0,10.0,9.0,2.0,2.0,74500,894000,HSBC,monthly,EMP4172,74500.0,89400.0,35760.0,53640.0,1200.0,0.0,0.0,1000.0,0.0,Zatanna Zatara
1.0,Full-Time,47.51501204239054,3319237364395540992,West Bengal,Kolkata,2019-02-02,6,False,14,Active,True,Joy may Marie,Joy Marie,Platform,White,L1,36,1988-05-28,USA,Female,She/Her,"travelling, chess, sports entertainment","pilates,yoga,craft beer",2.0,Junior Backend Developer,Any,2019-08-03,Unknown,,,0.0,Paid Leave,29.0,100.0,100.0,10.0,10.0,100.0,10.0,10.0,50.0,100.0,100.0,10.0,100.0,100.0,5.0,1.0,7.0,44500,534000,HSBC,monthly,EMP990,44500.0,53400.0,0.0,0.0,1200.0,600.0,4000.0,2000.0,0.0,Connor Hawke
1.0,Full-Time,42.04345969954079,3319238303483429376,Karnataka,Bengaluru,2019-02-02,6,False,6,Active,True,Joy may Marie,Joy8 Marie8,Platform,White,L2,27,1997-08-13,UK,Male,He/Him,"fitness, coffee, football","pilates,yoga,craft beer",1.0,Platform Engineer,Any,2019-08-03,Unknown,,,0.0,Sick Leave,44.0,100.0,50.0,10.0,10.0,50.0,100.0,10.0,50.0,100.0,100.0,100.0,100.0,100.0,3.0,3.0,7.0,31000,372000,HSBC,monthly,EMP5333,31000.0,37200.0,0.0,0.0,1200.0,600.0,2000.0,0.0,0.0,Duke Thomas
1.0,Full-Time,35.589450406435006,3320639328283001344,Karnataka,Bengaluru,2024-01-12,1,False,2,Active,True,aqu t,aqu t,Platform,White,L1,25,1999-12-16,Canada,Female,She/Her,"sports entertainment, cooking, blogging",,0.0,Junior Backend Developer,Any,2024-07-12,Unknown,,,1.0,Sick Leave,46.0,100.0,100.0,50.0,50.0,10.0,100.0,100.0,50.0,100.0,100.0,100.0,100.0,100.0,1.0,3.0,9.0,13000,156000,Standard Chartered,monthly,EMP2504,13000.0,15600.0,0.0,0.0,1200.0,600.0,0.0,0.0,0.0,Connor Hawke
1.0,Full-Time,35.57002641638696,3320639889178886656,Karnataka,Bengaluru,2024-01-12,1,False,7,Active,True,aqu t,aqu t,UI/UX,Asian,L2,31,1993-02-22,USA,Female,She/Her,"coffee, fitness, cooking",,1.0,Frontend Developer,Any,2024-07-12,Unknown,,,1.0,Paid Leave,31.0,100.0,50.0,50.0,50.0,50.0,50.0,100.0,50.0,100.0,100.0,50.0,100.0,100.0,0.0,7.0,6.0,25500,306000,Standard Chartered,monthly,EMP4762,25500.0,30600.0,0.0,0.0,1200.0,0.0,2000.0,0.0,3000.0,Tim Drake
1.0,Full-Time,40.25413393324401,3321199047473103360,West Bengal,Kolkata,2019-02-02,6,False,9,Active,True,Joy may Marie,Joy8 Marie8,UI/UX,African American,L1,32,1992-03-29,USA,Female,She/Her,"theatres and movies, travelling","pilates,yoga,craft beer",2.0,Junior UX Designer,Any,2019-08-03,Unknown,,,0.0,Paid Leave,29.0,100.0,100.0,10.0,10.0,100.0,10.0,10.0,50.0,100.0,100.0,50.0,100.0,100.0,4.0,2.0,7.0,34500,414000,HSBC,monthly,EMP6341,34500.0,41400.0,0.0,0.0,1200.0,600.0,4000.0,1000.0,0.0,Jason Todd
1.0,Full-Time,36.28850205312783,3321233119490605568,Karnataka,Bengaluru,2014-02-02,11,True,12,Active,True,Ammy Brown,Ammy Brown,Platform,White,L5,36,1988-04-16,USA,Male,He/Him,"sports entertainment, football",,2.0,Senior Backend Developer,Vegetarian,2014-08-03,Unknown,,,0.0,Sick Leave,48.0,100.0,10.0,10.0,10.0,100.0,100.0,10.0,10.0,100.0,100.0,10.0,100.0,100.0,6.0,0.0,7.0,58000,696000,HSBC,monthly,EMP2298,58000.0,69600.0,27840.0,41760.0,1200.0,0.0,4000.0,0.0,0.0,Roy Harper
1.0,Full-Time,46.672650666070794,3321233214793581056,Haryana,Gurgaon,2019-02-02,6,False,7,Active,True,Joy may Marie,Joy8 Marie8,Finance & Admin,White,L1,29,1995-04-06,UK,Male,He/Him,"football, blogging","pilates,yoga,craft beer",0.0,Accounts Associate,Any,2019-08-03,Unknown,,,0.0,Sick Leave,45.0,10.0,50.0,10.0,10.0,10.0,100.0,10.0,50.0,10.0,100.0,100.0,50.0,50.0,6.0,4.0,3.0,30500,366000,HSBC,monthly,EMP6273,30500.0,36600.0,0.0,0.0,1200.0,0.0,0.0,2000.0,3000.0,Oswald Cobblepot
1.0,Full-Time,41.45162726172203,3321238469920948736,Karnataka,Bengaluru,2014-02-02,11,True,18,Active,True,Ammy Brown,Ammy Brown,Customer Service,African American,L5,39,1985-07-28,USA,Male,He/Him,"football, blogging",,0.0,Team Lead,Any,2014-08-03,Unknown,,,2.0,Sick Leave,46.0,50.0,10.0,100.0,100.0,10.0,100.0,10.0,10.0,50.0,100.0,10.0,10.0,10.0,7.0,2.0,4.0,70000,840000,HSBC,monthly,EMP4561,70000.0,84000.0,33600.0,50400.0,1200.0,0.0,0.0,0.0,3000.0,Jason Blood
1.0,Full-Time,43.73972183542175,3321238592990216704,Karnataka,Bengaluru,2019-02-02,6,False,6,Active,True,Joy may Marie,Joy8 Marie8,Platform,Hispanic,L3,28,1996-07-09,USA,Male,He/Him,"coffee, fitness, cooking","pilates,yoga,craft beer",0.0,Backend Developer,Any,2019-08-03,Unknown,,,1.0,Paid Leave,28.0,100.0,50.0,50.0,50.0,10.0,10.0,10.0,50.0,100.0,100.0,100.0,100.0,100.0,3.0,4.0,6.0,33500,402000,HSBC,monthly,EMP1066,33500.0,40200.0,0.0,0.0,1200.0,0.0,0.0,1000.0,0.0,Damian Wayne
1.0,Full-Time,40.83707607075687,3321277797258757120,Karnataka,Bengaluru,2014-02-02,11,True,18,Active,True,Ammy Brown,Ammy Brown,Marketing,White,L7,39,1985-09-12,USA,Female,She/Her,"sports entertainment, cooking, blogging",,0.0,Chief Marketing Officer,Any,2014-08-03,Unknown,,,0.0,Sick Leave,42.0,50.0,10.0,10.0,10.0,10.0,50.0,10.0,10.0,50.0,100.0,10.0,50.0,50.0,7.0,5.0,1.0,75000,900000,HSBC,monthly,EMP2872,75000.0,90000.0,36000.0,54000.0,1200.0,0.0,0.0,1000.0,3000.0,Harvey Dent
1.0,Full-Time,37.37375430795241,3321277916913861632,Karnataka,Bengaluru,2019-02-02,6,False,15,Active,True,Joy may Marie,Joy8 Marie8,Platform,White,L1,38,1987-01-04,Canada,Female,She/Her,"travelling, chess, sports entertainment","pilates,yoga,craft beer",0.0,Junior Backend Developer,Any,2019-08-03,Unknown,,,0.0,Paid Leave,34.0,100.0,100.0,10.0,10.0,10.0,50.0,10.0,50.0,100.0,100.0,10.0,100.0,100.0,5.0,2.0,6.0,46500,558000,HSBC,monthly,EMP6440,46500.0,55800.0,0.0,0.0,1200.0,0.0,0.0,2000.0,3000.0,Damian Wayne
1.0,Full-Time,38.84171945289762,3321294321776329728,Karnataka,Bengaluru,2014-02-02,11,True,14,Active,True,Ammy Brown,Ammy Brown,Marketing,White,L6,38,1986-12-03,Canada,Male,He/Him,"football, blogging",,1.0,Senior Marketing Manager,Any,2014-08-03,Unknown,,,2.0,Paid Leave,29.0,50.0,10.0,100.0,100.0,50.0,10.0,10.0,10.0,50.0,100.0,10.0,50.0,50.0,5.0,5.0,3.0,64500,774000,HSBC,monthly,EMP2605,64500.0,77400.0,30960.0,46440.0,1200.0,600.0,2000.0,0.0,0.0,Harleen Quinnzel
1.0,Full-Time,42.38328331216744,3321294412155192320,Haryana,Gurgaon,2019-02-02,6,False,14,Active,True,Joy may Marie,Joy8 Marie8,Platform,White,L1,36,1988-03-22,UK,Female,She/Her,"coffee, fitness, cooking","pilates,yoga,craft beer",0.0,Junior Backend Developer,Any,2019-08-03,Unknown,,,3.0,Sick Leave,42.0,100.0,100.0,100.0,100.0,10.0,50.0,10.0,50.0,100.0,100.0,10.0,100.0,100.0,3.0,2.0,8.0,44500,534000,HSBC,monthly,EMP9898,44500.0,53400.0,0.0,0.0,1200.0,0.0,0.0,1000.0,3000.0,Duke Thomas
1.0,Full-Time,40.90880027138505,3321324770309440000,West Bengal,Kolkata,2014-02-02,11,True,12,Active,True,Ammy Brown,Ammy Brown,Sales,White,L6,34,1990-01-31,UK,Female,She/Her,"theatres and movies, travelling",,1.0,Senior Sales Manager,Any,2014-08-03,Unknown,,,0.0,Maternity Leave,183.0,50.0,10.0,10.0,10.0,50.0,50.0,10.0,10.0,50.0,100.0,10.0,10.0,10.0,8.0,4.0,1.0,60500,726000,HSBC,monthly,EMP1883,60500.0,72600.0,29040.0,43560.0,1200.0,0.0,2000.0,0.0,3000.0,Jim Gordon
1.0,Full-Time,39.749182576272894,3321324890635633152,West Bengal,Kolkata,2019-02-02,6,False,15,Active,True,Joy may Marie,Joy8 Marie8,Machine Learning,White,L1,39,1985-04-11,USA,Female,She/Her,"theatres and movies, travelling","pilates,yoga,craft beer",1.0,ML Intern,Vegetarian,2019-08-03,Unknown,,,0.0,Sick Leave,43.0,50.0,50.0,10.0,10.0,50.0,100.0,10.0,50.0,50.0,100.0,10.0,10.0,10.0,6.0,5.0,2.0,46500,558000,HSBC,monthly,EMP847,46500.0,55800.0,0.0,0.0,1200.0,600.0,2000.0,1000.0,0.0,Stephanie Brown
1.0,Full-Time,47.29746526970351,3321337041559486976,West Bengal,Kolkata,2014-02-02,11,True,17,Active,True,Ammy Brown,Ammy Brown,Machine Learning,African American,L5,40,1984-05-14,USA,Male,He/Him,"craft beer, chess",,1.0,Senior Data Scientist,Vegan,2014-08-03,Unknown,,,0.0,Paid Leave,29.0,50.0,10.0,10.0,10.0,50.0,10.0,10.0,10.0,50.0,100.0,10.0,10.0,10.0,9.0,3.0,1.0,68000,816000,HSBC,monthly,EMP7414,68000.0,81600.0,32640.0,48960.0,1200.0,0.0,2000.0,1000.0,0.0,Stephanie Brown
1.0,Full-Time,40.88493695617764,3321337144219271680,Karnataka,Bengaluru,2019-02-02,6,False,13,Active,True,Joy may Marie,Joy8 Marie8,UI/UX,White,L3,36,1988-09-03,UK,Non-Binary,They/Them,"theatres and movies, travelling","pilates,yoga,craft beer",2.0,UX Designer,Vegetarian,2019-08-03,Unknown,,,1.0,Sick Leave,50.0,100.0,100.0,50.0,50.0,100.0,100.0,10.0,50.0,100.0,100.0,10.0,100.0,100.0,2.0,3.0,8.0,47500,570000,HSBC,monthly,EMP7565,47500.0,57000.0,0.0,0.0,1200.0,600.0,4000.0,0.0,0.0,Richard Grayson
1.0,Full-Time,40.58077371105271,3321362400917062656,Karnataka,Bengaluru,2014-02-02,11,True,18,Active,True,Ammy Brown,Ammy Brown,Machine Learning,African American,L4,39,1985-07-10,USA,Female,She/Her,"craft beer, chess",,1.0,MLOps Engineer,Any,2014-08-03,Unknown,,,0.0,Paid Leave,32.0,50.0,10.0,10.0,10.0,50.0,50.0,10.0,10.0,50.0,100.0,10.0,10.0,10.0,8.0,4.0,1.0,67500,810000,HSBC,monthly,EMP3179,67500.0,81000.0,0.0,0.0,1200.0,0.0,2000.0,0.0,0.0,Cassandra Cain
1.0,Full-Time,38.25637690317961,3321362517560656896,Karnataka,Bengaluru,2019-02-02,6,False,13,Active,True,Joy may Marie,Joy8 Marie8,Platform,White,L2,37,1987-07-20,USA,Male,He/Him,"coffee, fitness, cooking","pilates,yoga,craft beer",0.0,Platform Engineer,Any,2019-08-03,Unknown,,,0.0,Sick Leave,51.0,100.0,50.0,10.0,10.0,10.0,100.0,10.0,50.0,100.0,100.0,10.0,100.0,100.0,5.0,2.0,6.0,45000,540000,HSBC,monthly,EMP6871,45000.0,54000.0,0.0,0.0,1200.0,600.0,0.0,0.0,0.0,Damian Wayne
1.0,Full-Time,40.62897711354486,3321374534359057408,Karnataka,Bengaluru,2014-02-02,11,True,13,Active,True,Ammy Brown,Ammy Brown,Marketing,American Indian,L5,34,1990-11-02,USA,Female,She/Her,"coffee, fitness, cooking",,1.0,Marketing Manager,Any,2014-08-03,Unknown,,,0.0,Sick Leave,43.0,50.0,10.0,10.0,10.0,50.0,100.0,10.0,10.0,50.0,100.0,10.0,50.0,50.0,6.0,5.0,2.0,60000,720000,HSBC,monthly,EMP7563,60000.0,72000.0,28800.0,43200.0,1200.0,600.0,2000.0,1000.0,0.0,Pamela Isley
1.0,Full-Time,39.02066620679228,3321374623932613632,Haryana,Gurgaon,2019-02-02,6,False,14,Active,True,Joy may Marie,Joy8 Marie8,Platform,African American,L1,37,1987-07-27,USA,Non-Binary,They/Them,"fitness, coffee, football","pilates,yoga,craft beer",1.0,Junior Backend Developer,Any,2019-08-03,Unknown,,,0.0,Paid Leave,30.0,100.0,100.0,10.0,10.0,50.0,10.0,10.0,50.0,100.0,100.0,10.0,100.0,100.0,5.0,2.0,6.0,44500,534000,HSBC,monthly,EMP8503,44500.0,53400.0,0.0,0.0,1200.0,600.0,2000.0,2000.0,0.0,Connor Hawke
1.0,Full-Time,40.68142058419528,3322060618013344256,Karnataka,Bengaluru,2014-02-02,11,True,18,Active,True,Ammy Brown,Ammy Brown,Platform,African American,L5,40,1984-08-26,USA,Female,She/Her,"coffee, fitness, cooking",,2.0,Senior Backend Developer,Any,2014-08-03,Unknown,,,3.0,Sick Leave,47.0,100.0,10.0,100.0,100.0,100.0,100.0,10.0,10.0,100.0,100.0,10.0,100.0,100.0,4.0,0.0,9.0,70000,840000,HSBC,monthly,EMP4968,70000.0,84000.0,33600.0,50400.0,1200.0,0.0,4000.0,1000.0,0.0,Roy Harper
1.0,Full-Time,46.950820109289594,3322060724657717760,Karnataka,Bengaluru,2019-02-02,6,False,14,Active,True,Joy may Marie,Joy8 Marie8,Platform,White,L1,36,1988-03-06,UK,Female,She/Her,"theatres and movies, travelling","pilates,yoga,craft beer",0.0,Junior Backend Developer,Any,2019-08-03,Unknown,,,0.0,Paid Leave,29.0,100.0,100.0,10.0,10.0,10.0,10.0,10.0,50.0,100.0,100.0,10.0,100.0,100.0,6.0,1.0,6.0,44500,534000,HSBC,monthly,EMP2996,44500.0,53400.0,0.0,0.0,1200.0,600.0,0.0,1000.0,0.0,Duke Thomas
1.0,Full-Time,42.7903570876189,3322066667541889536,Karnataka,Bengaluru,2014-02-02,11,True,14,Active,True,Ammy Brown,Ammy Brown,Customer Service,White,L6,35,1989-08-19,Canada,Male,He/Him,"fitness, coffee, football",,1.0,Engagement Manager,Vegetarian,2014-08-03,Unknown,,,0.0,Paid Leave,28.0,50.0,10.0,10.0,10.0,50.0,10.0,10.0,10.0,50.0,100.0,10.0,10.0,10.0,9.0,3.0,1.0,64500,774000,HSBC,monthly,EMP7271,64500.0,77400.0,30960.0,46440.0,1200.0,0.0,2000.0,0.0,3000.0,Selina Kyle
1.0,Full-Time,47.98694378753986,3322066816666173952,West Bengal,Kolkata,2019-02-02,6,False,8,Active,True,Joy may Marie,Joy8 Marie8,Marketing,African American,L1,29,1995-12-31,USA,Male,He/Him,"coffee, fitness, cooking","pilates,yoga,craft beer",0.0,Social Media Coordinator,Any,2019-08-03,Unknown,,,1.0,Paid Leave,36.0,50.0,50.0,50.0,50.0,10.0,50.0,10.0,50.0,50.0,100.0,100.0,50.0,50.0,2.0,9.0,2.0,32500,390000,HSBC,monthly,EMP7784,32500.0,31200.0,7800.0,0.0,1200.0,0.0,0.0,1000.0,3000.0,Harvey Dent
1.0,Full-Time,42.280731720461404,3322074622962172416,Karnataka,Bengaluru,2014-02-02,11,True,19,Active,True,Ammy Brown,Ammy Brown,Customer Service,White,L5,43,1981-02-26,USA,Female,She/Her,"coffee, fitness, cooking",,0.0,Team Lead,Any,2014-08-03,Unknown,,,0.0,Maternity Leave,186.0,50.0,10.0,10.0,10.0,10.0,50.0,10.0,10.0,50.0,100.0,10.0,10.0,10.0,9.0,3.0,1.0,72000,864000,HSBC,monthly,EMP982,72000.0,86400.0,34560.0,51840.0,1200.0,0.0,0.0,1000.0,3000.0,Zatanna Zatara
1.0,Full-Time,39.0872413098605,3322074717233349120,Karnataka,Bengaluru,2019-02-02,6,False,13,Active,True,Joy may Marie,Joy8 Marie8,UI/UX,White,L3,34,1990-02-04,Canada,Female,She/Her,"fitness, coffee, football","pilates,yoga,craft beer",1.0,UX Designer,Any,2019-08-03,Unknown,,,0.0,Sick Leave,49.0,100.0,100.0,10.0,10.0,50.0,100.0,10.0,50.0,100.0,100.0,10.0,100.0,100.0,4.0,2.0,7.0,47500,570000,HSBC,monthly,EMP5359,47500.0,57000.0,0.0,0.0,1200.0,600.0,2000.0,1000.0,0.0,Jason Todd
1.0,Full-Time,43.02453963586112,3322081136825336832,Karnataka,Bengaluru,2014-02-02,11,True,17,Active,True,Ammy Brown,Ammy Brown,Finance & Admin,Asian,L6,40,1984-10-19,USA,Female,She/Her,"sports entertainment, football",,0.0,Senior Finance Manager,Any,2014-08-03,Unknown,,,0.0,Sick Leave,47.0,10.0,10.0,10.0,10.0,10.0,100.0,10.0,10.0,10.0,100.0,10.0,50.0,50.0,9.0,2.0,2.0,70500,846000,HSBC,monthly,EMP9040,70500.0,84600.0,33840.0,50760.0,1200.0,0.0,0.0,0.0,0.0,Oswald Cobblepot
1.0,Full-Time,47.65354975544459,3322081263686255616,Karnataka,Bengaluru,2019-02-02,6,False,15,Active,True,Joy may Marie,Joy8 Marie8,IT,White,L1,37,1987-02-17,UK,Male,He/Him,"football, blogging","pilates,yoga,craft beer",0.0,IT Support,Any,2019-08-03,Unknown,,,1.0,Paid Leave,27.0,50.0,100.0,50.0,50.0,10.0,10.0,10.0,50.0,50.0,100.0,10.0,50.0,50.0,4.0,7.0,2.0,46500,558000,HSBC,monthly,EMP6335,46500.0,55800.0,0.0,0.0,1200.0,0.0,0.0,0.0,3000.0,Guy Gardner
1.0,Full-Time,36.468829228686054,3322115341089243648,Karnataka,Bengaluru,2014-02-02,11,True,14,Active,True,Ammy Brown,Ammy Brown,Customer Service,White,L5,38,1986-06-27,UK,Female,She/Her,"craft beer, blogging",,0.0,Team Lead,Any,2014-08-03,Unknown,,,0.0,Sick Leave,49.0,50.0,10.0,10.0,10.0,10.0,100.0,10.0,10.0,50.0,100.0,10.0,10.0,10.0,9.0,2.0,2.0,62000,744000,HSBC,monthly,EMP7712,62000.0,74400.0,29760.0,44640.0,1200.0,0.0,0.0,0.0,0.0,Jason Blood
1.0,Full-Time,41.78420176693483,3322115434622222848,Karnataka,Bengaluru,2019-02-02,6,False,14,Active,True,Joy may Marie,Joy8 Marie8,Customer Service,White,L1,38,1986-09-23,USA,Female,She/Her,"theatres and movies, travelling","pilates,yoga,craft beer",0.0,Customer Service Associate,Any,2019-08-03,Unknown,,,0.0,Paid Leave,29.0,50.0,50.0,10.0,10.0,10.0,10.0,10.0,50.0,50.0,100.0,10.0,10.0,10.0,8.0,4.0,1.0,44500,534000,HSBC,monthly,EMP6485,44500.0,53400.0,0.0,0.0,1200.0,600.0,0.0,0.0,0.0,Selina Kyle
1.0,Full-Time,38.225581582218794,3322624594707219456,Karnataka,Bengaluru,2014-02-02,11,True,14,Active,True,Ammy Brown,Ammy Brown,Sales,African American,L5,36,1988-04-15,USA,Male,He/Him,"fitness, coffee, football",,0.0,Regional Sales Manager,Vegetarian,2014-08-03,Unknown,,,0.0,Paid Leave,35.0,50.0,10.0,10.0,10.0,10.0,50.0,10.0,10.0,50.0,100.0,10.0,10.0,10.0,9.0,3.0,1.0,62000,744000,HSBC,monthly,EMP7525,62000.0,74400.0,29760.0,44640.0,1200.0,0.0,0.0,0.0,3000.0,Renee Montoya
1.0,Full-Time,45.41715568032784,3322624693684405248,Karnataka,Bengaluru,2019-02-02,6,True,10,Active,True,Joy may Marie,Joy8 Marie8,UI/UX,White,L6,33,1991-11-22,UK,Male,He/Him,"coffee, fitness, cooking","pilates,yoga,craft beer",0.0,Senior UX Designer,Any,2019-08-03,Unknown,,,1.0,Paid Leave,29.0,100.0,10.0,50.0,50.0,10.0,10.0,10.0,10.0,100.0,100.0,10.0,100.0,100.0,6.0,2.0,5.0,49000,588000,HSBC,monthly,EMP4106,49000.0,58800.0,23520.0,35280.0,1200.0,0.0,0.0,0.0,3000.0,Richard Grayson
1.0,Full-Time,32.58475893456405,3322647905281508352,Karnataka,Bengaluru,2024-04-02,1,False,7,Active,True,Ammy Brown,Ammy Brown,Marketing,White,L3,29,1995-08-29,UK,Female,She/Her,"craft beer, chess",,1.0,Marketing Analyst,Any,2024-10-01,Unknown,,,1.0,Paid Leave,36.0,50.0,50.0,50.0,50.0,50.0,50.0,100.0,50.0,50.0,100.0,100.0,50.0,50.0,0.0,10.0,3.0,28000,336000,Standard Chartered,monthly,EMP880,28000.0,26880.0,6720.0,0.0,1200.0,600.0,2000.0,1000.0,0.0,Harleen Quinnzel
0.5,Part-Time,20.0,3322647998109844480,Karnataka,Bengaluru,2024-04-02,1,False,1,Active,True,Joy may Marie,Joy8 Marie8,Sales,African American,L1,24,2000-02-26,USA,Female,She/Her,"theatres and movies, travelling","pilates,yoga,craft beer",2.0,Sales Associate,Any,2024-10-01,Unknown,,,1.0,Paid Leave,36.0,50.0,50.0,50.0,50.0,100.0,50.0,100.0,50.0,50.0,100.0,100.0,10.0,10.0,2.0,7.0,4.0,11000,132000,Standard Chartered,bi-weekly,EMP318,11000.0,0.0,0.0,0.0,1200.0,0.0,0.0,0.0,0.0,Renee Montoya
1.0,Full-Time,45.36158916540621,3322656494888944640,Karnataka,Bengaluru,2019-02-02,6,False,10,Active,True,Ammy Brown,Ammy Brown,UI/UX,White,L3,34,1991-01-03,USA,Female,She/Her,"coffee, fitness, cooking",,1.0,UX Designer,Any,2019-08-03,Unknown,,,0.0,Paid Leave,27.0,100.0,100.0,10.0,10.0,50.0,10.0,10.0,50.0,100.0,100.0,10.0,100.0,100.0,5.0,2.0,6.0,41500,498000,HSBC,monthly,EMP2514,41500.0,49800.0,0.0,0.0,1200.0,0.0,2000.0,0.0,3000.0,Tim Drake
1.0,Full-Time,39.34026631830578,3322656591894807552,West Bengal,Kolkata,2019-02-02,6,True,14,Active,True,Joy may Marie,Joy8 Marie8,Machine Learning,White,L5,37,1987-09-04,UK,Male,He/Him,"theatres and movies, travelling","pilates,yoga,craft beer",2.0,Senior Data Scientist,Any,2019-08-03,Unknown,,,0.0,Sick Leave,46.0,50.0,10.0,10.0,10.0,100.0,100.0,10.0,10.0,50.0,100.0,10.0,10.0,10.0,8.0,2.0,3.0,54500,654000,HSBC,monthly,EMP6974,54500.0,65400.0,26160.0,39240.0,1200.0,0.0,4000.0,0.0,0.0,Stephanie Brown
1.0,Full-Time,38.942786352636105,3322661794056504320,West Bengal,Kolkata,2019-02-02,6,True,13,Active,True,Ammy Brown,Ammy Brown,Human Resources,Hispanic,L6,37,1987-12-16,USA,Female,She/Her,"travelling, chess, sports entertainment",,1.0,HR Director,Any,2019-08-03,Unknown,,,0.0,Paid Leave,29.0,10.0,10.0,10.0,10.0,50.0,10.0,10.0,10.0,10.0,100.0,10.0,10.0,10.0,11.0,1.0,1.0,55000,660000,HSBC,monthly,EMP5007,55000.0,66000.0,26400.0,39600.0,1200.0,0.0,2000.0,0.0,0.0,Joe Karr
1.0,Full-Time,47.46444866789423,3322661904643523584,Karnataka,Bengaluru,2019-02-02,6,False,6,Active,True,Joy may Marie,Joy8 Marie8,Finance & Admin,White,L2,27,1997-07-06,USA,Male,He/Him,"coffee, fitness, cooking","pilates,yoga,craft beer",2.0,Tax Consultant,Any,2019-08-03,Unknown,,,0.0,Sick Leave,46.0,10.0,10.0,10.0,10.0,100.0,100.0,10.0,50.0,10.0,100.0,100.0,50.0,50.0,6.0,3.0,4.0,31000,372000,HSBC,monthly,EMP1305,31000.0,37200.0,0.0,0.0,1200.0,600.0,4000.0,0.0,0.0,Oswald Cobblepot
1.0,Full-Time,34.05802205092609,3322665957289100288,Karnataka,Bengaluru,2024-04-25,0,False,2,Active,True,Rmy Test Kaur,Rmy Test Kaur,Finance & Admin,White,L3,24,2000-10-24,Canada,Male,He/Him,"fitness, coffee, football",,0.0,Financial Analyst,Any,2024-10-24,Unknown,,,0.0,Paid Leave,34.0,10.0,10.0,10.0,10.0,10.0,50.0,100.0,50.0,10.0,100.0,100.0,50.0,50.0,6.0,4.0,3.0,16500,198000,Standard Chartered,monthly,EMP8311,16500.0,19800.0,0.0,0.0,1200.0,600.0,0.0,1000.0,0.0,Victor Fries
1.0,Full-Time,34.288910583803315,3322667730498225152,Karnataka,Bengaluru,2024-03-13,1,True,8,Active,True,root test1 test,root test1 test,IT,White,L6,32,1992-07-25,USA,Female,She/Her,"sports entertainment, cooking, blogging",,1.0,Senior IT Manager,Any,2024-09-11,Unknown,,,1.0,Paid Leave,34.0,50.0,10.0,50.0,50.0,50.0,50.0,100.0,10.0,50.0,100.0,50.0,50.0,50.0,2.0,9.0,2.0,37500,450000,Standard Chartered,monthly,EMP656,37500.0,45000.0,18000.0,27000.0,1200.0,600.0,2000.0,0.0,0.0,Hal Jordan
1.0,Full-Time,37.127923589286134,3322670505223258112,Haryana,Gurgaon,2019-02-02,6,False,7,Active,True,Ammy Brown,Ammy Brown,IT,White,L1,28,1996-03-18,UK,Male,He/Him,"theatres and movies, travelling",,0.0,IT Support,Any,2019-08-03,Unknown,,,0.0,Sick Leave,49.0,50.0,100.0,10.0,10.0,10.0,100.0,10.0,50.0,50.0,100.0,100.0,50.0,50.0,4.0,5.0,4.0,30500,366000,HSBC,monthly,EMP5122,30500.0,36600.0,0.0,0.0,1200.0,0.0,0.0,0.0,3000.0,Hal Jordan
1.0,Full-Time,34.18360307105617,3322677266441306112,Karnataka,Bengaluru,2024-04-25,0,False,6,Active,True,Rmy Test Kaur,Rmy Test Kaur,Finance & Admin,White,L1,27,1997-07-17,Canada,Female,She/Her,"coffee, fitness, cooking",,2.0,Accounts Associate,Any,2024-10-24,Unknown,,,0.0,Sick Leave,43.0,10.0,50.0,10.0,10.0,100.0,100.0,100.0,50.0,10.0,100.0,100.0,50.0,50.0,4.0,4.0,5.0,19500,234000,Standard Chartered,monthly,EMP5012,19500.0,23400.0,0.0,0.0,1200.0,0.0,4000.0,1000.0,3000.0,Oswald Cobblepot
1.0,Full-Time,31.467812441442586,3322698881745027072,Karnataka,Bengaluru,2024-01-12,1,False,1,Active,True,aqu t,aqu t,Marketing,White,L1,25,1999-07-04,USA,Female,She/Her,"theatres and movies, travelling",,0.0,Social Media Coordinator,Any,2024-07-12,Unknown,,,1.0,Paid Leave,36.0,50.0,50.0,50.0,50.0,10.0,50.0,100.0,50.0,50.0,100.0,100.0,50.0,50.0,1.0,9.0,3.0,11000,132000,Standard Chartered,monthly,EMP9865,11000.0,10560.0,2640.0,0.0,1200.0,0.0,0.0,0.0,3000.0,Pamela Isley
1.0,Full-Time,31.571391661502755,3322699251783303168,Karnataka,Bengaluru,2024-01-12,1,False,9,Active,True,aqu t,aqu t,Customer Service,African American,L1,32,1992-04-17,USA,Male,He/Him,"coffee, fitness, cooking",,1.0,Customer Service Associate,Any,2024-07-12,Unknown,,,1.0,Paid Leave,29.0,50.0,50.0,50.0,50.0,50.0,10.0,100.0,50.0,50.0,100.0,50.0,10.0,10.0,3.0,8.0,2.0,27000,324000,Standard Chartered,monthly,EMP8277,27000.0,32400.0,0.0,0.0,1200.0,0.0,2000.0,1000.0,0.0,Zatanna Zatara
1.0,Full-Time,46.90963223854882,3322754590859854336,Karnataka,Bengaluru,2019-02-02,6,False,11,Active,True,Ammy Brown,Ammy Brown,Marketing,White,L1,35,1989-08-18,USA,Male,He/Him,"fitness, coffee, football",,1.0,Social Media Coordinator,Vegetarian,2019-08-03,Unknown,,,0.0,Paid Leave,35.0,50.0,50.0,10.0,10.0,50.0,50.0,10.0,50.0,50.0,100.0,10.0,50.0,50.0,4.0,8.0,1.0,38500,462000,HSBC,monthly,EMP2323,38500.0,36960.0,9240.0,0.0,1200.0,600.0,2000.0,0.0,0.0,Harvey Dent
1.0,Full-Time,45.18636293162941,3322754846469128704,Karnataka,Bengaluru,2019-02-02,6,False,13,Active,True,ria Brown,ria Brown,Machine Learning,White,L1,36,1988-11-23,UK,Male,He/Him,"craft beer, chess",,2.0,ML Intern,Vegetarian,2019-08-03,Unknown,,,2.0,Paid Leave,28.0,50.0,50.0,100.0,100.0,100.0,10.0,10.0,50.0,50.0,100.0,10.0,10.0,10.0,5.0,4.0,4.0,42500,510000,HSBC,monthly,EMP4156,42500.0,51000.0,0.0,0.0,1200.0,600.0,4000.0,0.0,0.0,Stephanie Brown
1.0,Full-Time,38.448508476265424,3322755702853730816,West Bengal,Kolkata,2019-02-02,6,False,9,Active,True,ria Brown,ria Brown,Sales,White,L1,32,1992-02-11,UK,Female,She/Her,"coffee, fitness, cooking",,1.0,Sales Associate,Vegetarian,2019-08-03,Unknown,,,0.0,Paid Leave,30.0,50.0,50.0,10.0,10.0,50.0,10.0,10.0,50.0,50.0,100.0,50.0,10.0,10.0,6.0,6.0,1.0,34500,414000,HSBC,monthly,EMP67,34500.0,33120.0,8280.0,0.0,1200.0,0.0,2000.0,2000.0,0.0,Jim Gordon
1.0,Full-Time,36.04475096684194,3322756601600803328,Karnataka,Bengaluru,2019-02-02,6,False,13,Active,True,aquera Brown,aquera Brown,Sales,White,L3,37,1988-01-05,USA,Male,He/Him,"sports entertainment, football",,0.0,Sales Executive,Any,2019-08-03,Unknown,,,2.0,Paid Leave,27.0,50.0,50.0,100.0,100.0,10.0,10.0,10.0,50.0,50.0,100.0,10.0,10.0,10.0,6.0,4.0,3.0,47500,570000,HSBC,monthly,EMP9621,47500.0,45600.0,11400.0,0.0,1200.0,0.0,0.0,0.0,0.0,Arnold Flass
1.0,Full-Time,34.6527761715794,3323555228036366336,Karnataka,Bengaluru,2024-03-14,1,True,10,Active,True,Saira M Landry,Saira M Landry,Marketing,African American,L6,33,1991-07-26,USA,Male,He/Him,"sports entertainment, cooking, blogging",,1.0,Senior Marketing Manager,Any,2024-09-12,Unknown,,,1.0,Paid Leave,33.0,50.0,10.0,50.0,50.0,50.0,50.0,100.0,10.0,50.0,100.0,10.0,50.0,50.0,3.0,8.0,2.0,41500,498000,Standard Chartered,monthly,EMP1439,41500.0,49800.0,19920.0,29880.0,1200.0,0.0,2000.0,1000.0,0.0,Harleen Quinnzel
1.0,Full-Time,32.74308846162496,3323580901337596416,Karnataka,Bengaluru,2024-03-14,1,False,6,Active,True,Prince Norris,Prince Norris,UI/UX,African American,L3,27,1997-05-03,USA,Male,He/Him,"travelling, chess, sports entertainment",,0.0,UX Designer,Vegetarian,2024-09-12,Unknown,,,1.0,Paid Leave,36.0,100.0,100.0,50.0,50.0,10.0,50.0,100.0,50.0,100.0,100.0,100.0,100.0,100.0,1.0,4.0,8.0,26000,312000,Standard Chartered,monthly,EMP5557,26000.0,31200.0,0.0,0.0,1200.0,600.0,0.0,0.0,0.0,Richard Grayson
1.0,Full-Time,30.293967410899537,3323586077108732416,Karnataka,Bengaluru,2024-03-14,1,False,8,Active,True,Erik A Bauer,Erik A Bauer,UI/UX,White,L1,31,1993-06-15,UK,Male,He/Him,"theatres and movies, travelling",,0.0,Junior UX Designer,Any,2024-09-12,Unknown,,,1.0,Sick Leave,45.0,100.0,100.0,50.0,50.0,10.0,100.0,100.0,50.0,100.0,100.0,50.0,100.0,100.0,1.0,4.0,8.0,25000,300000,Standard Chartered,monthly,EMP6340,25000.0,30000.0,0.0,0.0,1200.0,0.0,0.0,0.0,0.0,Tim Drake
1.0,Full-Time,35.0994817036591,3323590222515536384,West Bengal,Kolkata,2024-03-14,1,False,2,Active,True,Willow B Garrett,Willow B Garrett,Sales,African American,L1,23,2001-11-05,USA,Female,She/Her,"football, blogging",,2.0,Sales Associate,Vegetarian,2024-09-12,Unknown,,,1.0,Paid Leave,35.0,50.0,50.0,50.0,50.0,100.0,50.0,100.0,50.0,50.0,100.0,100.0,10.0,10.0,2.0,7.0,4.0,13000,156000,Standard Chartered,monthly,EMP8117,13000.0,12480.0,3120.0,0.0,1200.0,600.0,4000.0,2000.0,0.0,Arnold Flass
1.0,Full-Time,34.24207489588465,3323594568393294336,West Bengal,Kolkata,2024-03-14,1,False,3,Active,True,Callan Lowery,Callan Lowery,Platform,African American,L3,27,1997-12-15,USA,Female,She/Her,"fitness, coffee, football",,0.0,Backend Developer,Any,2024-09-12,Unknown,,,1.0,Paid Leave,31.0,100.0,50.0,50.0,50.0,10.0,50.0,100.0,50.0,100.0,100.0,100.0,100.0,100.0,1.0,5.0,7.0,20000,240000,Standard Chartered,monthly,EMP2000,20000.0,24000.0,0.0,0.0,1200.0,0.0,0.0,0.0,3000.0,Roy Harper
1.0,Full-Time,33.98767415512126,3323597687294525952,West Bengal,Kolkata,2024-03-14,1,True,7,Active,True,Katie A Hull,Katie A Hull,Finance & Admin,African American,L6,31,1993-05-30,USA,Female,She/Her,"coffee, fitness, cooking",,2.0,Senior Finance Manager,Any,2024-09-12,Unknown,,,1.0,Paid Leave,34.0,10.0,10.0,50.0,50.0,100.0,50.0,100.0,10.0,10.0,100.0,50.0,50.0,50.0,4.0,6.0,3.0,35500,426000,Standard Chartered,monthly,EMP3818,35500.0,42600.0,17040.0,25560.0,1200.0,0.0,4000.0,0.0,0.0,Victor Fries
1.0,Full-Time,30.957403987407883,3323601369985712640,Karnataka,Bengaluru,2024-03-14,1,False,6,Active,True,Ricky Lester,Ricky Lester,Machine Learning,White,L1,27,1997-03-30,Canada,Male,He/Him,"fitness, coffee, football",,2.0,ML Intern,Vegan,2024-09-12,Unknown,,,1.0,Sick Leave,43.0,50.0,50.0,50.0,50.0,100.0,100.0,100.0,50.0,50.0,100.0,100.0,10.0,10.0,2.0,6.0,5.0,21000,252000,Standard Chartered,monthly,EMP540,21000.0,25200.0,0.0,0.0,1200.0,0.0,4000.0,1000.0,3000.0,Cassandra Cain
1.0,Full-Time,31.727130418145514,3323605401466831360,West Bengal,Kolkata,2024-03-14,1,False,1,Active,True,Scarlett Dunn,Scarlett Dunn,Platform,African American,L1,23,2001-12-27,USA,Male,He/Him,"craft beer, blogging",,0.0,Junior Backend Developer,Vegetarian,2024-09-12,Unknown,,,1.0,Paid Leave,34.0,100.0,100.0,50.0,50.0,10.0,50.0,100.0,50.0,100.0,100.0,100.0,100.0,100.0,1.0,4.0,8.0,11000,132000,Standard Chartered,monthly,EMP4432,11000.0,13200.0,0.0,0.0,1200.0,600.0,0.0,1000.0,0.0,Damian Wayne
1.0,Full-Time,35.59539673057426,3324077462203138560,Karnataka,Bengaluru,2024-01-12,1,False,7,Active,True,aqu t,aqu t,Marketing,White,L1,28,1996-11-20,USA,Male,He/Him,"football, blogging",,0.0,Social Media Coordinator,Vegetarian,2024-07-12,Unknown,,,1.0,Sick Leave,50.0,50.0,50.0,50.0,50.0,10.0,100.0,100.0,50.0,50.0,100.0,100.0,50.0,50.0,1.0,8.0,4.0,23000,276000,Standard Chartered,monthly,EMP6826,23000.0,22080.0,5520.0,0.0,1200.0,600.0,0.0,0.0,0.0,Pamela Isley
1.0,Full-Time,34.232707930304926,3324118388208304640,West Bengal,Kolkata,2024-01-12,1,False,9,Active,True,aqu t,aqu t,IT,Asian,L1,32,1992-11-29,India,Female,She/Her,"travelling, chess, sports entertainment",,0.0,IT Support,Any,2024-07-12,Unknown,,,1.0,Sick Leave,49.0,50.0,100.0,50.0,50.0,10.0,100.0,100.0,50.0,50.0,100.0,50.0,50.0,50.0,1.0,8.0,4.0,27000,324000,Standard Chartered,monthly,EMP2548,27000.0,32400.0,0.0,0.0,1200.0,0.0,0.0,0.0,3000.0,Hal Jordan
1.0,Full-Time,34.10969082855312,3324150943070552576,Karnataka,Bengaluru,2024-01-12,1,False,5,Active,True,aqu t,aqu t,Machine Learning,African American,L3,29,1995-05-18,USA,Male,He/Him,"craft beer, blogging",,1.0,Data Analyst,Any,2024-07-12,Unknown,,,1.0,Paid Leave,28.0,50.0,50.0,50.0,50.0,50.0,10.0,100.0,50.0,50.0,100.0,100.0,10.0,10.0,3.0,7.0,3.0,24000,288000,Standard Chartered,monthly,EMP8345,24000.0,28800.0,0.0,0.0,1200.0,600.0,2000.0,0.0,0.0,Stephanie Brown
1.0,Full-Time,33.12001403626522,3324151269991383552,Karnataka,Bengaluru,2024-01-12,1,False,10,Active,True,aqu t,aqu t,Platform,White,L1,33,1991-05-07,USA,Female,She/Her,"travelling, chess, sports entertainment",,0.0,Junior Backend Developer,Any,2024-07-12,Unknown,,,1.0,Paid Leave,29.0,100.0,100.0,50.0,50.0,10.0,10.0,100.0,50.0,100.0,100.0,10.0,100.0,100.0,3.0,3.0,7.0,29000,348000,Standard Chartered,monthly,EMP1105,29000.0,34800.0,0.0,0.0,1200.0,0.0,0.0,1000.0,0.0,Roy Harper
1.0,Full-Time,32.808109133236,3324223673946079744,Karnataka,Bengaluru,2024-03-01,1,False,4,Active,True,Tiffney Marie Swan,Tiffney Marie Swan,Machine Learning,White,L2,28,1996-04-21,Canada,Male,He/Him,"sports entertainment, football",,0.0,Data Scientist,Any,2024-08-30,Unknown,,,1.0,Paid Leave,31.0,50.0,10.0,50.0,50.0,10.0,50.0,100.0,50.0,50.0,100.0,100.0,10.0,10.0,4.0,6.0,3.0,19500,234000,Standard Chartered,monthly,EMP5594,19500.0,23400.0,0.0,0.0,1200.0,0.0,0.0,1000.0,3000.0,Cassandra Cain
1.0,Full-Time,38.30646840854334,3324243202222850560,Karnataka,Bengaluru,2019-02-02,6,False,12,Active,True,Ammy Brown,Ammy Brown,UI/UX,White,L3,36,1988-04-23,Canada,Female,She/Her,"coffee, fitness, cooking",,1.0,UX Designer,Any,2019-08-03,Unknown,,,1.0,Paid Leave,33.0,100.0,100.0,50.0,50.0,50.0,50.0,10.0,50.0,100.0,100.0,10.0,100.0,100.0,2.0,5.0,6.0,45500,546000,HSBC,monthly,EMP6015,45500.0,54600.0,0.0,0.0,1200.0,0.0,2000.0,0.0,0.0,Tim Drake
1.0,Full-Time,46.274162617597746,3324243331214475776,Karnataka,Bengaluru,2019-02-02,6,False,7,Active,True,Joy may Marie,Joy8 Marie8,IT,African American,L1,29,1995-05-12,USA,Male,He/Him,"coffee, fitness, cooking","pilates,yoga,craft beer",2.0,IT Support,Any,2019-08-03,Unknown,,,0.0,Unpaid Leave,39.0,50.0,100.0,10.0,10.0,100.0,50.0,10.0,50.0,50.0,100.0,100.0,50.0,50.0,3.0,6.0,4.0,30500,366000,HSBC,monthly,EMP7530,30500.0,36600.0,0.0,0.0,1200.0,0.0,4000.0,0.0,3000.0,Jon Stewart
1.0,Full-Time,45.8211093931732,3324250772194984960,Karnataka,Bengaluru,2015-03-03,10,True,14,Active,True,Mason Atkinson,Mason Atkinson,Sales,White,L6,35,1989-08-04,Canada,Female,She/Her,"travelling, chess, sports entertainment",,0.0,Senior Sales Manager,Any,2015-09-01,Unknown,,,0.0,Bereavement Leave,46.0,50.0,10.0,10.0,10.0,10.0,100.0,10.0,10.0,50.0,100.0,10.0,10.0,10.0,9.0,2.0,2.0,63000,756000,HSBC,monthly,EMP7082,63000.0,75600.0,30240.0,45360.0,1200.0,0.0,0.0,0.0,3000.0,Harvey Bullock
1.0,Full-Time,44.950937073559174,3324280048109748224,Karnataka,Bengaluru,2015-05-01,9,True,13,Active,True,Abhinav Khare,Abhinav Khare,UI/UX,African American,L5,35,1989-08-16,USA,Male,He/Him,"fitness, coffee, football",,0.0,UI/UX Manager,Vegetarian,2015-10-30,Unknown,,,3.0,Sick Leave,43.0,100.0,50.0,100.0,100.0,10.0,100.0,10.0,10.0,100.0,100.0,10.0,100.0,100.0,4.0,1.0,8.0,57000,684000,HSBC,monthly,EMP1260,57000.0,68400.0,27360.0,41040.0,1200.0,0.0,0.0,0.0,0.0,Barabara Gordon
1.0,Full-Time,39.352021196104054,3324283930047152128,West Bengal,Kolkata,2015-05-01,9,True,18,Active,True,Abhi Khare,Abhi Khare,Machine Learning,White,L6,41,1983-09-09,USA,Female,She/Her,"theatres and movies, travelling",,0.0,Principal Data Scientist,Any,2015-10-30,Unknown,,,0.0,Unpaid Leave,37.0,50.0,10.0,10.0,10.0,10.0,50.0,10.0,10.0,50.0,100.0,10.0,10.0,10.0,9.0,3.0,1.0,69500,834000,HSBC,monthly,EMP3750,69500.0,83400.0,33360.0,50040.0,1200.0,0.0,0.0,0.0,3000.0,Stephanie Brown
1.0,Full-Time,46.04354865420912,3324386200382342144,West Bengal,Kolkata,2015-05-01,9,True,14,Active,True,Ruben Samuel,Ruben Samuel,Marketing,Asian,L7,35,1989-03-24,India,Female,She/Her,"coffee, fitness, cooking",,1.0,Chief Marketing Officer,Any,2015-10-30,Unknown,,,0.0,Sick Leave,51.0,50.0,10.0,10.0,10.0,50.0,100.0,10.0,10.0,50.0,100.0,10.0,50.0,50.0,6.0,5.0,2.0,64000,768000,HSBC,monthly,EMP2375,64000.0,76800.0,30720.0,46080.0,1200.0,600.0,2000.0,1000.0,0.0,Harleen Quinnzel
1.0,Full-Time,42.59561072908696,3326319077911166976,West Bengal,Kolkata,2019-02-02,6,True,8,Active,True,aquera Brown,aquera Brown,Marketing,White,L7,31,1993-07-10,USA,Male,He/Him,"coffee, fitness, cooking",,1.0,Chief Marketing Officer,Any,2019-08-03,Unknown,,,0.0,Paid Leave,28.0,50.0,10.0,10.0,10.0,50.0,10.0,10.0,10.0,50.0,100.0,50.0,50.0,50.0,6.0,6.0,1.0,47500,570000,HSBC,monthly,EMP4990,47500.0,57000.0,22800.0,34200.0,1200.0,0.0,2000.0,0.0,3000.0,Harleen Quinnzel
1.0,Full-Time,47.02325049339799,3326320057180487680,Karnataka,Bengaluru,2019-02-02,6,False,14,Active,True,ria bk,ria bk,Platform,White,L1,38,1986-05-25,USA,Female,She/Her,"football, blogging",,2.0,Junior Backend Developer,Any,2019-08-03,Unknown,,,0.0,Paid Leave,36.0,100.0,100.0,10.0,10.0,100.0,50.0,10.0,50.0,100.0,100.0,10.0,100.0,100.0,4.0,2.0,7.0,44500,534000,HSBC,monthly,EMP5873,44500.0,53400.0,0.0,0.0,1200.0,0.0,4000.0,2000.0,0.0,Damian Wayne
1.0,Full-Time,37.16820788706779,3326321964766724096,Karnataka,Bengaluru,2019-02-02,6,False,6,Active,True,ria bk,ria bk,Sales,White,L2,27,1997-12-31,UK,Male,He/Him,"travelling, chess, sports entertainment",,1.0,Sales Representative,Any,2019-08-03,Unknown,,,0.0,Unpaid Leave,38.0,50.0,10.0,10.0,10.0,50.0,50.0,10.0,50.0,50.0,100.0,100.0,10.0,10.0,6.0,5.0,2.0,31000,372000,HSBC,monthly,EMP4403,31000.0,29760.0,7440.0,0.0,1200.0,600.0,2000.0,1000.0,0.0,Jim Gordon
1.0,Full-Time,44.81609794919226,3326322134526984192,Haryana,Gurgaon,2019-02-02,6,False,12,Active,True,ria bk,ria bk,Platform,White,L2,36,1988-12-28,USA,Male,He/Him,"theatres and movies, travelling",,0.0,Platform Engineer,Vegan,2019-08-03,Unknown,,,2.0,Sick Leave,44.0,100.0,50.0,100.0,100.0,10.0,100.0,10.0,50.0,100.0,100.0,10.0,100.0,100.0,3.0,2.0,8.0,43000,516000,HSBC,monthly,EMP6685,43000.0,51600.0,0.0,0.0,1200.0,0.0,0.0,0.0,0.0,Duke Thomas
1.0,Full-Time,37.34280572483152,3326322376236335104,Karnataka,Bengaluru,2019-02-02,6,False,9,Active,True,ria bk,ria bk,Platform,White,L1,30,1994-06-15,UK,Female,She/Her,"coffee, fitness, cooking",,0.0,Junior Backend Developer,Any,2019-08-03,Unknown,,,0.0,Sick Leave,50.0,100.0,100.0,10.0,10.0,10.0,100.0,10.0,50.0,100.0,100.0,50.0,100.0,100.0,4.0,2.0,7.0,34500,414000,HSBC,monthly,EMP205,34500.0,41400.0,0.0,0.0,1200.0,0.0,0.0,0.0,3000.0,Damian Wayne
1.0,Full-Time,40.40663132970364,3326322960687431680,Haryana,Gurgaon,2019-02-02,6,False,6,Active,True,ria bk,ria bk,Customer Service,White,L1,29,1995-11-29,Canada,Male,He/Him,"theatres and movies, travelling",,0.0,Customer Service Associate,Any,2019-08-03,Unknown,,,1.0,Paid Leave,36.0,50.0,50.0,50.0,50.0,10.0,50.0,10.0,50.0,50.0,100.0,100.0,10.0,10.0,4.0,7.0,2.0,28500,342000,HSBC,monthly,EMP9191,28500.0,34200.0,0.0,0.0,1200.0,600.0,0.0,0.0,0.0,Selina Kyle
1.0,Full-Time,36.33745295332658,3327023937879015936,Karnataka,Bengaluru,2019-02-02,6,False,6,Active,True,Ammy Brown,Ammy Brown,Marketing,White,L1,27,1997-08-31,USA,Male,He/Him,"coffee, fitness, cooking",,1.0,Social Media Coordinator,Any,2019-08-03,Unknown,,,2.0,Paid Leave,33.0,50.0,50.0,100.0,100.0,50.0,50.0,10.0,50.0,50.0,100.0,100.0,50.0,50.0,1.0,8.0,4.0,28500,342000,HSBC,monthly,EMP9753,28500.0,27360.0,6840.0,0.0,1200.0,600.0,2000.0,0.0,0.0,Harleen Quinnzel
1.0,Full-Time,45.392490322781995,3327024044850545152,West Bengal,Kolkata,2019-02-02,6,False,7,Active,True,Joy may Marie,Joy8 Marie8,Human Resources,White,L2,28,1996-12-11,Canada,Female,She/Her,"coffee, fitness, cooking","pilates,yoga,craft beer",2.0,Recruiter,Any,2019-08-03,Unknown,,,0.0,Paid Leave,29.0,10.0,10.0,10.0,10.0,100.0,10.0,10.0,50.0,10.0,100.0,100.0,10.0,10.0,9.0,1.0,3.0,33000,396000,HSBC,monthly,EMP8668,33000.0,39600.0,0.0,0.0,1200.0,0.0,4000.0,0.0,0.0,Joe Karr
1.0,Full-Time,40.051948873240775,3327030644092961280,Karnataka,Bengaluru,2019-02-02,6,False,11,Active,True,Ammy Brown,Ammy Brown,Finance & Admin,White,L1,33,1991-04-02,USA,Male,He/Him,"theatres and movies, travelling",,0.0,Accounts Associate,Any,2019-08-03,Unknown,,,1.0,Paid Leave,30.0,10.0,50.0,50.0,50.0,10.0,10.0,10.0,50.0,10.0,100.0,10.0,50.0,50.0,6.0,6.0,1.0,38500,462000,HSBC,monthly,EMP4073,38500.0,46200.0,0.0,0.0,1200.0,0.0,0.0,1000.0,0.0,Victor Fries
1.0,Full-Time,38.881209036928816,3327030747197342208,West Bengal,Kolkata,2019-02-02,6,True,11,Active,True,Joy may Marie,Joy8 Marie8,Platform,White,L4,35,1989-02-18,USA,Female,She/Her,"travelling, chess, sports entertainment","pilates,yoga,craft beer",0.0,System Architect,Any,2019-08-03,Unknown,,,2.0,Paid Leave,31.0,100.0,10.0,100.0,100.0,10.0,50.0,10.0,10.0,100.0,100.0,10.0,100.0,100.0,5.0,1.0,7.0,46000,552000,HSBC,monthly,EMP7495,46000.0,55200.0,0.0,0.0,1200.0,0.0,0.0,0.0,0.0,Damian Wayne
1.0,Full-Time,45.21963049891664,3327042940945039872,Karnataka,Bengaluru,2014-11-20,10,True,12,Active,True,Niall Francis,Niall Francis,Platform,White,L3,34,1990-02-04,USA,Male,He/Him,"coffee, fitness, cooking",,0.0,Backend Developer,Any,2015-05-21,Unknown,,,0.0,Sick Leave,49.0,100.0,50.0,10.0,10.0,10.0,100.0,10.0,10.0,100.0,100.0,10.0,100.0,100.0,6.0,1.0,6.0,51500,618000,HSBC,monthly,EMP8507,51500.0,61800.0,0.0,0.0,1200.0,600.0,0.0,1000.0,0.0,Damian Wayne
1.0,Full-Time,37.61446750616538,3327075898242368512,West Bengal,Kolkata,2019-02-02,6,False,11,Active,True,Ammy Brown,Ammy Brown,Machine Learning,White,L3,34,1991-01-04,Canada,Male,He/Him,"theatres and movies, travelling",,1.0,Data Analyst,Any,2019-08-03,Unknown,,,0.0,Paid Leave,36.0,50.0,50.0,10.0,10.0,50.0,50.0,10.0,50.0,50.0,100.0,10.0,10.0,10.0,6.0,6.0,1.0,43500,522000,HSBC,monthly,EMP6672,43500.0,52200.0,0.0,0.0,1200.0,600.0,2000.0,0.0,0.0,Cassandra Cain
1.0,Full-Time,36.29566737018237,3327075998360404992,West Bengal,Kolkata,2019-02-02,6,False,11,Active,True,Joy may Marie,Joy8 Marie8,UI/UX,White,L1,33,1991-08-31,USA,Female,She/Her,"coffee, fitness, cooking","pilates,yoga,craft beer",0.0,Junior UX Designer,Any,2019-08-03,Unknown,,,0.0,Sick Leave,50.0,100.0,100.0,10.0,10.0,10.0,100.0,10.0,50.0,100.0,100.0,10.0,100.0,100.0,5.0,1.0,7.0,38500,462000,HSBC,monthly,EMP9023,38500.0,46200.0,0.0,0.0,1200.0,0.0,0.0,1000.0,0.0,Richard Grayson
1.0,Full-Time,39.83589895628448,3327091154872173568,Karnataka,Bengaluru,2015-02-16,10,True,12,Active,True,Sandra Canavan,Sandra Canavan,Platform,White,L6,34,1990-10-17,USA,Male,He/Him,"fitness, coffee, football",,1.0,Platform Director,Any,2015-08-17,Unknown,,,0.0,Sick Leave,44.0,100.0,10.0,10.0,10.0,50.0,100.0,10.0,10.0,100.0,100.0,10.0,100.0,100.0,6.0,1.0,6.0,59000,708000,HSBC,monthly,EMP6295,59000.0,70800.0,28320.0,42480.0,1200.0,600.0,2000.0,0.0,0.0,Connor Hawke
1.0,Full-Time,40.666543131630206,3327095866291913728,Haryana,Gurgaon,2019-02-02,6,True,10,Active,True,Ammy Brown,Ammy Brown,Marketing,White,L6,31,1993-02-18,Canada,Male,He/Him,"coffee, fitness, cooking",,0.0,Senior Marketing Manager,Vegetarian,2019-08-03,Unknown,,,0.0,Paid Leave,36.0,50.0,10.0,10.0,10.0,10.0,50.0,10.0,10.0,50.0,100.0,50.0,50.0,50.0,6.0,6.0,1.0,49000,588000,HSBC,monthly,EMP4996,49000.0,58800.0,23520.0,35280.0,1200.0,600.0,0.0,1000.0,0.0,Pamela Isley
1.0,Full-Time,47.389478363389685,3327095999612060672,West Bengal,Kolkata,2019-02-02,6,False,12,Active,True,Joy may Marie,Joy8 Marie8,Customer Service,White,L3,35,1989-07-03,UK,Female,She/Her,"coffee, fitness, cooking","pilates,yoga,craft beer",1.0,Technical Consultant,Any,2019-08-03,Unknown,,,0.0,Paid Leave,31.0,50.0,50.0,10.0,10.0,50.0,50.0,10.0,50.0,50.0,100.0,10.0,10.0,10.0,6.0,6.0,1.0,45500,546000,HSBC,monthly,EMP5152,45500.0,54600.0,0.0,0.0,1200.0,0.0,2000.0,1000.0,0.0,Zatanna Zatara
1.0,Full-Time,38.677606613297954,3327751678353998336,Haryana,Gurgaon,2019-02-02,6,False,11,Active,True,Ammy Brown,Ammy Brown,Platform,White,L1,33,1991-08-29,Canada,Female,She/Her,"theatres and movies, travelling",,0.0,Junior Backend Developer,Any,2019-08-03,Unknown,,,0.0,Paid Leave,35.0,100.0,100.0,10.0,10.0,10.0,50.0,10.0,50.0,100.0,100.0,10.0,100.0,100.0,5.0,2.0,6.0,38500,462000,HSBC,monthly,EMP8731,38500.0,46200.0,0.0,0.0,1200.0,0.0,0.0,1000.0,3000.0,Duke Thomas
1.0,Full-Time,39.30481952946817,3327751828895957504,Karnataka,Bengaluru,2019-02-02,6,True,9,Active,True,Joy may Marie,Joy8 Marie8,Machine Learning,White,L5,30,1994-02-12,UK,Female,She/Her,"sports entertainment, football","pilates,yoga,craft beer",0.0,Senior Data Scientist,Any,2019-08-03,Unknown,,,0.0,Paid Leave,33.0,50.0,10.0,10.0,10.0,10.0,50.0,10.0,10.0,50.0,100.0,50.0,10.0,10.0,8.0,4.0,1.0,44500,534000,HSBC,monthly,EMP4248,44500.0,53400.0,21360.0,32040.0,1200.0,0.0,0.0,0.0,3000.0,Cassandra Cain
1.0,Full-Time,37.30387792203413,3327764027341275648,Karnataka,Bengaluru,2019-02-02,6,False,7,Active,True,Ammy Brown,Ammy Brown,Marketing,White,L1,30,1994-06-20,USA,Male,He/Him,"coffee, fitness, cooking",,0.0,Social Media Coordinator,Any,2019-08-03,Unknown,,,3.0,Sick Leave,43.0,50.0,50.0,100.0,100.0,10.0,100.0,10.0,50.0,50.0,100.0,50.0,50.0,50.0,2.0,7.0,4.0,30500,366000,HSBC,monthly,EMP3993,30500.0,29280.0,7320.0,0.0,1200.0,0.0,0.0,0.0,0.0,Pamela Isley
1.0,Full-Time,46.79508741229063,3327764097746862592,Karnataka,Bengaluru,2019-02-02,6,False,11,Active,True,Joy may Marie,Joy8 Marie8,Marketing,White,L1,35,1989-09-08,UK,Female,She/Her,"coffee, fitness, cooking","pilates,yoga,craft beer",1.0,Social Media Coordinator,Vegetarian,2019-08-03,Unknown,,,0.0,Sick Leave,47.0,50.0,50.0,10.0,10.0,50.0,100.0,10.0,50.0,50.0,100.0,10.0,50.0,50.0,4.0,7.0,2.0,38500,462000,HSBC,monthly,EMP6742,38500.0,36960.0,9240.0,0.0,1200.0,0.0,2000.0,0.0,0.0,Harvey Dent
1.0,Full-Time,36.511394687837495,3327932931854304256,Haryana,Gurgaon,2014-02-02,11,True,14,Active,True,ila Julie Jackson,Ammy Star Brown,Customer Service,White,L3,37,1987-12-23,Canada,Male,He/Him,"theatres and movies, travelling","dancing,reading,horseback riding",0.0,Technical Consultant,Any,2014-08-03,Unknown,,,0.0,Sick Leave,43.0,50.0,50.0,10.0,10.0,10.0,100.0,10.0,10.0,50.0,100.0,10.0,10.0,10.0,8.0,3.0,2.0,57000,684000,HSBC,monthly,EMP7649,57000.0,68400.0,0.0,0.0,1200.0,0.0,0.0,2000.0,3000.0,Zatanna Zatara
1.0,Full-Time,30.793934071469543,3331339736521376768,Karnataka,Bengaluru,2024-01-01,1,False,6,Active,True,Nirmala N,Nirmala N,Platform,White,L1,28,1996-08-31,Canada,Female,She/Her,"sports entertainment, football",,1.0,Junior Backend Developer,Any,2024-07-01,Unknown,,,1.0,Paid Leave,36.0,100.0,100.0,50.0,50.0,50.0,50.0,100.0,50.0,100.0,100.0,100.0,100.0,100.0,0.0,5.0,8.0,21000,252000,Standard Chartered,monthly,EMP8321,21000.0,25200.0,0.0,0.0,1200.0,600.0,2000.0,0.0,0.0,Damian Wayne
1.0,Full-Time,41.66675269878827,3332163453182804480,Karnataka,Bengaluru,2016-01-01,9,True,13,Active,True,Nirmala Singh,Nirmala Singh,Sales,White,L5,35,1989-01-21,Canada,Female,She/Her,"coffee, fitness, cooking",,1.0,Regional Sales Manager,Any,2016-07-01,Unknown,,,2.0,Paid Leave,32.0,50.0,10.0,100.0,100.0,50.0,50.0,10.0,10.0,50.0,100.0,10.0,10.0,10.0,6.0,4.0,3.0,57000,684000,HSBC,monthly,EMP9349,57000.0,68400.0,27360.0,41040.0,1200.0,0.0,2000.0,1000.0,0.0,Harvey Bullock
1.0,Full-Time,40.471047798685746,3332774295645454848,Karnataka,Bengaluru,2019-02-02,6,False,15,Active,True,Ammy Brown,Ammy Brown,Machine Learning,African American,L3,39,1985-05-16,USA,Male,He/Him,"football, blogging",,1.0,Data Analyst,Vegetarian,2019-08-03,Unknown,,,0.0,Paid Leave,36.0,50.0,50.0,10.0,10.0,50.0,50.0,10.0,50.0,50.0,100.0,10.0,10.0,10.0,6.0,6.0,1.0,51500,618000,HSBC,monthly,EMP906,51500.0,61800.0,0.0,0.0,1200.0,0.0,2000.0,1000.0,0.0,Stephanie Brown
1.0,Full-Time,41.05306546762298,3332774420753154560,Karnataka,Bengaluru,2019-02-02,6,False,13,Active,True,Joy may Marie,Joy8 Marie8,IT,White,L1,34,1990-05-06,Canada,Male,He/Him,"coffee, fitness, cooking","pilates,yoga,craft beer",0.0,IT Support,Any,2019-08-03,Unknown,,,1.0,Paid Leave,33.0,50.0,100.0,50.0,50.0,10.0,50.0,10.0,50.0,50.0,100.0,10.0,50.0,50.0,3.0,8.0,2.0,42500,510000,HSBC,monthly,EMP8952,42500.0,51000.0,0.0,0.0,1200.0,0.0,0.0,1000.0,0.0,Jon Stewart
1.0,Full-Time,44.41487620693974,3332826239474860544,Karnataka,Bengaluru,2019-02-02,6,False,14,Active,True,Ammy Brown,Ammy Brown,Machine Learning,White,L1,35,1989-01-16,USA,Female,She/Her,"football, blogging",,0.0,ML Intern,Vegan,2019-08-03,Unknown,,,3.0,Paid Leave,29.0,50.0,50.0,100.0,100.0,10.0,10.0,10.0,50.0,50.0,100.0,10.0,10.0,10.0,6.0,4.0,3.0,44500,534000,HSBC,monthly,EMP4005,44500.0,53400.0,0.0,0.0,1200.0,600.0,0.0,1000.0,0.0,Stephanie Brown
1.0,Full-Time,38.31394705886029,3332826370630746624,Karnataka,Bengaluru,2019-02-02,6,False,9,Active,True,Joy may Marie,Joy8 Marie8,Platform,White,L3,32,1992-07-08,Canada,Female,She/Her,"sports entertainment, football","pilates,yoga,craft beer",0.0,Backend Developer,Any,2019-08-03,Unknown,,,0.0,Paid Leave,34.0,100.0,50.0,10.0,10.0,10.0,50.0,10.0,50.0,100.0,100.0,50.0,100.0,100.0,4.0,4.0,5.0,39500,474000,HSBC,monthly,EMP9532,39500.0,47400.0,0.0,0.0,1200.0,600.0,0.0,0.0,0.0,Roy Harper
1.0,Full-Time,37.74196056009582,3332849178106659328,West Bengal,Kolkata,2019-02-02,6,False,12,Active,True,Ammy Brown,Ammy Brown,Platform,White,L1,35,1989-11-19,USA,Male,He/Him,"sports entertainment, cooking, blogging",,2.0,Junior Backend Developer,Any,2019-08-03,Unknown,,,3.0,Paid Leave,35.0,100.0,100.0,100.0,100.0,100.0,50.0,10.0,50.0,100.0,100.0,10.0,100.0,100.0,2.0,2.0,9.0,40500,486000,HSBC,monthly,EMP285,40500.0,48600.0,0.0,0.0,1200.0,0.0,4000.0,1000.0,0.0,Connor Hawke
1.0,Full-Time,43.45112549701457,3332849327021228544,Karnataka,Bengaluru,2019-02-02,6,True,10,Active,True,Joy may Marie,Joy8 Marie8,Sales,White,L5,33,1991-09-22,Canada,Female,She/Her,"theatres and movies, travelling","pilates,yoga,craft beer",0.0,Regional Sales Manager,Any,2019-08-03,Unknown,,,1.0,Sick Leave,45.0,50.0,10.0,50.0,50.0,10.0,100.0,10.0,10.0,50.0,100.0,10.0,10.0,10.0,7.0,4.0,2.0,46500,558000,HSBC,monthly,EMP4327,46500.0,55800.0,22320.0,33480.0,1200.0,0.0,0.0,0.0,3000.0,Jim Gordon
1.0,Full-Time,39.094899511837596,3332853635167027712,Haryana,Gurgaon,2015-02-20,10,True,10,Active,True,Pamala Tullin,Pamala Tullin,Human Resources,White,L5,31,1993-03-26,USA,Female,She/Her,"coffee, fitness, cooking",,1.0,HR Manager,Any,2015-08-21,Unknown,,,1.0,Sick Leave,50.0,10.0,10.0,50.0,50.0,50.0,100.0,10.0,10.0,10.0,100.0,50.0,10.0,10.0,7.0,4.0,2.0,52500,630000,HSBC,monthly,EMP6135,52500.0,63000.0,25200.0,37800.0,1200.0,600.0,2000.0,0.0,0.0,Joe Karr
1.0,Full-Time,41.68778579069865,3332903465788638208,Karnataka,Bengaluru,2019-02-02,6,False,12,Active,True,Ammy Brown,Ammy Brown,Platform,White,L1,35,1989-05-13,UK,Female,She/Her,"craft beer, chess",,0.0,Junior Backend Developer,Any,2019-08-03,Unknown,,,0.0,Paid Leave,30.0,100.0,100.0,10.0,10.0,10.0,10.0,10.0,50.0,100.0,100.0,10.0,100.0,100.0,6.0,1.0,6.0,40500,486000,HSBC,monthly,EMP9431,40500.0,48600.0,0.0,0.0,1200.0,0.0,0.0,1000.0,3000.0,Connor Hawke
1.0,Full-Time,42.82620021859983,3332903596701254656,West Bengal,Kolkata,2019-02-02,6,False,9,Active,True,Joy may Marie,Joy8 Marie8,Platform,White,L2,30,1994-07-21,Canada,Female,She/Her,"theatres and movies, travelling","pilates,yoga,craft beer",0.0,Platform Engineer,Vegetarian,2019-08-03,Unknown,,,0.0,Paid Leave,28.0,100.0,50.0,10.0,10.0,10.0,10.0,10.0,50.0,100.0,100.0,50.0,100.0,100.0,5.0,3.0,5.0,37000,444000,HSBC,monthly,EMP6625,37000.0,44400.0,0.0,0.0,1200.0,0.0,0.0,1000.0,3000.0,Roy Harper
1.0,Full-Time,41.62524027549758,3332934634869620736,Karnataka,Bengaluru,2019-02-02,6,False,11,Active,True,Ammy Brown,Ammy Brown,Management,White,L1,32,1992-03-03,UK,Female,She/Her,"coffee, fitness, cooking",,0.0,Management Trainee,Vegan,2019-08-03,Unknown,,,0.0,Paid Leave,35.0,10.0,10.0,10.0,10.0,10.0,50.0,10.0,50.0,10.0,100.0,50.0,10.0,10.0,9.0,3.0,1.0,38500,462000,HSBC,monthly,EMP5057,38500.0,36960.0,9240.0,0.0,1200.0,600.0,0.0,2000.0,0.0,Bruce Wayne
1.0,Full-Time,47.818223416440766,3332934774321840128,Karnataka,Bengaluru,2019-02-02,6,False,6,Active,True,Joy may Marie,Joy8 Marie8,Platform,African American,L2,29,1995-10-01,USA,Male,He/Him,"travelling, chess, sports entertainment","pilates,yoga,craft beer",2.0,Platform Engineer,Any,2019-08-03,Unknown,,,0.0,Paid Leave,32.0,100.0,50.0,10.0,10.0,100.0,50.0,10.0,50.0,100.0,100.0,100.0,100.0,100.0,3.0,3.0,7.0,31000,372000,HSBC,monthly,EMP5095,31000.0,37200.0,0.0,0.0,1200.0,0.0,4000.0,0.0,3000.0,Connor Hawke
1.0,Full-Time,33.01583283099456,3333522038269674496,Haryana,Gurgaon,2024-04-24,0,False,7,Active,True,nocav NO Av,nocav NO Av,Customer Service,Hispanic,L2,30,1994-04-12,USA,Female,She/Her,"sports entertainment, football",,0.0,Support Specialist,Any,2024-10-23,Unknown,,,0.0,Paid Leave,33.0,50.0,10.0,10.0,10.0,10.0,50.0,100.0,50.0,50.0,100.0,50.0,10.0,10.0,6.0,5.0,2.0,24000,288000,Standard Chartered,monthly,EMP7106,24000.0,28800.0,0.0,0.0,1200.0,600.0,0.0,0.0,0.0,Jason Blood
1.0,Full-Time,35.88893537420059,3336664804545789952,Karnataka,Bengaluru,2024-04-01,1,False,7,Active,True,Gunter G. Grayson,Gunter G. Grayson,Platform,White,L1,28,1996-08-06,Canada,Female,She/Her,"coffee, fitness, cooking",,2.0,Junior Backend Developer,Any,2024-09-30,Unknown,,,1.0,Sick Leave,51.0,100.0,100.0,50.0,50.0,100.0,100.0,100.0,50.0,100.0,100.0,100.0,100.0,100.0,0.0,3.0,10.0,23000,276000,Standard Chartered,monthly,EMP760,23000.0,27600.0,0.0,0.0,1200.0,600.0,4000.0,0.0,0.0,Damian Wayne
1.0,Full-Time,37.893636015360684,3337350560197115904,Haryana,Gurgaon,2019-02-02,6,False,9,Active,True,Ammy Brown,Ammy Brown,Human Resources,White,L2,33,1991-02-21,USA,Female,She/Her,"coffee, fitness, cooking",,0.0,Recruiter,Any,2019-08-03,Unknown,,,0.0,Sick Leave,46.0,10.0,10.0,10.0,10.0,10.0,100.0,10.0,50.0,10.0,100.0,10.0,10.0,10.0,10.0,1.0,2.0,37000,444000,HSBC,monthly,EMP2288,37000.0,44400.0,0.0,0.0,1200.0,0.0,0.0,0.0,0.0,Joe Karr
1.0,Full-Time,46.19783077474002,3337350648965365760,Karnataka,Bengaluru,2019-02-02,6,False,6,Active,True,Joy may Marie,Joy8 Marie8,Marketing,White,L3,29,1995-03-22,UK,Male,He/Him,"sports entertainment, football","pilates,yoga,craft beer",1.0,Marketing Analyst,Any,2019-08-03,Unknown,,,3.0,Sick Leave,42.0,50.0,50.0,100.0,100.0,50.0,50.0,10.0,50.0,50.0,100.0,100.0,50.0,50.0,1.0,8.0,4.0,33500,402000,HSBC,monthly,EMP3146,33500.0,32160.0,8040.0,0.0,1200.0,600.0,2000.0,0.0,0.0,Harvey Dent
1.0,Full-Time,32.18453135018143,3337355369461579776,West Bengal,Kolkata,2023-08-17,1,False,3,Active,True,Aquera Test Manager,Aquera Test Manager,Platform,White,L1,27,1997-10-27,UK,Male,He/Him,"travelling, chess, sports entertainment",,1.0,Junior Backend Developer,Any,2024-02-15,Unknown,,,1.0,Paid Leave,36.0,100.0,100.0,50.0,50.0,50.0,50.0,100.0,50.0,100.0,100.0,100.0,100.0,100.0,0.0,5.0,8.0,15000,180000,Standard Chartered,monthly,EMP2491,15000.0,18000.0,0.0,0.0,1200.0,600.0,2000.0,0.0,0.0,Roy Harper
1.0,Full-Time,45.10919109866501,3337394647273047040,Haryana,Gurgaon,2019-02-02,6,False,12,Active,True,Ammy Brown,Ammy Brown,Marketing,White,L1,34,1990-07-19,USA,Male,He/Him,"coffee, fitness, cooking",,1.0,Social Media Coordinator,Any,2019-08-03,Unknown,,,3.0,Paid Leave,32.0,50.0,50.0,100.0,100.0,50.0,50.0,10.0,50.0,50.0,100.0,10.0,50.0,50.0,2.0,8.0,3.0,40500,486000,HSBC,monthly,EMP6399,40500.0,38880.0,9720.0,0.0,1200.0,0.0,2000.0,1000.0,0.0,Pamela Isley
1.0,Full-Time,40.60764042964132,3337394760452146176,Karnataka,Bengaluru,2019-02-02,6,False,10,Active,True,Joy may Marie,Joy8 Marie8,Platform,White,L1,34,1990-03-01,Canada,Non-Binary,They/Them,"coffee, fitness, cooking","pilates,yoga,craft beer",0.0,Junior Backend Developer,Vegetarian,2019-08-03,Unknown,,,1.0,Sick Leave,49.0,100.0,100.0,50.0,50.0,10.0,100.0,10.0,50.0,100.0,100.0,10.0,100.0,100.0,3.0,3.0,7.0,36500,438000,HSBC,monthly,EMP5360,36500.0,43800.0,0.0,0.0,1200.0,0.0,0.0,1000.0,3000.0,Roy Harper
1.0,Full-Time,35.203561860713926,3337400866863842304,Karnataka,Bengaluru,2023-08-17,1,False,2,Active,True,Aquera Test Manager,Aquera Test Manager,IT,White,L3,23,2001-05-21,USA,Male,He/Him,"coffee, fitness, cooking",,2.0,Network Engineer,Vegetarian,2024-02-15,Unknown,,,1.0,Paid Leave,33.0,50.0,50.0,50.0,50.0,100.0,50.0,100.0,50.0,50.0,100.0,100.0,50.0,50.0,0.0,9.0,4.0,18000,216000,Standard Chartered,monthly,EMP901,18000.0,21600.0,0.0,0.0,1200.0,0.0,4000.0,1000.0,0.0,Guy Gardner
1.0,Full-Time,42.249543025704455,3344407896501781504,Karnataka,Bengaluru,2019-02-02,6,False,10,Active,True,Ammy Brown,Ammy Brown,UI/UX,White,L1,32,1992-12-15,Canada,Male,He/Him,"fitness, coffee, football",,1.0,Junior UX Designer,Any,2019-08-03,Unknown,,,2.0,Paid Leave,31.0,100.0,100.0,100.0,100.0,50.0,50.0,10.0,50.0,100.0,100.0,50.0,100.0,100.0,1.0,4.0,8.0,36500,438000,HSBC,monthly,EMP9994,36500.0,43800.0,0.0,0.0,1200.0,600.0,2000.0,0.0,0.0,Barabara Gordon
1.0,Full-Time,38.65880671308513,3344408036071441408,Karnataka,Bengaluru,2019-02-02,6,False,14,Active,True,Joy may Marie,Joy8 Marie8,UI/UX,White,L1,37,1987-03-15,Canada,Male,He/Him,"fitness, coffee, football","pilates,yoga,craft beer",0.0,Junior UX Designer,Any,2019-08-03,Unknown,,,3.0,Sick Leave,46.0,100.0,100.0,100.0,100.0,10.0,100.0,10.0,50.0,100.0,100.0,10.0,100.0,100.0,3.0,1.0,9.0,44500,534000,HSBC,monthly,EMP8212,44500.0,53400.0,0.0,0.0,1200.0,600.0,0.0,0.0,0.0,Jason Todd
0.5,Part-Time,20.0,3344408880175121408,Karnataka,Bengaluru,2023-08-17,1,False,10,Active,True,Aquera Test Manager,Aquera Test Manager,Platform,Asian,L2,34,1990-04-24,India,Male,He/Him,"fitness, coffee, football",,0.0,Platform Engineer,Vegan,2024-02-15,Unknown,,,1.0,Paid Leave,32.0,100.0,50.0,50.0,50.0,10.0,50.0,100.0,50.0,100.0,100.0,10.0,100.0,100.0,2.0,5.0,6.0,31500,378000,Standard Chartered,bi-weekly,EMP5683,31500.0,0.0,0.0,0.0,1200.0,0.0,0.0,0.0,0.0,Connor Hawke
1.0,Full-Time,30.849778379985402,3344408938568221696,Karnataka,Bengaluru,2023-11-17,1,False,1,Active,True,AqueraTest Manager User,AqueraTest Manager User,Platform,White,L1,22,2002-03-19,Canada,Male,He/Him,"coffee, fitness, cooking",,0.0,Junior Backend Developer,Any,2024-05-17,Unknown,,,1.0,Sick Leave,43.0,100.0,100.0,50.0,50.0,10.0,100.0,100.0,50.0,100.0,100.0,100.0,100.0,100.0,1.0,3.0,9.0,11000,132000,Standard Chartered,monthly,EMP7288,11000.0,13200.0,0.0,0.0,1200.0,0.0,0.0,1000.0,3000.0,Connor Hawke
1.0,Full-Time,47.59463781726659,3344409034550674432,Karnataka,Bengaluru,2023-01-01,2,False,4,Active,True,sri ram,sri ram,Platform,African American,L2,26,1998-09-10,USA,Male,He/Him,"football, blogging",,1.0,Platform Engineer,Any,2023-07-02,Unknown,,,0.0,Sick Leave,44.0,100.0,50.0,10.0,10.0,50.0,100.0,50.0,50.0,100.0,100.0,100.0,100.0,100.0,2.0,4.0,7.0,21000,252000,ICICI,monthly,EMP4918,21000.0,25200.0,0.0,0.0,1200.0,600.0,2000.0,0.0,0.0,Duke Thomas
1.0,Full-Time,32.06593328760194,3344410977218069504,Karnataka,Bengaluru,2023-08-17,1,False,3,Active,True,Aquera Test Manager,Aquera Test Manager,Sales,African American,L3,24,2000-02-23,USA,Male,He/Him,"theatres and movies, travelling",,2.0,Sales Executive,Any,2024-02-15,Unknown,,,1.0,Paid Leave,27.0,50.0,50.0,50.0,50.0,100.0,10.0,100.0,50.0,50.0,100.0,100.0,10.0,10.0,3.0,6.0,4.0,20000,240000,Standard Chartered,monthly,EMP4946,20000.0,19200.0,4800.0,0.0,1200.0,600.0,4000.0,0.0,0.0,Arnold Flass
1.0,Full-Time,35.011990324406405,3344412657816962048,Karnataka,Bengaluru,2023-08-17,1,False,5,Active,True,Aquera Test Manager,Aquera Test Manager,IT,White,L2,27,1997-12-22,Canada,Female,She/Her,"coffee, fitness, cooking",,1.0,System Administrator,Vegetarian,2024-02-15,Unknown,,,1.0,Maternity Leave,189.0,50.0,50.0,50.0,50.0,50.0,50.0,100.0,50.0,50.0,100.0,100.0,50.0,50.0,0.0,10.0,3.0,21500,258000,Standard Chartered,monthly,EMP8639,21500.0,25800.0,0.0,0.0,1200.0,0.0,2000.0,0.0,3000.0,Jon Stewart
1.0,Full-Time,32.93911415071243,3344416105971057664,Haryana,Gurgaon,2023-08-17,1,False,9,Active,True,Aquera Test Manager,Aquera Test Manager,UI/UX,African American,L1,33,1991-02-11,USA,Female,She/Her,"craft beer, chess",,0.0,Junior UX Designer,Any,2024-02-15,Unknown,,,1.0,Unpaid Leave,36.0,100.0,100.0,50.0,50.0,10.0,50.0,100.0,50.0,100.0,100.0,10.0,100.0,100.0,2.0,4.0,7.0,27000,324000,Standard Chartered,monthly,EMP5829,27000.0,32400.0,0.0,0.0,1200.0,0.0,0.0,0.0,0.0,Richard Grayson
1.0,Full-Time,33.59664973486403,3344416262393431040,Karnataka,Bengaluru,2023-11-17,1,False,4,Active,True,AqueraTest Manager User,AqueraTest Manager User,Machine Learning,White,L3,28,1996-09-11,USA,Female,She/Her,"theatres and movies, travelling",,1.0,Data Analyst,Vegetarian,2024-05-17,Unknown,,,1.0,Sick Leave,51.0,50.0,50.0,50.0,50.0,50.0,100.0,100.0,50.0,50.0,100.0,100.0,10.0,10.0,2.0,7.0,4.0,22000,264000,Standard Chartered,monthly,EMP4553,22000.0,26400.0,0.0,0.0,1200.0,600.0,2000.0,1000.0,0.0,Stephanie Brown
1.0,Full-Time,40.31983398060851,3344420900521903104,Karnataka,Bengaluru,2023-01-01,2,False,4,Active,True,sri ram,sri ram,Customer Service,White,L1,26,1998-12-19,Canada,Female,She/Her,"theatres and movies, travelling",,0.0,Customer Service Associate,Any,2023-07-02,Unknown,,,1.0,Paid Leave,35.0,50.0,50.0,50.0,50.0,10.0,50.0,50.0,50.0,50.0,100.0,100.0,10.0,10.0,3.0,8.0,2.0,18500,222000,ICICI,monthly,EMP4665,18500.0,22200.0,0.0,0.0,1200.0,0.0,0.0,1000.0,3000.0,Jason Blood
1.0,Full-Time,32.24938867813975,3344426328756585472,West Bengal,Kolkata,2023-11-17,1,False,9,Active,True,AqueraTest Manager User,AqueraTest Manager User,Machine Learning,White,L1,30,1995-01-03,Canada,Male,He/Him,"football, blogging",,0.0,ML Intern,Any,2024-05-17,Unknown,,,1.0,Unpaid Leave,36.0,50.0,50.0,50.0,50.0,10.0,50.0,100.0,50.0,50.0,100.0,50.0,10.0,10.0,3.0,8.0,2.0,27000,324000,Standard Chartered,monthly,EMP3530,27000.0,32400.0,0.0,0.0,1200.0,0.0,0.0,0.0,3000.0,Stephanie Brown
1.0,Full-Time,30.838558852031213,3344431513486754816,Haryana,Gurgaon,2024-01-19,1,False,5,Active,True,Hanu Dale,Hanu Dale,Customer Service,White,L2,28,1996-07-05,USA,Female,She/Her,"theatres and movies, travelling",,1.0,Support Specialist,Any,2024-07-19,Unknown,,,1.0,Sick Leave,46.0,50.0,10.0,50.0,50.0,50.0,100.0,100.0,50.0,50.0,100.0,100.0,10.0,10.0,3.0,6.0,4.0,21500,258000,Standard Chartered,monthly,EMP2186,21500.0,25800.0,0.0,0.0,1200.0,600.0,2000.0,1000.0,0.0,Selina Kyle
1.0,Full-Time,46.241790322495866,3353298577244816384,Haryana,Gurgaon,2015-02-10,10,True,15,Active,True,Alan Hall,Alan Hall,Human Resources,White,L6,37,1987-01-26,UK,Male,He/Him,"craft beer, blogging",,0.0,HR Director,Any,2015-08-11,Unknown,,,0.0,Sick Leave,45.0,10.0,10.0,10.0,10.0,10.0,100.0,10.0,10.0,10.0,100.0,10.0,10.0,10.0,11.0,0.0,2.0,65000,780000,HSBC,monthly,EMP9572,65000.0,78000.0,31200.0,46800.0,1200.0,0.0,0.0,0.0,0.0,Joe Karr
1.0,Full-Time,46.18861730931596,3359703478782919680,West Bengal,Kolkata,2015-05-01,9,True,12,Active,True,Lara Kirby,Lara Kirby,Sales,White,L5,34,1990-09-28,UK,Female,She/Her,"craft beer, blogging",,0.0,Regional Sales Manager,Any,2015-10-30,Unknown,,,0.0,Sick Leave,45.0,50.0,10.0,10.0,10.0,10.0,100.0,10.0,10.0,50.0,100.0,10.0,10.0,10.0,9.0,2.0,2.0,55000,660000,HSBC,monthly,EMP8094,55000.0,66000.0,26400.0,39600.0,1200.0,600.0,0.0,0.0,0.0,Harvey Bullock
1.0,Full-Time,42.45823577467243,3359712232547025408,Karnataka,Bengaluru,2015-03-10,10,True,15,Active,True,Jane Hunter,Jane Hunter,Management,White,L6,37,1987-02-06,Canada,Female,She/Her,"fitness, coffee, football",,0.0,Project Manager,Any,2015-09-08,Unknown,,,1.0,Paid Leave,34.0,10.0,10.0,50.0,50.0,10.0,50.0,10.0,10.0,10.0,100.0,10.0,10.0,10.0,9.0,3.0,1.0,65000,780000,HSBC,monthly,EMP7043,65000.0,78000.0,31200.0,46800.0,1200.0,0.0,0.0,0.0,3000.0,Bruce Wayne
1.0,Full-Time,43.67736722090311,3359715838188847616,Karnataka,Bengaluru,2015-03-02,10,True,10,Active,True,Laura Bateson,Laura Bateson,Marketing,African American,L5,31,1993-08-07,USA,Female,She/Her,"theatres and movies, travelling",,2.0,Marketing Manager,Any,2015-08-31,Unknown,,,0.0,Sick Leave,48.0,50.0,10.0,10.0,10.0,100.0,100.0,10.0,10.0,50.0,100.0,50.0,50.0,50.0,5.0,5.0,3.0,52500,630000,HSBC,monthly,EMP3757,52500.0,63000.0,25200.0,37800.0,1200.0,0.0,4000.0,0.0,0.0,Harvey Dent
1.0,Full-Time,38.34132207866793,3361778161502126592,Karnataka,Bengaluru,2019-02-02,6,True,13,Active,True,Ammy Brown,Ammy Brown,Management,African American,L6,36,1988-07-26,USA,Male,He/Him,"travelling, chess, sports entertainment",,1.0,Project Manager,Any,2019-08-03,Unknown,,,3.0,Paid Leave,27.0,10.0,10.0,100.0,100.0,50.0,10.0,10.0,10.0,10.0,100.0,10.0,10.0,10.0,9.0,1.0,3.0,55000,660000,HSBC,monthly,EMP5750,55000.0,66000.0,26400.0,39600.0,1200.0,600.0,2000.0,1000.0,0.0,Bruce Wayne
1.0,Full-Time,40.54333902771947,3361778265395036672,Karnataka,Bengaluru,2019-02-02,6,False,11,Active,True,Joy may Marie,Joy8 Marie8,IT,White,L3,35,1989-02-07,UK,Female,She/Her,"travelling, chess, sports entertainment","pilates,yoga,craft beer",2.0,Network Engineer,Any,2019-08-03,Unknown,,,3.0,Paid Leave,35.0,50.0,50.0,100.0,100.0,100.0,50.0,10.0,50.0,50.0,100.0,10.0,50.0,50.0,2.0,7.0,4.0,43500,522000,HSBC,monthly,EMP343,43500.0,52200.0,0.0,0.0,1200.0,0.0,4000.0,0.0,0.0,Hal Jordan
1.0,Full-Time,31.934151526672483,3361780509112795648,Haryana,Gurgaon,2024-05-06,0,False,7,Active,True,Aqueratest user11 test,Aqueratest user11 test,Machine Learning,African American,L3,30,1994-04-29,USA,Male,He/Him,"coffee, fitness, cooking",,0.0,Data Analyst,Vegetarian,2024-11-04,Unknown,,,0.0,Sick Leave,48.0,50.0,50.0,10.0,10.0,10.0,100.0,100.0,50.0,50.0,100.0,50.0,10.0,10.0,5.0,5.0,3.0,26500,318000,Standard Chartered,monthly,EMP4268,26500.0,31800.0,0.0,0.0,1200.0,0.0,0.0,0.0,0.0,Stephanie Brown
1.0,Full-Time,44.2008486222067,3361799655347192320,West Bengal,Kolkata,2019-02-02,6,False,9,Active,True,Ammy Brown,Ammy Brown,UI/UX,Hispanic,L1,31,1993-10-12,USA,Male,He/Him,"craft beer, chess",,0.0,Junior UX Designer,Vegan,2019-08-03,Unknown,,,0.0,Paid Leave,27.0,100.0,100.0,10.0,10.0,10.0,10.0,10.0,50.0,100.0,100.0,50.0,100.0,100.0,5.0,2.0,6.0,34500,414000,HSBC,monthly,EMP8965,34500.0,41400.0,0.0,0.0,1200.0,600.0,0.0,0.0,0.0,Jason Todd
1.0,Full-Time,47.04152778012484,3361799997610787328,Haryana,Gurgaon,2019-02-02,6,False,6,Active,True,Joy may Marie,Joy8 Marie8,IT,African American,L3,27,1997-07-08,USA,Female,She/Her,"sports entertainment, cooking, blogging","pilates,yoga,craft beer",1.0,Network Engineer,Any,2019-08-03,Unknown,,,0.0,Paid Leave,31.0,50.0,50.0,10.0,10.0,50.0,50.0,10.0,50.0,50.0,100.0,100.0,50.0,50.0,3.0,8.0,2.0,33500,402000,HSBC,monthly,EMP1941,33500.0,40200.0,0.0,0.0,1200.0,0.0,2000.0,0.0,3000.0,Guy Gardner
1.0,Full-Time,39.304233408854955,3361807359662883328,Haryana,Gurgaon,2019-02-02,6,False,7,Active,True,Ammy Brown,Ammy Brown,IT,White,L2,30,1994-03-15,UK,Male,He/Him,"theatres and movies, travelling",,0.0,System Administrator,Any,2019-08-03,Unknown,,,0.0,Paid Leave,35.0,50.0,50.0,10.0,10.0,10.0,50.0,10.0,50.0,50.0,100.0,50.0,50.0,50.0,4.0,8.0,1.0,33000,396000,HSBC,monthly,EMP9346,33000.0,39600.0,0.0,0.0,1200.0,0.0,0.0,0.0,0.0,Hal Jordan
1.0,Full-Time,40.56321949536412,3361807513241518592,Karnataka,Bengaluru,2019-02-02,6,False,10,Active,True,Joy may Marie,Joy8 Marie8,Human Resources,Asian,L2,33,1991-12-18,USA,Male,He/Him,"travelling, chess, sports entertainment","pilates,yoga,craft beer",1.0,Recruiter,Any,2019-08-03,Unknown,,,0.0,Sick Leave,49.0,10.0,10.0,10.0,10.0,50.0,100.0,10.0,50.0,10.0,100.0,10.0,10.0,10.0,9.0,2.0,2.0,39000,468000,HSBC,monthly,EMP1918,39000.0,46800.0,0.0,0.0,1200.0,0.0,2000.0,1000.0,0.0,Joe Karr
1.0,Full-Time,41.92423770851412,3361826589238100992,Karnataka,Bengaluru,2019-02-02,6,False,8,Active,True,Ammy Brown,Ammy Brown,UI/UX,White,L1,30,1994-08-22,Canada,Female,She/Her,"craft beer, blogging",,0.0,Junior UX Designer,Any,2019-08-03,Unknown,,,1.0,Paid Leave,35.0,100.0,100.0,50.0,50.0,10.0,50.0,10.0,50.0,100.0,100.0,50.0,100.0,100.0,2.0,5.0,6.0,32500,390000,HSBC,monthly,EMP5599,32500.0,39000.0,0.0,0.0,1200.0,0.0,0.0,0.0,0.0,Richard Grayson
1.0,Full-Time,46.07045144916653,3361826682343261184,Karnataka,Bengaluru,2019-02-02,6,False,10,Active,True,Joy may Marie,Joy8 Marie8,Marketing,White,L3,34,1990-01-28,Canada,Male,He/Him,"chess, football","pilates,yoga,craft beer",2.0,Marketing Analyst,Any,2019-08-03,Unknown,,,3.0,Sick Leave,50.0,50.0,50.0,100.0,100.0,100.0,100.0,10.0,50.0,50.0,100.0,10.0,50.0,50.0,2.0,6.0,5.0,41500,498000,HSBC,monthly,EMP7577,41500.0,39840.0,9960.0,0.0,1200.0,600.0,4000.0,0.0,0.0,Harleen Quinnzel
0.5,Part-Time,20.0,3362663495148503040,Haryana,Gurgaon,2024-01-19,1,False,8,Active,True,Griffin Jones,Griffin Jones,IT,White,L1,31,1993-06-08,UK,Female,She/Her,"travelling, chess, sports entertainment",,0.0,IT Support,Any,2024-07-19,Unknown,,,1.0,Unpaid Leave,40.0,50.0,100.0,50.0,50.0,10.0,50.0,100.0,50.0,50.0,100.0,50.0,50.0,50.0,1.0,9.0,3.0,25000,300000,Standard Chartered,bi-weekly,EMP6490,25000.0,0.0,0.0,0.0,1200.0,0.0,0.0,0.0,0.0,Hal Jordan
1.0,Full-Time,31.06096679090954,3362694911374656000,Karnataka,Bengaluru,2024-01-19,1,False,8,Active,True,aquera sur name,aquera sur name,Platform,American Indian,L3,32,1992-02-03,USA,Male,He/Him,"coffee, fitness, cooking",,1.0,Backend Developer,Any,2024-07-19,Unknown,,,1.0,Paid Leave,28.0,100.0,50.0,50.0,50.0,50.0,10.0,100.0,50.0,100.0,100.0,50.0,100.0,100.0,1.0,6.0,6.0,30000,360000,Standard Chartered,monthly,EMP7343,30000.0,36000.0,0.0,0.0,1200.0,600.0,2000.0,0.0,0.0,Duke Thomas
1.0,Full-Time,34.035453580992005,3363238520293425664,Karnataka,Bengaluru,2023-08-17,1,False,2,Active,True,Aquera Test Manager,Aquera Test Manager,Finance & Admin,White,L1,24,2000-04-19,Canada,Male,He/Him,"craft beer, chess",,0.0,Accounts Associate,Any,2024-02-15,Unknown,,,1.0,Paid Leave,32.0,10.0,50.0,50.0,50.0,10.0,50.0,100.0,50.0,10.0,100.0,100.0,50.0,50.0,3.0,7.0,3.0,13000,156000,Standard Chartered,monthly,EMP7293,13000.0,15600.0,0.0,0.0,1200.0,0.0,0.0,2000.0,0.0,Oswald Cobblepot
1.0,Full-Time,33.52003116750445,3363253754349486592,Karnataka,Bengaluru,2023-08-17,1,False,4,Active,True,Aquera Test Manager,Aquera Test Manager,Marketing,White,L1,28,1996-06-08,Canada,Male,He/Him,"craft beer, blogging",,0.0,Social Media Coordinator,Any,2024-02-15,Unknown,,,1.0,Paid Leave,27.0,50.0,50.0,50.0,50.0,10.0,10.0,100.0,50.0,50.0,100.0,100.0,50.0,50.0,2.0,8.0,3.0,17000,204000,Standard Chartered,monthly,EMP6386,17000.0,16320.0,4080.0,0.0,1200.0,0.0,0.0,1000.0,0.0,Pamela Isley
1.0,Full-Time,38.535488075982116,3363467530885661184,Karnataka,Bengaluru,2019-02-02,6,False,11,Active,True,Ammy Brown,Ammy Brown,Machine Learning,White,L3,32,1992-06-17,USA,Female,She/Her,"football, blogging",,2.0,Data Analyst,Any,2019-08-03,Unknown,,,0.0,Paid Leave,30.0,50.0,50.0,10.0,10.0,100.0,10.0,10.0,50.0,50.0,100.0,50.0,10.0,10.0,6.0,5.0,2.0,43500,522000,HSBC,monthly,EMP3560,43500.0,52200.0,0.0,0.0,1200.0,600.0,4000.0,0.0,0.0,Stephanie Brown
1.0,Full-Time,38.6034048517915,3363467638964486656,West Bengal,Kolkata,2019-02-02,6,False,10,Active,True,Joy may Marie,Joy8 Marie8,UI/UX,White,L3,31,1993-10-31,Canada,Male,He/Him,"travelling, chess, sports entertainment","pilates,yoga,craft beer",0.0,UX Designer,Any,2019-08-03,Unknown,,,1.0,Sick Leave,47.0,100.0,100.0,50.0,50.0,10.0,100.0,10.0,50.0,100.0,100.0,50.0,100.0,100.0,2.0,4.0,7.0,41500,498000,HSBC,monthly,EMP5278,41500.0,49800.0,0.0,0.0,1200.0,0.0,0.0,2000.0,3000.0,Barabara Gordon
1.0,Full-Time,39.820226683054855,3363954014969397760,Karnataka,Bengaluru,2019-02-02,6,False,9,Active,True,Ammy Brown,Ammy Brown,UI/UX,White,L2,31,1993-07-01,UK,Female,She/Her,"coffee, fitness, cooking",,0.0,Frontend Developer,Any,2019-08-03,Unknown,,,0.0,Sick Leave,46.0,100.0,50.0,10.0,10.0,10.0,100.0,10.0,50.0,100.0,100.0,50.0,100.0,100.0,4.0,3.0,6.0,37000,444000,HSBC,monthly,EMP6736,37000.0,44400.0,0.0,0.0,1200.0,600.0,0.0,1000.0,0.0,Barabara Gordon
1.0,Full-Time,41.257037971207794,3363954136671322624,Haryana,Gurgaon,2019-02-02,6,False,11,Active,True,Joy may Marie,Joy8 Marie8,Finance & Admin,White,L2,35,1989-05-05,UK,Male,He/Him,"football, blogging","pilates,yoga,craft beer",1.0,Tax Consultant,Any,2019-08-03,Unknown,,,2.0,Paid Leave,36.0,10.0,10.0,100.0,100.0,50.0,50.0,10.0,50.0,10.0,100.0,10.0,50.0,50.0,5.0,5.0,3.0,41000,492000,HSBC,monthly,EMP204,41000.0,49200.0,0.0,0.0,1200.0,0.0,2000.0,1000.0,3000.0,Victor Fries
1.0,Full-Time,46.6167565539682,3363967124878918144,Haryana,Gurgaon,2019-02-02,6,True,15,Active,True,Ammy Brown,Ammy Brown,IT,African American,L4,37,1987-09-01,USA,Female,She/Her,"coffee, fitness, cooking",,2.0,Site Reliability Engineer,Vegetarian,2019-08-03,Unknown,,,1.0,Maternity Leave,180.0,50.0,10.0,50.0,50.0,100.0,50.0,10.0,10.0,50.0,100.0,10.0,50.0,50.0,4.0,7.0,2.0,54000,648000,HSBC,monthly,EMP799,54000.0,64800.0,0.0,0.0,1200.0,600.0,4000.0,1000.0,0.0,Guy Gardner
1.0,Full-Time,45.83066798898959,3363967211717788160,West Bengal,Kolkata,2019-02-02,6,False,10,Active,True,Joy may Marie,Joy8 Marie8,IT,White,L1,34,1990-02-26,UK,Female,She/Her,"theatres and movies, travelling","pilates,yoga,craft beer",0.0,IT Support,Any,2019-08-03,Unknown,,,1.0,Paid Leave,35.0,50.0,100.0,50.0,50.0,10.0,50.0,10.0,50.0,50.0,100.0,10.0,50.0,50.0,3.0,8.0,2.0,36500,438000,HSBC,monthly,EMP5889,36500.0,43800.0,0.0,0.0,1200.0,0.0,0.0,0.0,0.0,Jon Stewart
1.0,Full-Time,44.364667864841564,3363974286602666496,Karnataka,Bengaluru,2019-02-02,6,False,7,Active,True,Ammy Brown,Ammy Brown,IT,White,L3,29,1995-10-12,USA,Male,He/Him,"sports entertainment, football",,2.0,Network Engineer,Vegetarian,2019-08-03,Unknown,,,0.0,Sick Leave,44.0,50.0,50.0,10.0,10.0,100.0,100.0,10.0,50.0,50.0,100.0,100.0,50.0,50.0,3.0,6.0,4.0,35500,426000,HSBC,monthly,EMP6090,35500.0,42600.0,0.0,0.0,1200.0,0.0,4000.0,0.0,0.0,Jon Stewart
1.0,Full-Time,45.3697985323975,3363974377988162048,Karnataka,Bengaluru,2019-02-02,6,False,13,Active,True,Joy may Marie,Joy8 Marie8,UI/UX,White,L1,34,1990-06-26,USA,Non-Binary,They/Them,"travelling, chess, sports entertainment","pilates,yoga,craft beer",2.0,Junior UX Designer,Any,2019-08-03,Unknown,,,0.0,Sick Leave,45.0,100.0,100.0,10.0,10.0,100.0,100.0,10.0,50.0,100.0,100.0,10.0,100.0,100.0,4.0,1.0,8.0,42500,510000,HSBC,monthly,EMP6118,42500.0,51000.0,0.0,0.0,1200.0,0.0,4000.0,1000.0,0.0,Jason Todd
1.0,Full-Time,38.08719378051507,3363980876038799872,West Bengal,Kolkata,2019-02-02,6,False,15,Active,True,Ammy Brown,Ammy Brown,Sales,White,L1,38,1986-02-06,Canada,Non-Binary,They/Them,"coffee, fitness, cooking",,2.0,Sales Associate,Any,2019-08-03,Unknown,,,0.0,Paid Leave,28.0,50.0,50.0,10.0,10.0,100.0,10.0,10.0,50.0,50.0,100.0,10.0,10.0,10.0,7.0,4.0,2.0,46500,558000,HSBC,monthly,EMP8700,46500.0,44640.0,11160.0,0.0,1200.0,0.0,4000.0,1000.0,3000.0,Harvey Bullock
1.0,Full-Time,46.610395223457395,3363980965419418112,Karnataka,Bengaluru,2019-02-02,6,False,9,Active,True,Joy may Marie,Joy8 Marie8,Customer Service,White,L1,32,1992-08-19,USA,Male,He/Him,"travelling, chess, sports entertainment","pilates,yoga,craft beer",0.0,Customer Service Associate,Any,2019-08-03,Unknown,,,0.0,Sick Leave,51.0,50.0,50.0,10.0,10.0,10.0,100.0,10.0,50.0,50.0,100.0,50.0,10.0,10.0,6.0,5.0,2.0,34500,414000,HSBC,monthly,EMP4850,34500.0,41400.0,0.0,0.0,1200.0,0.0,0.0,1000.0,0.0,Zatanna Zatara
1.0,Full-Time,43.80068080290974,3363987029040824832,West Bengal,Kolkata,2019-02-02,6,False,11,Active,True,Ammy Brown,Ammy Brown,Sales,African American,L1,35,1989-12-01,USA,Male,He/Him,"football, blogging",,0.0,Sales Associate,Any,2019-08-03,Unknown,,,0.0,Paid Leave,32.0,50.0,50.0,10.0,10.0,10.0,50.0,10.0,50.0,50.0,100.0,10.0,10.0,10.0,7.0,5.0,1.0,38500,462000,HSBC,monthly,EMP2892,38500.0,36960.0,9240.0,0.0,1200.0,600.0,0.0,0.0,0.0,Renee Montoya
1.0,Full-Time,38.46314730969817,3363987283802849792,West Bengal,Kolkata,2019-02-02,6,False,8,Active,True,Joy may Marie,Joy8 Marie8,Platform,Asian,L1,31,1993-07-08,China,Female,She/Her,"coffee, fitness, cooking","pilates,yoga,craft beer",2.0,Junior Backend Developer,Any,2019-08-03,Unknown,,,0.0,Paid Leave,32.0,100.0,100.0,10.0,10.0,100.0,50.0,10.0,50.0,100.0,100.0,50.0,100.0,100.0,3.0,3.0,7.0,32500,390000,HSBC,monthly,EMP8986,32500.0,39000.0,0.0,0.0,1200.0,0.0,4000.0,0.0,0.0,Roy Harper
1.0,Full-Time,46.73984923951648,3363996450152251392,West Bengal,Kolkata,2019-02-02,6,False,13,Active,True,Ammy Brown,Ammy Brown,Finance & Admin,Asian,L1,35,1989-07-13,Canada,Male,He/Him,"theatres and movies, travelling",,0.0,Accounts Associate,Any,2019-08-03,Unknown,,,1.0,Sick Leave,45.0,10.0,50.0,50.0,50.0,10.0,100.0,10.0,50.0,10.0,100.0,10.0,50.0,50.0,5.0,6.0,2.0,42500,510000,HSBC,monthly,EMP9908,42500.0,51000.0,0.0,0.0,1200.0,600.0,0.0,1000.0,0.0,Victor Fries
1.0,Full-Time,40.47676937200473,3363996543769116672,Haryana,Gurgaon,2019-02-02,6,False,7,Active,True,Joy may Marie,Joy8 Marie8,IT,White,L1,28,1996-04-16,USA,Female,She/Her,"coffee, fitness, cooking","pilates,yoga,craft beer",1.0,IT Support,Any,2019-08-03,Unknown,,,0.0,Maternity Leave,186.0,50.0,100.0,10.0,10.0,50.0,50.0,10.0,50.0,50.0,100.0,100.0,50.0,50.0,3.0,7.0,3.0,30500,366000,HSBC,monthly,EMP7831,30500.0,36600.0,0.0,0.0,1200.0,0.0,2000.0,0.0,0.0,Guy Gardner
1.0,Full-Time,47.805565249226184,3367722036393672704,West Bengal,Kolkata,2019-02-02,6,False,9,Active,True,Ammy Brown,Ammy Brown,Platform,White,L2,32,1992-02-23,UK,Non-Binary,They/Them,"sports entertainment, cooking, blogging",,1.0,Platform Engineer,Kosher,2019-08-03,Unknown,,,1.0,Paid Leave,28.0,100.0,50.0,50.0,50.0,50.0,10.0,10.0,50.0,100.0,100.0,50.0,100.0,100.0,2.0,6.0,5.0,37000,444000,HSBC,monthly,EMP9760,37000.0,44400.0,0.0,0.0,1200.0,0.0,2000.0,1000.0,0.0,Roy Harper
1.0,Full-Time,47.98059038794836,3367722380897026048,Haryana,Gurgaon,2019-02-02,6,False,9,Active,True,Joy may Marie,Joy8 Marie8,Platform,Asian,L3,33,1991-01-30,India,Male,He/Him,"football, blogging","pilates,yoga,craft beer",2.0,Backend Developer,Any,2019-08-03,Unknown,,,2.0,Sick Leave,46.0,100.0,50.0,100.0,100.0,100.0,100.0,10.0,50.0,100.0,100.0,10.0,100.0,100.0,2.0,2.0,9.0,39500,474000,HSBC,monthly,EMP7827,39500.0,47400.0,0.0,0.0,1200.0,0.0,4000.0,2000.0,3000.0,Roy Harper
1.0,Full-Time,46.5568253085734,3369137536147390976,West Bengal,Kolkata,2019-02-02,6,False,10,Active,True,Ammy Brown,Ammy Brown,Platform,White,L1,33,1991-11-14,UK,Female,She/Her,"theatres and movies, travelling",,1.0,Junior Backend Developer,Any,2019-08-03,Unknown,,,0.0,Sick Leave,46.0,100.0,100.0,10.0,10.0,50.0,100.0,10.0,50.0,100.0,100.0,10.0,100.0,100.0,4.0,2.0,7.0,36500,438000,HSBC,monthly,EMP4856,36500.0,43800.0,0.0,0.0,1200.0,0.0,2000.0,0.0,0.0,Roy Harper
1.0,Full-Time,44.74667641204435,3369137698466955776,Karnataka,Bengaluru,2019-02-02,6,False,10,Active,True,Joy may Marie,Joy8 Marie8,Platform,White,L3,33,1991-04-22,USA,Female,She/Her,"travelling, chess, sports entertainment","pilates,yoga,craft beer",0.0,Backend Developer,Any,2019-08-03,Unknown,,,0.0,Paid Leave,31.0,100.0,50.0,10.0,10.0,10.0,50.0,10.0,50.0,100.0,100.0,10.0,100.0,100.0,5.0,3.0,5.0,41500,498000,HSBC,monthly,EMP6393,41500.0,49800.0,0.0,0.0,1200.0,0.0,0.0,0.0,3000.0,Roy Harper
0.5,Part-Time,20.0,3369138330338853376,Karnataka,Bengaluru,2024-02-12,1,False,7,Active,True,sumit sumittt,sumit sumittt,UI/UX,African American,L1,30,1994-12-08,USA,Male,He/Him,"theatres and movies, travelling",,0.0,Junior UX Designer,Any,2024-08-12,Unknown,,,1.0,Paid Leave,27.0,100.0,100.0,50.0,50.0,10.0,10.0,100.0,50.0,100.0,100.0,50.0,100.0,100.0,2.0,4.0,7.0,23000,276000,Standard Chartered,bi-weekly,EMP7182,23000.0,0.0,0.0,0.0,1200.0,0.0,0.0,0.0,0.0,Tim Drake
1.0,Full-Time,34.306990710415114,3369159004709192192,Karnataka,Bengaluru,2024-02-12,1,False,6,Active,True,sumit sumittt,sumit sumittt,Customer Service,African American,L1,27,1997-02-12,USA,Male,He/Him,"coffee, fitness, cooking",,0.0,Customer Service Associate,Vegetarian,2024-08-12,Unknown,,,1.0,Paid Leave,36.0,50.0,50.0,50.0,50.0,10.0,50.0,100.0,50.0,50.0,100.0,100.0,10.0,10.0,3.0,7.0,3.0,21000,252000,Standard Chartered,monthly,EMP6784,21000.0,25200.0,0.0,0.0,1200.0,0.0,0.0,1000.0,3000.0,Zatanna Zatara
1.0,Full-Time,40.84723043411507,3373586983669465600,Karnataka,Bengaluru,2019-02-02,6,True,12,Active,True,Joy may Marie,Joy8 Marie8,Marketing,White,L5,36,1988-03-28,UK,Female,She/Her,"sports entertainment, football","pilates,yoga,craft beer",2.0,Marketing Manager,Any,2019-08-03,Unknown,,,0.0,Sick Leave,50.0,50.0,10.0,10.0,10.0,100.0,100.0,10.0,10.0,50.0,100.0,10.0,50.0,50.0,6.0,4.0,3.0,50500,606000,HSBC,monthly,EMP8423,50500.0,60600.0,24240.0,36360.0,1200.0,0.0,4000.0,1000.0,3000.0,Pamela Isley
1.0,Full-Time,36.29487054629887,3374088295213432832,Karnataka,Bengaluru,2019-02-02,6,False,14,Active,True,Ammy Brown,Ammy Brown,Machine Learning,White,L1,35,1989-07-31,Canada,Female,She/Her,"coffee, fitness, cooking",,1.0,ML Intern,Any,2019-08-03,Unknown,,,0.0,Paid Leave,28.0,50.0,50.0,10.0,10.0,50.0,10.0,10.0,50.0,50.0,100.0,10.0,10.0,10.0,7.0,5.0,1.0,44500,534000,HSBC,monthly,EMP219,44500.0,53400.0,0.0,0.0,1200.0,0.0,2000.0,0.0,0.0,Cassandra Cain
1.0,Full-Time,47.82422391354795,3374088436863467520,Karnataka,Bengaluru,2019-02-02,6,False,8,Active,True,Joy may Marie,Joy8 Marie8,UI/UX,White,L1,29,1995-05-16,Canada,Female,She/Her,"coffee, fitness, cooking","pilates,yoga,craft beer",0.0,Junior UX Designer,Any,2019-08-03,Unknown,,,0.0,Paid Leave,34.0,100.0,100.0,10.0,10.0,10.0,50.0,10.0,50.0,100.0,100.0,100.0,100.0,100.0,4.0,2.0,7.0,32500,390000,HSBC,monthly,EMP5308,32500.0,39000.0,0.0,0.0,1200.0,0.0,0.0,0.0,0.0,Tim Drake
1.0,Full-Time,45.64337131649212,3374373278691885568,Karnataka,Bengaluru,2019-02-02,6,True,15,Active,True,Joy may Marie,Joy8 Marie8,UI/UX,African American,L3,37,1987-10-04,USA,Non-Binary,They/Them,"theatres and movies, travelling","pilates,yoga,craft beer",0.0,UX Designer,Any,2019-08-03,Unknown,,,0.0,Paid Leave,30.0,100.0,100.0,10.0,10.0,10.0,10.0,10.0,10.0,100.0,100.0,10.0,100.0,100.0,7.0,0.0,6.0,51500,618000,HSBC,monthly,EMP913,51500.0,61800.0,0.0,0.0,1200.0,0.0,0.0,1000.0,0.0,Jason Todd
1.0,Full-Time,47.34622903483245,3377739035945467904,Karnataka,Bengaluru,2019-02-02,6,False,9,Active,True,Ammy Brown,Ammy Brown,UI/UX,White,L3,32,1992-04-03,USA,Female,She/Her,"theatres and movies, travelling",,0.0,UX Designer,Any,2019-08-03,Unknown,,,0.0,Sick Leave,44.0,100.0,100.0,10.0,10.0,10.0,100.0,10.0,50.0,100.0,100.0,50.0,100.0,100.0,4.0,2.0,7.0,39500,474000,HSBC,monthly,EMP133,39500.0,47400.0,0.0,0.0,1200.0,0.0,0.0,0.0,3000.0,Barabara Gordon
1.0,Full-Time,43.01774134211108,3377739150013759488,Karnataka,Bengaluru,2019-02-02,6,False,12,Active,True,Joy may Marie,Joy8 Marie8,Platform,White,L1,36,1988-07-04,UK,Female,She/Her,"fitness, coffee, football","pilates,yoga,craft beer",1.0,Junior Backend Developer,Any,2019-08-03,Unknown,,,1.0,Paid Leave,28.0,100.0,100.0,50.0,50.0,50.0,10.0,10.0,50.0,100.0,100.0,10.0,100.0,100.0,3.0,4.0,6.0,40500,486000,HSBC,monthly,EMP5733,40500.0,48600.0,0.0,0.0,1200.0,0.0,2000.0,0.0,0.0,Damian Wayne
1.0,Full-Time,32.23087603875394,3377760583368573440,Karnataka,Bengaluru,2024-05-07,0,False,3,Active,True,dasd sadfa,dasf. fassdf,Human Resources,Asian,L3,26,1998-07-31,China,Male,He/Him,"coffee, fitness, cooking",,0.0,HR Generalist,Any,2024-11-05,Unknown,,,0.0,Sick Leave,50.0,10.0,10.0,10.0,10.0,10.0,100.0,100.0,50.0,10.0,100.0,100.0,10.0,10.0,8.0,1.0,4.0,18500,222000,Standard Chartered,monthly,EMP5442,18500.0,22200.0,0.0,0.0,1200.0,600.0,0.0,1000.0,0.0,Joe Karr
1.0,Full-Time,32.02061096258683,3377830987730781184,Karnataka,Bengaluru,2024-05-30,0,True,8,Active,True,Aquera Users Test,Aquera Users Test,Sales,White,L4,32,1992-10-05,UK,Female,She/Her,"travelling, chess, sports entertainment",,2.0,Sales Manager,Vegan,2024-11-28,Unknown,,,0.0,Bereavement Leave,47.0,50.0,10.0,10.0,10.0,100.0,100.0,100.0,10.0,50.0,100.0,50.0,10.0,10.0,6.0,3.0,4.0,31000,372000,Standard Chartered,monthly,EMP2278,31000.0,29760.0,7440.0,0.0,1200.0,600.0,4000.0,0.0,0.0,Renee Montoya
1.0,Full-Time,30.538736525986618,3378453816390189568,Karnataka,Bengaluru,2024-01-12,1,True,10,Active,True,aqueradp testda,aqueradp testda,Machine Learning,White,L6,31,1993-03-13,Canada,Female,She/Her,"coffee, fitness, cooking",,0.0,Principal Data Scientist,Any,2024-07-12,Unknown,,,1.0,Paid Leave,36.0,50.0,10.0,50.0,50.0,10.0,50.0,100.0,10.0,50.0,100.0,50.0,10.0,10.0,5.0,6.0,2.0,41500,498000,Standard Chartered,monthly,EMP9556,41500.0,49800.0,19920.0,29880.0,1200.0,0.0,0.0,0.0,0.0,Stephanie Brown
1.0,Full-Time,33.92336002065954,3378634628976869888,Haryana,Gurgaon,2023-08-17,1,False,2,Active,True,Aquera Test Manager,Aquera Test Manager,Human Resources,White,L3,25,1999-04-05,UK,Female,She/Her,"fitness, coffee, football",,0.0,HR Generalist,Any,2024-02-15,Unknown,,,1.0,Paid Leave,29.0,10.0,10.0,50.0,50.0,10.0,10.0,100.0,50.0,10.0,100.0,100.0,10.0,10.0,7.0,3.0,3.0,18000,216000,Standard Chartered,monthly,EMP5914,18000.0,21600.0,0.0,0.0,1200.0,600.0,0.0,1000.0,0.0,Joe Karr
1.0,Full-Time,30.17055901436835,3378634751005950464,Karnataka,Bengaluru,2023-11-17,1,False,1,Active,True,AqueraTest Manager User,AqueraTest Manager User,Customer Service,White,L1,23,2001-10-26,USA,Female,She/Her,"craft beer, blogging",,0.0,Customer Service Associate,Any,2024-05-17,Unknown,,,1.0,Sick Leave,51.0,50.0,50.0,50.0,50.0,10.0,100.0,100.0,50.0,50.0,100.0,100.0,10.0,10.0,3.0,6.0,4.0,11000,132000,Standard Chartered,monthly,EMP9310,11000.0,13200.0,0.0,0.0,1200.0,0.0,0.0,2000.0,0.0,Zatanna Zatara
1.0,Full-Time,47.70633765382831,3378638581571518976,West Bengal,Kolkata,2023-01-01,2,False,5,Active,True,sri ram,sri ram,Platform,African American,L2,27,1997-06-21,USA,Female,She/Her,"fitness, coffee, football",,0.0,Platform Engineer,Vegetarian,2023-07-02,Unknown,,,2.0,Maternity Leave,198.0,100.0,50.0,100.0,100.0,10.0,50.0,50.0,50.0,100.0,100.0,100.0,100.0,100.0,1.0,4.0,8.0,23000,276000,ICICI,monthly,EMP2025,23000.0,27600.0,0.0,0.0,1200.0,600.0,0.0,0.0,0.0,Damian Wayne
1.0,Full-Time,31.134884325073262,3379225021858710016,Karnataka,Bengaluru,2023-08-17,1,False,1,Active,True,Aquera Test Manager,Aquera Test Manager,UI/UX,White,L3,22,2002-06-29,USA,Female,She/Her,"coffee, fitness, cooking",,1.0,UX Designer,Vegan,2024-02-15,Unknown,,,1.0,Sick Leave,45.0,100.0,100.0,50.0,50.0,50.0,100.0,100.0,50.0,100.0,100.0,100.0,100.0,100.0,0.0,4.0,9.0,16000,192000,Standard Chartered,monthly,EMP2816,16000.0,19200.0,0.0,0.0,1200.0,0.0,2000.0,1000.0,0.0,Richard Grayson
1.0,Full-Time,35.04803106619294,3379225150380573184,Karnataka,Bengaluru,2023-11-17,1,False,10,Active,True,AqueraTest Manager User,AqueraTest Manager User,Customer Service,White,L3,34,1990-08-04,UK,Male,He/Him,"football, blogging",,0.0,Technical Consultant,Any,2024-05-17,Unknown,,,1.0,Paid Leave,27.0,50.0,50.0,50.0,50.0,10.0,10.0,100.0,50.0,50.0,100.0,10.0,10.0,10.0,5.0,6.0,2.0,34000,408000,Standard Chartered,monthly,EMP694,34000.0,40800.0,0.0,0.0,1200.0,0.0,0.0,1000.0,3000.0,Selina Kyle
1.0,Full-Time,34.1889339100925,3379231131802010112,Karnataka,Bengaluru,2023-08-17,1,False,1,Active,True,Aquera Test Manager,Aquera Test Manager,IT,White,L1,22,2002-06-26,UK,Female,She/Her,"theatres and movies, travelling",,2.0,IT Support,Any,2024-02-15,Unknown,,,1.0,Maternity Leave,198.0,50.0,100.0,50.0,50.0,100.0,50.0,100.0,50.0,50.0,100.0,100.0,50.0,50.0,0.0,8.0,5.0,11000,132000,Standard Chartered,monthly,EMP1780,11000.0,13200.0,0.0,0.0,1200.0,0.0,4000.0,0.0,0.0,Guy Gardner
1.0,Full-Time,33.45275073729808,3379231214907949568,Karnataka,Bengaluru,2023-11-17,1,False,7,Active,True,AqueraTest Manager User,AqueraTest Manager User,IT,White,L1,29,1995-11-13,USA,Female,She/Her,"craft beer, blogging",,0.0,IT Support,Any,2024-05-17,Unknown,,,1.0,Paid Leave,28.0,50.0,100.0,50.0,50.0,10.0,10.0,100.0,50.0,50.0,100.0,100.0,50.0,50.0,2.0,7.0,4.0,23000,276000,Standard Chartered,monthly,EMP2304,23000.0,27600.0,0.0,0.0,1200.0,600.0,0.0,0.0,0.0,Guy Gardner
1.0,Full-Time,36.29385942260708,3379231294859772416,West Bengal,Kolkata,2023-01-01,2,False,7,Active,True,sri ram,sri ram,Platform,African American,L3,30,1994-04-25,USA,Male,He/Him,"theatres and movies, travelling",,0.0,Backend Developer,Any,2023-07-02,Unknown,,,2.0,Paid Leave,28.0,100.0,50.0,100.0,100.0,10.0,10.0,50.0,50.0,100.0,100.0,50.0,100.0,100.0,2.0,4.0,7.0,29500,354000,ICICI,monthly,EMP9467,29500.0,35400.0,0.0,0.0,1200.0,0.0,0.0,0.0,3000.0,Connor Hawke
1.0,Full-Time,36.973312696345324,3379288954946715648,Karnataka,Bengaluru,2015-05-01,9,True,16,Active,True,Ralph Indrakanti,Ralph Indrakanti,Platform,White,L3,37,1987-03-24,Canada,Female,She/Her,"coffee, fitness, cooking",,1.0,Backend Developer,Any,2015-10-30,Unknown,,,0.0,Paid Leave,36.0,100.0,50.0,10.0,10.0,50.0,50.0,10.0,10.0,100.0,100.0,10.0,100.0,100.0,5.0,3.0,5.0,58000,696000,HSBC,monthly,EMP1952,58000.0,69600.0,0.0,0.0,1200.0,0.0,2000.0,0.0,3000.0,Duke Thomas
1.0,Full-Time,39.236736847008295,3379801943642735616,West Bengal,Kolkata,2019-02-02,6,False,14,Active,True,Ammy Brown,Ammy Brown,Marketing,White,L1,35,1989-07-07,UK,Non-Binary,They/Them,"coffee, fitness, cooking",,0.0,Social Media Coordinator,Any,2019-08-03,Unknown,,,0.0,Sick Leave,50.0,50.0,50.0,10.0,10.0,10.0,100.0,10.0,50.0,50.0,100.0,10.0,50.0,50.0,5.0,6.0,2.0,44500,534000,HSBC,monthly,EMP2209,44500.0,42720.0,10680.0,0.0,1200.0,0.0,0.0,0.0,3000.0,Harleen Quinnzel
1.0,Full-Time,40.11675203557645,3379802071770334208,West Bengal,Kolkata,2019-02-02,6,False,9,Active,True,Joy may Marie,Joy8 Marie8,Marketing,African American,L2,32,1993-01-08,USA,Female,She/Her,"coffee, fitness, cooking","pilates,yoga,craft beer",1.0,Marketing Associate,Any,2019-08-03,Unknown,,,0.0,Paid Leave,36.0,50.0,10.0,10.0,10.0,50.0,50.0,10.0,50.0,50.0,100.0,50.0,50.0,50.0,4.0,8.0,1.0,37000,444000,HSBC,monthly,EMP3706,37000.0,35520.0,8880.0,0.0,1200.0,600.0,2000.0,0.0,0.0,Harvey Dent
1.0,Full-Time,43.48023668219347,3379809814287746048,Karnataka,Bengaluru,2019-02-02,6,False,13,Active,True,Ammy Brown,Ammy Brown,Platform,White,L1,34,1990-06-19,USA,Male,He/Him,"travelling, chess, sports entertainment",,0.0,Junior Backend Developer,Vegetarian,2019-08-03,Unknown,,,0.0,Bereavement Leave,42.43,100.0,100.0,10.0,10.0,10.0,100.0,10.0,50.0,100.0,100.0,10.0,100.0,100.0,5.0,1.0,7.0,42500,510000,HSBC,monthly,EMP9134,42500.0,51000.0,0.0,0.0,1200.0,600.0,0.0,1000.0,0.0,Connor Hawke
1.0,Full-Time,39.37653791712941,3379809940804731904,West Bengal,Kolkata,2019-02-02,6,False,14,Active,True,Joy may Marie,Joy8 Marie8,Machine Learning,African American,L1,35,1990-01-09,USA,Female,She/Her,"coffee, fitness, cooking","pilates,yoga,craft beer",0.0,ML Intern,Any,2019-08-03,Unknown,,,0.0,Sick Leave,50.0,50.0,50.0,10.0,10.0,10.0,100.0,10.0,50.0,50.0,100.0,10.0,10.0,10.0,7.0,4.0,2.0,44500,534000,HSBC,monthly,EMP5813,44500.0,53400.0,0.0,0.0,1200.0,0.0,0.0,1000.0,3000.0,Stephanie Brown
1.0,Full-Time,39.71485100090781,3379818582497035264,Haryana,Gurgaon,2019-02-02,6,True,8,Active,True,Ammy Brown,Ammy Brown,Human Resources,African American,L6,32,1992-08-28,USA,Female,She/Her,"travelling, chess, sports entertainment",,0.0,HR Director,Any,2019-08-03,Unknown,,,1.0,Paid Leave,32.0,10.0,10.0,50.0,50.0,10.0,50.0,10.0,10.0,10.0,100.0,50.0,10.0,10.0,8.0,4.0,1.0,45000,540000,HSBC,monthly,EMP2079,45000.0,54000.0,21600.0,32400.0,1200.0,0.0,0.0,1000.0,3000.0,Joe Karr
1.0,Full-Time,39.92589511059868,3379818735782069248,Haryana,Gurgaon,2019-02-02,6,True,7,Active,True,Joy may Marie,Joy8 Marie8,IT,African American,L4,29,1995-11-09,USA,Female,She/Her,"coffee, fitness, cooking","pilates,yoga,craft beer",0.0,Site Reliability Engineer,Any,2019-08-03,Unknown,,,0.0,Paid Leave,29.0,50.0,10.0,10.0,10.0,10.0,10.0,10.0,10.0,50.0,100.0,100.0,50.0,50.0,7.0,4.0,2.0,38000,456000,HSBC,monthly,EMP1025,38000.0,45600.0,0.0,0.0,1200.0,0.0,0.0,0.0,3000.0,Jon Stewart
1.0,Full-Time,43.71733060853233,3379832386698085376,Karnataka,Bengaluru,2019-02-02,6,False,13,Active,True,Ammy Brown,Ammy Brown,Machine Learning,African American,L3,37,1987-09-28,USA,Male,He/Him,"craft beer, blogging",,0.0,Data Analyst,Any,2019-08-03,Unknown,,,3.0,Paid Leave,29.0,50.0,50.0,100.0,100.0,10.0,10.0,10.0,50.0,50.0,100.0,10.0,10.0,10.0,6.0,4.0,3.0,47500,570000,HSBC,monthly,EMP3799,47500.0,57000.0,0.0,0.0,1200.0,600.0,0.0,0.0,0.0,Cassandra Cain
1.0,Full-Time,43.751660480087764,3379832513433175040,Karnataka,Bengaluru,2019-02-02,6,False,12,Active,True,Joy may Marie,Joy8 Marie8,UI/UX,African American,L1,34,1990-03-21,USA,Male,He/Him,"coffee, fitness, cooking","pilates,yoga,craft beer",2.0,Junior UX Designer,Any,2019-08-03,Unknown,,,1.0,Maternity Leave,192.0,100.0,100.0,50.0,50.0,100.0,50.0,10.0,50.0,100.0,100.0,10.0,100.0,100.0,2.0,4.0,7.0,40500,486000,HSBC,monthly,EMP3455,40500.0,48600.0,0.0,0.0,1200.0,600.0,4000.0,0.0,0.0,Tim Drake
1.0,Full-Time,43.91204541749613,3382185955795403264,Karnataka,Bengaluru,2019-02-02,6,True,11,Active,True,Ammy Brown,Ammy Brown,Human Resources,Asian,L4,34,1990-09-13,Canada,Female,She/Her,"travelling, chess, sports entertainment",,0.0,HR Business Partner,Any,2019-08-03,Unknown,,,1.0,Paid Leave,30.0,10.0,10.0,50.0,50.0,10.0,10.0,10.0,10.0,10.0,100.0,10.0,10.0,10.0,10.0,2.0,1.0,46000,552000,HSBC,monthly,EMP2858,46000.0,55200.0,0.0,0.0,1200.0,0.0,0.0,0.0,3000.0,Joe Karr
1.0,Full-Time,39.64570888432695,3382186022761660928,Karnataka,Bengaluru,2019-02-02,6,True,15,Active,True,Joy may Marie,Joy8 Marie8,Machine Learning,White,L5,38,1986-06-25,USA,Male,He/Him,"coffee, fitness, cooking","pilates,yoga,craft beer",1.0,Senior Data Scientist,Any,2019-08-03,Unknown,,,0.0,Paid Leave,34.0,50.0,10.0,10.0,10.0,50.0,50.0,10.0,10.0,50.0,100.0,10.0,10.0,10.0,8.0,4.0,1.0,56500,678000,HSBC,monthly,EMP3590,56500.0,67800.0,27120.0,40680.0,1200.0,600.0,2000.0,1000.0,0.0,Cassandra Cain
1.0,Full-Time,34.470780611283196,3382187158973448704,Karnataka,Bengaluru,2023-08-17,1,False,6,Active,True,Aquera Test Manager,Aquera Test Manager,IT,White,L1,28,1996-06-06,USA,Female,She/Her,"coffee, fitness, cooking",,1.0,IT Support,Any,2024-02-15,Unknown,,,1.0,Bereavement Leave,44.0,50.0,100.0,50.0,50.0,50.0,100.0,100.0,50.0,50.0,100.0,100.0,50.0,50.0,0.0,8.0,5.0,21000,252000,Standard Chartered,monthly,EMP8458,21000.0,25200.0,0.0,0.0,1200.0,0.0,2000.0,1000.0,0.0,Hal Jordan
1.0,Full-Time,34.401999228123444,3382187288552276480,Haryana,Gurgaon,2023-11-17,1,False,9,Active,True,AqueraTest Manager User,AqueraTest Manager User,Customer Service,African American,L2,32,1992-02-24,USA,Female,She/Her,"theatres and movies, travelling",,1.0,Support Specialist,Any,2024-05-17,Unknown,,,1.0,Sick Leave,42.0,50.0,10.0,50.0,50.0,50.0,50.0,100.0,50.0,50.0,100.0,50.0,10.0,10.0,3.0,8.0,2.0,29500,354000,Standard Chartered,monthly,EMP7339,29500.0,35400.0,0.0,0.0,1200.0,0.0,2000.0,0.0,0.0,Selina Kyle
1.0,Full-Time,41.66134343827135,3382191544705483264,Haryana,Gurgaon,2023-01-01,2,False,8,Active,True,sri ram,sri ram,UI/UX,African American,L1,30,1994-11-24,USA,Female,She/Her,"theatres and movies, travelling",,2.0,Junior UX Designer,Any,2023-07-02,Unknown,,,2.0,Paid Leave,36.0,100.0,100.0,100.0,100.0,100.0,50.0,50.0,50.0,100.0,100.0,50.0,100.0,100.0,0.0,4.0,9.0,26500,318000,ICICI,monthly,EMP9067,26500.0,31800.0,0.0,0.0,1200.0,0.0,4000.0,1000.0,3000.0,Tim Drake
1.0,Full-Time,38.71191350515714,3382206006841835520,Karnataka,Bengaluru,2019-02-02,6,False,14,Active,True,Ammy Brown,Ammy Brown,Customer Service,White,L1,36,1988-09-03,UK,Female,She/Her,"football, blogging",,1.0,Customer Service Associate,Any,2019-08-03,Unknown,,,2.0,Paid Leave,34.0,50.0,50.0,100.0,100.0,50.0,50.0,10.0,50.0,50.0,100.0,10.0,10.0,10.0,4.0,6.0,3.0,44500,534000,HSBC,monthly,EMP3961,44500.0,53400.0,0.0,0.0,1200.0,600.0,2000.0,0.0,0.0,Jason Blood
1.0,Full-Time,46.29496829063717,3382206240800112640,Karnataka,Bengaluru,2019-02-02,6,False,7,Active,True,Joy may Marie,Joy8 Marie8,Machine Learning,White,L3,29,1995-02-07,UK,Female,She/Her,"coffee, fitness, cooking","pilates,yoga,craft beer",0.0,Data Analyst,Any,2019-08-03,Unknown,,,0.0,Paid Leave,30.0,50.0,50.0,10.0,10.0,10.0,10.0,10.0,50.0,50.0,100.0,100.0,10.0,10.0,7.0,4.0,2.0,35500,426000,HSBC,monthly,EMP4608,35500.0,42600.0,0.0,0.0,1200.0,0.0,0.0,0.0,0.0,Stephanie Brown
1.0,Full-Time,33.08271711022585,3393736317123691520,Karnataka,Bengaluru,2024-06-12,0,False,9,Active,True,aqueraaaa testaaaa,aqueraaaa testaaaa,UI/UX,White,L1,32,1992-12-28,Canada,Male,He/Him,"travelling, chess, sports entertainment",,0.0,Junior UX Designer,Any,2024-12-11,Unknown,,,0.0,Sick Leave,50.0,100.0,100.0,10.0,10.0,10.0,100.0,100.0,50.0,100.0,100.0,50.0,100.0,100.0,3.0,2.0,8.0,25500,306000,Standard Chartered,monthly,EMP2049,25500.0,30600.0,0.0,0.0,1200.0,0.0,0.0,1000.0,0.0,Tim Drake
1.0,Full-Time,46.258731541397204,3394483103756976640,West Bengal,Kolkata,2023-01-01,2,False,10,Active,True,sri ram,sri ram,UI/UX,White,L3,31,1993-11-21,UK,Male,He/Him,"coffee, fitness, cooking",,0.0,UX Designer,Any,2023-07-02,Unknown,,,2.0,Paid Leave,33.0,100.0,100.0,100.0,100.0,10.0,50.0,50.0,50.0,100.0,100.0,50.0,100.0,100.0,1.0,4.0,8.0,35500,426000,ICICI,monthly,EMP5408,35500.0,42600.0,0.0,0.0,1200.0,600.0,0.0,1000.0,0.0,Richard Grayson
1.0,Full-Time,38.27535815559085,3394484068421730816,West Bengal,Kolkata,2023-01-01,2,False,10,Active,True,sri ram,sri ram,Marketing,White,L1,31,1993-02-24,USA,Female,She/Her,"coffee, fitness, cooking",,1.0,Social Media Coordinator,Vegetarian,2023-07-02,Unknown,,,2.0,Paid Leave,32.0,50.0,50.0,100.0,100.0,50.0,50.0,50.0,50.0,50.0,100.0,50.0,50.0,50.0,0.0,10.0,3.0,30500,366000,ICICI,monthly,EMP1467,30500.0,29280.0,7320.0,0.0,1200.0,0.0,2000.0,2000.0,0.0,Harleen Quinnzel
1.0,Full-Time,30.375703680999226,3394494938346422784,Karnataka,Bengaluru,2023-08-17,1,False,2,Active,True,Aquera Test Manager,Aquera Test Manager,Machine Learning,African American,L2,25,1999-10-19,USA,Male,He/Him,"chess, football",,2.0,Data Scientist,Any,2024-02-15,Unknown,,,1.0,Paid Leave,28.0,50.0,10.0,50.0,50.0,100.0,10.0,100.0,50.0,50.0,100.0,100.0,10.0,10.0,4.0,5.0,4.0,15500,186000,Standard Chartered,monthly,EMP6461,15500.0,18600.0,0.0,0.0,1200.0,0.0,4000.0,0.0,3000.0,Cassandra Cain
1.0,Full-Time,44.094299656660446,3394512895973786112,Karnataka,Bengaluru,2023-01-01,2,True,10,Active,True,sri ram,sri ram,Customer Service,African American,L6,34,1990-03-28,USA,Female,She/Her,"sports entertainment, football",,2.0,Engagement Manager,Any,2023-07-02,Unknown,,,2.0,Paid Leave,32.0,50.0,10.0,100.0,100.0,100.0,50.0,50.0,10.0,50.0,100.0,10.0,10.0,10.0,5.0,4.0,4.0,43000,516000,ICICI,monthly,EMP9953,43000.0,51600.0,20640.0,30960.0,1200.0,600.0,4000.0,0.0,0.0,Selina Kyle
1.0,Full-Time,42.0962643480424,3394527096888885760,West Bengal,Kolkata,2023-01-01,2,False,4,Active,True,sri ram,sri ram,Sales,African American,L1,26,1998-10-31,USA,Female,She/Her,"sports entertainment, football",,0.0,Sales Associate,Vegan,2023-07-02,Unknown,,,1.0,Sick Leave,44.0,50.0,50.0,50.0,50.0,10.0,100.0,50.0,50.0,50.0,100.0,100.0,10.0,10.0,3.0,7.0,3.0,18500,222000,ICICI,monthly,EMP9024,18500.0,17760.0,4440.0,0.0,1200.0,600.0,0.0,0.0,0.0,Harvey Bullock
1.0,Full-Time,37.54487294772498,3394528851676627456,West Bengal,Kolkata,2023-01-01,2,False,8,Active,True,sri ram,sri ram,Platform,White,L1,31,1993-12-06,Canada,Male,He/Him,"craft beer, chess",,1.0,Junior Backend Developer,Any,2023-07-02,Unknown,,,2.0,Paid Leave,34.0,100.0,100.0,100.0,100.0,50.0,50.0,50.0,50.0,100.0,100.0,50.0,100.0,100.0,0.0,5.0,8.0,26500,318000,ICICI,monthly,EMP1836,26500.0,31800.0,0.0,0.0,1200.0,600.0,2000.0,0.0,0.0,Damian Wayne
1.0,Full-Time,45.851194837433205,3394531675634401792,Karnataka,Bengaluru,2023-01-01,2,False,8,Active,True,sri ram,sri ram,Sales,White,L3,30,1994-01-20,Canada,Male,He/Him,"coffee, fitness, cooking",,0.0,Sales Executive,Any,2023-07-02,Unknown,,,2.0,Sick Leave,47.0,50.0,50.0,100.0,100.0,10.0,100.0,50.0,50.0,50.0,100.0,50.0,10.0,10.0,3.0,6.0,4.0,31500,378000,ICICI,monthly,EMP7407,31500.0,30240.0,7560.0,0.0,1200.0,0.0,0.0,0.0,3000.0,Jim Gordon
1.0,Full-Time,40.42617399575345,3394532437613609472,Karnataka,Bengaluru,2023-01-01,2,False,5,Active,True,sri ram,sri ram,UI/UX,African American,L2,26,1998-05-27,USA,Female,She/Her,"theatres and movies, travelling",,1.0,Frontend Developer,Any,2023-07-02,Unknown,,,1.0,Paid Leave,27.0,100.0,50.0,50.0,50.0,50.0,10.0,50.0,50.0,100.0,100.0,100.0,100.0,100.0,1.0,6.0,6.0,23000,276000,ICICI,monthly,EMP9630,23000.0,27600.0,0.0,0.0,1200.0,0.0,2000.0,0.0,0.0,Jason Todd
1.0,Full-Time,38.729790550422216,3394537415279378944,Karnataka,Bengaluru,2023-01-01,2,False,3,Active,True,Pratik man pawar,jay ram,UI/UX,White,L3,26,1998-09-04,UK,Male,He/Him,"fitness, coffee, football","movies,scary movies,coding,disco",1.0,UX Designer,Vegetarian,2023-07-02,Unknown,,,2.0,Paid Leave,28.0,100.0,100.0,100.0,100.0,50.0,10.0,50.0,50.0,100.0,100.0,100.0,100.0,100.0,1.0,3.0,9.0,21500,258000,ICICI,monthly,EMP2675,21500.0,25800.0,0.0,0.0,1200.0,0.0,2000.0,1000.0,0.0,Barabara Gordon
1.0,Full-Time,34.19153518400024,3394538512609968640,Karnataka,Bengaluru,2024-06-20,0,False,7,Active,True,pratik test pawar,pratik test pawar,Platform,White,L1,31,1993-06-25,USA,Female,She/Her,"coffee, fitness, cooking",,1.0,Junior Backend Developer,Any,2024-12-19,Unknown,,,0.0,Paid Leave,36.0,100.0,100.0,10.0,10.0,50.0,50.0,100.0,50.0,100.0,100.0,50.0,100.0,100.0,2.0,4.0,7.0,21500,258000,Standard Chartered,monthly,EMP7979,21500.0,25800.0,0.0,0.0,1200.0,0.0,2000.0,0.0,0.0,Connor Hawke
1.0,Full-Time,33.56884708250136,3394645816613273600,Karnataka,Bengaluru,2023-08-17,1,False,9,Active,True,Aquera Test Manager,Aquera Test Manager,IT,African American,L2,32,1992-10-22,USA,Female,She/Her,"football, blogging",,0.0,System Administrator,Any,2024-02-15,Unknown,,,1.0,Paid Leave,35.0,50.0,50.0,50.0,50.0,10.0,50.0,100.0,50.0,50.0,100.0,50.0,50.0,50.0,1.0,10.0,2.0,29500,354000,Standard Chartered,monthly,EMP82,29500.0,35400.0,0.0,0.0,1200.0,0.0,0.0,1000.0,3000.0,Hal Jordan
1.0,Full-Time,34.70046536186155,3394645952181567488,West Bengal,Kolkata,2023-11-17,1,False,5,Active,True,AqueraTest Manager User,AqueraTest Manager User,Customer Service,White,L1,27,1997-11-19,USA,Male,He/Him,"theatres and movies, travelling",,1.0,Customer Service Associate,Vegetarian,2024-05-17,Unknown,,,1.0,Maternity Leave,192.0,50.0,50.0,50.0,50.0,50.0,50.0,100.0,50.0,50.0,100.0,100.0,10.0,10.0,2.0,8.0,3.0,19000,228000,Standard Chartered,monthly,EMP4325,19000.0,22800.0,0.0,0.0,1200.0,600.0,2000.0,0.0,0.0,Zatanna Zatara
1.0,Full-Time,41.49636742376404,3394649908895023104,West Bengal,Kolkata,2023-01-01,2,False,7,Active,True,sri ram,sri ram,Marketing,White,L3,31,1993-02-13,USA,Male,He/Him,"travelling, chess, sports entertainment",,0.0,Marketing Analyst,Vegetarian,2023-07-02,Unknown,,,2.0,Paid Leave,32.0,50.0,50.0,100.0,100.0,10.0,50.0,50.0,50.0,50.0,100.0,50.0,50.0,50.0,1.0,9.0,3.0,29500,354000,ICICI,monthly,EMP5463,29500.0,28320.0,7080.0,0.0,1200.0,0.0,0.0,1000.0,0.0,Pamela Isley
1.0,Full-Time,44.412161448788325,3395084144533831680,Haryana,Gurgaon,2019-02-02,6,False,7,Active,True,Ammy Brown,Ammy Brown,Marketing,African American,L3,30,1994-07-12,USA,Male,He/Him,"coffee, fitness, cooking",,1.0,Marketing Analyst,Any,2019-08-03,Unknown,,,0.0,Paid Leave,31.0,50.0,50.0,10.0,10.0,50.0,50.0,10.0,50.0,50.0,100.0,50.0,50.0,50.0,3.0,9.0,1.0,35500,426000,HSBC,monthly,EMP8328,35500.0,34080.0,8520.0,0.0,1200.0,0.0,2000.0,1000.0,3000.0,Harvey Dent
1.0,Full-Time,38.94720835833905,3395084227866263552,Haryana,Gurgaon,2019-02-02,6,False,11,Active,True,Joy may Marie,Joy8 Marie8,Platform,Hispanic,L2,32,1992-10-30,USA,Female,She/Her,"travelling, chess, sports entertainment","pilates,yoga,craft beer",2.0,Platform Engineer,Vegetarian,2019-08-03,Unknown,,,0.0,Paid Leave,33.0,100.0,50.0,10.0,10.0,100.0,50.0,10.0,50.0,100.0,100.0,50.0,100.0,100.0,3.0,4.0,6.0,41000,492000,HSBC,monthly,EMP2,41000.0,49200.0,0.0,0.0,1200.0,0.0,4000.0,1000.0,3000.0,Duke Thomas
1.0,Full-Time,31.793652674976098,3398248549165564416,West Bengal,Kolkata,2023-08-17,1,False,4,Active,True,Aquera Test Manager,Aquera Test Manager,IT,White,L3,25,1999-03-08,UK,Male,He/Him,"fitness, coffee, football",,0.0,Network Engineer,Any,2024-02-15,Unknown,,,1.0,Paid Leave,27.0,50.0,50.0,50.0,50.0,10.0,10.0,100.0,50.0,50.0,100.0,100.0,50.0,50.0,2.0,8.0,3.0,22000,264000,Standard Chartered,monthly,EMP3485,22000.0,26400.0,0.0,0.0,1200.0,600.0,0.0,0.0,0.0,Guy Gardner
1.0,Full-Time,31.113362685634158,3398248710201672192,Karnataka,Bengaluru,2023-11-17,1,False,5,Active,True,AqueraTest Manager User,AqueraTest Manager User,IT,White,L3,29,1995-02-20,UK,Male,He/Him,"coffee, fitness, cooking",,2.0,Network Engineer,Any,2024-05-17,Unknown,,,1.0,Paid Leave,27.0,50.0,50.0,50.0,50.0,100.0,10.0,100.0,50.0,50.0,100.0,100.0,50.0,50.0,1.0,8.0,4.0,24000,288000,Standard Chartered,monthly,EMP695,24000.0,28800.0,0.0,0.0,1200.0,0.0,4000.0,0.0,0.0,Hal Jordan
1.0,Full-Time,46.866462681613406,3398253292982108672,Karnataka,Bengaluru,2023-01-01,2,False,11,Active,True,sri ram,sri ram,UI/UX,White,L1,35,1989-03-26,Canada,Female,She/Her,"coffee, fitness, cooking",,0.0,Junior UX Designer,Vegetarian,2023-07-02,Unknown,,,2.0,Unpaid Leave,41.0,100.0,100.0,100.0,100.0,10.0,50.0,50.0,50.0,100.0,100.0,10.0,100.0,100.0,2.0,3.0,8.0,32500,390000,ICICI,monthly,EMP6833,32500.0,39000.0,0.0,0.0,1200.0,600.0,0.0,0.0,0.0,Tim Drake
1.0,Full-Time,33.91685851109034,3398706049912406528,Karnataka,Bengaluru,2023-08-17,1,False,3,Active,True,Aquera Test Manager,Aquera Test Manager,Customer Service,White,L1,24,2000-05-10,Canada,Female,She/Her,"fitness, coffee, football",,2.0,Customer Service Associate,Any,2024-02-15,Unknown,,,1.0,Sick Leave,43.0,50.0,50.0,50.0,50.0,100.0,100.0,100.0,50.0,50.0,100.0,100.0,10.0,10.0,2.0,6.0,5.0,15000,180000,Standard Chartered,monthly,EMP4929,15000.0,18000.0,0.0,0.0,1200.0,600.0,4000.0,0.0,0.0,Jason Blood
1.0,Full-Time,33.14811789047239,3398706202048201216,West Bengal,Kolkata,2024-06-29,0,False,7,Active,True,AqueraTest Manager User,AqueraTest Manager User,UI/UX,White,L3,28,1996-04-23,USA,Male,He/Him,"coffee, fitness, cooking",,1.0,UX Designer,Any,2024-12-28,Unknown,,,0.0,Paid Leave,32.0,100.0,100.0,10.0,10.0,50.0,50.0,100.0,50.0,100.0,100.0,100.0,100.0,100.0,2.0,3.0,8.0,26500,318000,Standard Chartered,monthly,EMP6674,26500.0,31800.0,0.0,0.0,1200.0,600.0,2000.0,0.0,0.0,Richard Grayson
1.0,Full-Time,42.536235397453424,3398710164717568512,Karnataka,Bengaluru,2023-01-01,2,False,8,Active,True,sri ram,sri ram,Finance & Admin,Hispanic,L1,30,1994-10-08,Mexico,Male,He/Him,"coffee, fitness, cooking",,1.0,Accounts Associate,Any,2023-07-02,Unknown,,,2.0,Paid Leave,27.0,10.0,50.0,100.0,100.0,50.0,10.0,50.0,50.0,10.0,100.0,50.0,50.0,50.0,3.0,7.0,3.0,26500,318000,ICICI,monthly,EMP2729,26500.0,31800.0,0.0,0.0,1200.0,0.0,2000.0,1000.0,3000.0,Oswald Cobblepot
1.0,Full-Time,44.37885010689002,3398718400703234560,Karnataka,Bengaluru,2019-02-02,6,False,12,Active,True,Ammy Brown,Ammy Brown,Platform,White,L3,34,1990-04-28,Canada,Female,She/Her,"theatres and movies, travelling",,1.0,Backend Developer,Vegetarian,2019-08-03,Unknown,,,3.0,Paid Leave,35.0,100.0,50.0,100.0,100.0,50.0,50.0,10.0,50.0,100.0,100.0,10.0,100.0,100.0,2.0,4.0,7.0,45500,546000,HSBC,monthly,EMP1623,45500.0,54600.0,0.0,0.0,1200.0,0.0,2000.0,1000.0,0.0,Damian Wayne
1.0,Full-Time,40.967011193901605,3398718476586582528,West Bengal,Kolkata,2019-02-02,6,False,9,Active,True,Joy may Marie,Joy8 Marie8,UI/UX,White,L2,30,1994-11-22,Canada,Male,He/Him,"travelling, chess, sports entertainment","pilates,yoga,craft beer",1.0,Frontend Developer,Vegetarian,2019-08-03,Unknown,,,0.0,Sick Leave,44.0,100.0,50.0,10.0,10.0,50.0,100.0,10.0,50.0,100.0,100.0,50.0,100.0,100.0,3.0,4.0,6.0,37000,444000,HSBC,monthly,EMP4093,37000.0,44400.0,0.0,0.0,1200.0,0.0,2000.0,1000.0,0.0,Tim Drake
1.0,Full-Time,45.67421205630892,3398954753768555008,Haryana,Gurgaon,2015-02-20,10,True,11,Active,True,Austin Indrakanti,Austin Indrakanti,Platform,White,L6,34,1990-12-04,USA,Female,She/Her,"coffee, fitness, cooking",,0.0,Platform Director,Any,2015-08-21,Unknown,,,0.0,Paid Leave,27.0,100.0,10.0,10.0,10.0,10.0,10.0,10.0,10.0,100.0,100.0,10.0,100.0,100.0,8.0,0.0,5.0,57000,684000,HSBC,monthly,EMP2612,57000.0,68400.0,27360.0,41040.0,1200.0,0.0,0.0,2000.0,0.0,Connor Hawke
1.0,Full-Time,34.197501101405294,3399585895362331136,Karnataka,Bengaluru,2024-10-08,0,False,0,Active,True,Test Aquera,Test Aquera,Platform,White,L3,23,2001-06-29,Canada,Male,He/Him,"coffee, fitness, cooking",,0.0,Backend Developer,Any,2025-04-08,Unknown,,,0.0,Sick Leave,49.0,100.0,50.0,10.0,10.0,10.0,100.0,100.0,50.0,100.0,100.0,100.0,100.0,100.0,3.0,2.0,8.0,12500,150000,Standard Chartered,monthly,EMP8612,12500.0,15000.0,0.0,0.0,1200.0,0.0,0.0,0.0,0.0,Duke Thomas
1.0,Full-Time,32.65428494063099,3400363573883437568,Karnataka,Bengaluru,2023-08-17,1,False,3,Active,True,Aquera Test Manager,Aquera Test Manager,UI/UX,African American,L3,25,1999-09-18,USA,Female,She/Her,"theatres and movies, travelling",,2.0,UX Designer,Any,2024-02-15,Unknown,,,1.0,Paid Leave,28.0,100.0,100.0,50.0,50.0,100.0,10.0,100.0,50.0,100.0,100.0,100.0,100.0,100.0,1.0,3.0,9.0,20000,240000,Standard Chartered,monthly,EMP2568,20000.0,24000.0,0.0,0.0,1200.0,600.0,4000.0,0.0,0.0,Jason Todd
0.5,Part-Time,20.0,3400363741680763392,West Bengal,Kolkata,2023-11-17,1,False,6,Active,True,AqueraTest Manager User,AqueraTest Manager User,Sales,White,L2,30,1994-01-27,Canada,Male,He/Him,"coffee, fitness, cooking",,1.0,Sales Representative,Any,2024-05-17,Unknown,,,1.0,Maternity Leave,186.0,50.0,10.0,50.0,50.0,50.0,50.0,100.0,50.0,50.0,100.0,50.0,10.0,10.0,3.0,8.0,2.0,23500,282000,Standard Chartered,bi-weekly,EMP3656,23500.0,0.0,0.0,0.0,1200.0,0.0,0.0,0.0,0.0,Renee Montoya
1.0,Full-Time,45.32242150268035,3400369030194790912,Karnataka,Bengaluru,2023-01-01,2,True,10,Active,True,sri ram,sri ram,Marketing,White,L3,31,1993-10-27,USA,Male,He/Him,"fitness, coffee, football",,0.0,Marketing Analyst,Any,2023-07-02,Unknown,,,2.0,Paid Leave,34.0,50.0,50.0,100.0,100.0,10.0,50.0,50.0,10.0,50.0,100.0,50.0,50.0,50.0,2.0,8.0,3.0,35500,426000,ICICI,monthly,EMP4150,35500.0,34080.0,8520.0,0.0,1200.0,0.0,0.0,2000.0,0.0,Harvey Dent
1.0,Full-Time,46.96858916961346,3400390405315888128,Karnataka,Bengaluru,2019-02-02,6,False,11,Active,True,Ammy Brown,Ammy Brown,Customer Service,African American,L3,34,1990-10-24,USA,Female,She/Her,"theatres and movies, travelling",,0.0,Technical Consultant,Any,2019-08-03,Unknown,,,0.0,Paid Leave,33.0,50.0,50.0,10.0,10.0,10.0,50.0,10.0,50.0,50.0,100.0,10.0,10.0,10.0,7.0,5.0,1.0,43500,522000,HSBC,monthly,EMP7796,43500.0,52200.0,0.0,0.0,1200.0,600.0,0.0,0.0,0.0,Zatanna Zatara
1.0,Full-Time,42.76247229840584,3400390475654366208,Karnataka,Bengaluru,2019-02-02,6,False,10,Active,True,Joy may Marie,Joy8 Marie8,Sales,White,L1,34,1990-02-28,UK,Female,She/Her,"football, blogging","pilates,yoga,craft beer",0.0,Sales Associate,Any,2019-08-03,Unknown,,,0.0,Paid Leave,34.0,50.0,50.0,10.0,10.0,10.0,50.0,10.0,50.0,50.0,100.0,10.0,10.0,10.0,7.0,5.0,1.0,36500,438000,HSBC,monthly,EMP7628,36500.0,35040.0,8760.0,0.0,1200.0,600.0,0.0,0.0,0.0,Harvey Bullock
1.0,Full-Time,43.42451268476038,3400392244895679488,Karnataka,Bengaluru,2019-02-02,6,False,9,Active,True,Ammy Brown,Ammy Brown,Marketing,African American,L3,31,1993-12-29,USA,Male,He/Him,"theatres and movies, travelling",,1.0,Marketing Analyst,Vegetarian,2019-08-03,Unknown,,,0.0,Paid Leave,27.0,50.0,50.0,10.0,10.0,50.0,10.0,10.0,50.0,50.0,100.0,50.0,50.0,50.0,4.0,8.0,1.0,39500,474000,HSBC,monthly,EMP1613,39500.0,37920.0,9480.0,0.0,1200.0,0.0,2000.0,0.0,3000.0,Harvey Dent
1.0,Full-Time,45.22212274670096,3400398569511846912,Karnataka,Bengaluru,2019-02-02,6,False,7,Active,True,Ammy Brown,Ammy Brown,IT,White,L1,29,1995-12-08,UK,Male,He/Him,"coffee, fitness, cooking",,2.0,IT Support,Any,2019-08-03,Unknown,,,2.0,Paid Leave,30.0,50.0,100.0,100.0,100.0,100.0,10.0,10.0,50.0,50.0,100.0,100.0,50.0,50.0,2.0,5.0,6.0,30500,366000,HSBC,monthly,EMP1139,30500.0,36600.0,0.0,0.0,1200.0,600.0,4000.0,1000.0,0.0,Jon Stewart
1.0,Full-Time,36.53070932173219,3400398650755515392,West Bengal,Kolkata,2019-02-02,6,False,11,Active,True,Joy may Marie,Joy8 Marie8,Platform,White,L1,34,1990-10-03,USA,Female,She/Her,"coffee, fitness, cooking","pilates,yoga,craft beer",2.0,Junior Backend Developer,Any,2019-08-03,Unknown,,,0.0,Paid Leave,36.0,100.0,100.0,10.0,10.0,100.0,50.0,10.0,50.0,100.0,100.0,10.0,100.0,100.0,4.0,2.0,7.0,38500,462000,HSBC,monthly,EMP4125,38500.0,46200.0,0.0,0.0,1200.0,0.0,4000.0,0.0,0.0,Roy Harper
1.0,Full-Time,40.78755991880545,3400407431623214080,Karnataka,Bengaluru,2014-11-20,10,True,10,Active,True,Toby White,Toby White,Finance & Admin,White,L5,34,1990-02-01,UK,Female,She/Her,"theatres and movies, travelling",,0.0,Finance Manager,Any,2015-05-21,Unknown,,,0.0,Sick Leave,50.0,10.0,10.0,10.0,10.0,10.0,100.0,10.0,10.0,10.0,100.0,10.0,50.0,50.0,9.0,2.0,2.0,52500,630000,HSBC,monthly,EMP511,52500.0,63000.0,25200.0,37800.0,1200.0,600.0,0.0,1000.0,0.0,Oswald Cobblepot
1.0,Full-Time,37.3834091699576,3400411013097456640,West Bengal,Kolkata,2015-02-10,10,True,13,Active,True,Morgan Hunter,Morgan Hunter,Platform,White,L5,36,1988-12-13,UK,Female,She/Her,"fitness, coffee, football",,0.0,Senior Backend Developer,Any,2015-08-11,Unknown,,,0.0,Paid Leave,34.0,100.0,10.0,10.0,10.0,10.0,50.0,10.0,10.0,100.0,100.0,10.0,100.0,100.0,7.0,1.0,5.0,58500,702000,HSBC,monthly,EMP9960,58500.0,70200.0,28080.0,42120.0,1200.0,600.0,0.0,0.0,0.0,Damian Wayne
1.0,Full-Time,30.685114988159214,3405424094001233920,Karnataka,Bengaluru,2023-08-17,1,False,1,Active,True,Aquera Test Manager,Aquera Test Manager,UI/UX,African American,L3,22,2002-07-14,USA,Male,He/Him,"coffee, fitness, cooking",,0.0,UX Designer,Vegan,2024-02-15,Unknown,,,1.0,Paid Leave,34.0,100.0,100.0,50.0,50.0,10.0,50.0,100.0,50.0,100.0,100.0,100.0,100.0,100.0,1.0,4.0,8.0,16000,192000,Standard Chartered,monthly,EMP5776,16000.0,19200.0,0.0,0.0,1200.0,600.0,0.0,1000.0,0.0,Tim Drake
1.0,Full-Time,35.872544520239714,3405424180814938112,Karnataka,Bengaluru,2023-11-17,1,False,8,Active,True,AqueraTest Manager User,AqueraTest Manager User,Sales,White,L1,29,1995-02-07,UK,Female,She/Her,"theatres and movies, travelling",,1.0,Sales Associate,Vegan,2024-05-17,Unknown,,,1.0,Sick Leave,46.0,50.0,50.0,50.0,50.0,50.0,100.0,100.0,50.0,50.0,100.0,100.0,10.0,10.0,2.0,7.0,4.0,25000,300000,Standard Chartered,monthly,EMP2287,25000.0,24000.0,6000.0,0.0,1200.0,600.0,2000.0,0.0,0.0,Arnold Flass
0.5,Part-Time,20.0,3405427007591284736,Karnataka,Bengaluru,2023-01-01,2,False,6,Active,True,sri ram,sri ram,Marketing,White,L1,27,1997-10-19,Canada,Male,He/Him,"coffee, fitness, cooking",,0.0,Social Media Coordinator,Any,2023-07-02,Unknown,,,2.0,Paid Leave,36.0,50.0,50.0,100.0,100.0,10.0,50.0,50.0,50.0,50.0,100.0,100.0,50.0,50.0,1.0,8.0,4.0,22500,270000,ICICI,bi-weekly,EMP6288,22500.0,0.0,0.0,0.0,1200.0,0.0,0.0,0.0,0.0,Harvey Dent
1.0,Full-Time,44.819625028980276,3405435343753707520,Karnataka,Bengaluru,2019-02-02,6,False,8,Active,True,Joy may Marie,Joy8 Marie8,Sales,African American,L3,31,1993-03-20,USA,Male,He/Him,"sports entertainment, cooking, blogging","pilates,yoga,craft beer",1.0,Sales Executive,Any,2019-08-03,Unknown,,,3.0,Paid Leave,27.0,50.0,50.0,100.0,100.0,50.0,10.0,10.0,50.0,50.0,100.0,50.0,10.0,10.0,4.0,6.0,3.0,37500,450000,HSBC,monthly,EMP9079,37500.0,36000.0,9000.0,0.0,1200.0,600.0,2000.0,0.0,0.0,Jim Gordon
1.0,Full-Time,40.26966883134433,3408423092286915072,West Bengal,Kolkata,2014-11-20,10,True,15,Active,True,Sandra Bieber,Sandra Bieber,Finance & Admin,Hispanic,L5,39,1985-07-09,USA,Male,He/Him,"craft beer, chess",,0.0,Finance Manager,Any,2015-05-21,Unknown,,,0.0,Paid Leave,27.0,10.0,10.0,10.0,10.0,10.0,10.0,10.0,10.0,10.0,100.0,10.0,50.0,50.0,10.0,2.0,1.0,62500,750000,HSBC,monthly,EMP5613,62500.0,75000.0,30000.0,45000.0,1200.0,0.0,0.0,1000.0,0.0,Victor Fries
1.0,Full-Time,41.63956967342902,3408480881298375680,Karnataka,Bengaluru,2014-11-20,10,True,11,Active,True,Darren Hunter,Darren Hunter,Management,White,L4,32,1992-04-08,USA,Male,He/Him,"theatres and movies, travelling",,0.0,Operations Manager,Any,2015-05-21,Unknown,,,2.0,Paid Leave,31.0,10.0,10.0,100.0,100.0,10.0,50.0,10.0,10.0,10.0,100.0,50.0,10.0,10.0,8.0,2.0,3.0,52000,624000,HSBC,monthly,EMP1540,52000.0,49920.0,12480.0,0.0,1200.0,0.0,0.0,1000.0,3000.0,Bruce Wayne
1.0,Full-Time,33.59482063538392,3408889160998584832,Karnataka,Bengaluru,2023-08-17,1,False,1,Active,True,Aquera Test Manager,Aquera Test Manager,Sales,African American,L1,24,2000-08-13,USA,Female,She/Her,"theatres and movies, travelling",,1.0,Sales Associate,Any,2024-02-15,Unknown,,,1.0,Sick Leave,51.0,50.0,50.0,50.0,50.0,50.0,100.0,100.0,50.0,50.0,100.0,100.0,10.0,10.0,2.0,7.0,4.0,11000,132000,Standard Chartered,monthly,EMP6454,11000.0,10560.0,2640.0,0.0,1200.0,0.0,2000.0,1000.0,0.0,Jim Gordon
1.0,Full-Time,33.41374480352109,3408889289679831552,Karnataka,Bengaluru,2023-11-17,1,False,4,Active,True,AqueraTest Manager User,AqueraTest Manager User,Marketing,White,L1,27,1997-07-27,UK,Female,She/Her,"theatres and movies, travelling",,2.0,Social Media Coordinator,Any,2024-05-17,Unknown,,,1.0,Paid Leave,30.0,50.0,50.0,50.0,50.0,100.0,10.0,100.0,50.0,50.0,100.0,100.0,50.0,50.0,1.0,8.0,4.0,17000,204000,Standard Chartered,monthly,EMP2995,17000.0,16320.0,4080.0,0.0,1200.0,0.0,4000.0,2000.0,0.0,Pamela Isley
1.0,Full-Time,36.69284853714527,3408892382987420160,Karnataka,Bengaluru,2023-01-01,2,False,2,Active,True,sri ram,sri ram,Sales,White,L3,23,2001-12-09,USA,Male,He/Him,"theatres and movies, travelling",,0.0,Sales Executive,Any,2023-07-02,Unknown,,,2.0,Maternity Leave,198.0,50.0,50.0,100.0,100.0,10.0,50.0,50.0,50.0,50.0,100.0,100.0,10.0,10.0,3.0,6.0,4.0,19500,234000,ICICI,monthly,EMP8938,19500.0,18720.0,4680.0,0.0,1200.0,600.0,0.0,1000.0,0.0,Jim Gordon
1.0,Full-Time,33.189263850816594,3409666127150711296,Haryana,Gurgaon,2023-08-17,1,False,2,Active,True,Aquera Test Manager,Aquera Test Manager,UI/UX,White,L3,23,2001-01-21,UK,Male,He/Him,"chess, football",,0.0,UX Designer,Any,2024-02-15,Unknown,,,1.0,Paid Leave,32.0,100.0,100.0,50.0,50.0,10.0,50.0,100.0,50.0,100.0,100.0,100.0,100.0,100.0,1.0,4.0,8.0,18000,216000,Standard Chartered,monthly,EMP1668,18000.0,21600.0,0.0,0.0,1200.0,0.0,0.0,0.0,3000.0,Tim Drake
1.0,Full-Time,30.200305649208563,3409666228963246592,Karnataka,Bengaluru,2023-11-17,1,False,3,Active,True,AqueraTest Manager User,AqueraTest Manager User,Sales,African American,L3,26,1998-04-27,USA,Male,He/Him,"theatres and movies, travelling",,2.0,Sales Executive,Any,2024-05-17,Unknown,,,1.0,Paid Leave,27.0,50.0,50.0,50.0,50.0,100.0,10.0,100.0,50.0,50.0,100.0,100.0,10.0,10.0,3.0,6.0,4.0,20000,240000,Standard Chartered,monthly,EMP6164,20000.0,19200.0,4800.0,0.0,1200.0,0.0,4000.0,2000.0,3000.0,Jim Gordon
1.0,Full-Time,38.99916929572438,3409669371746845184,Karnataka,Bengaluru,2023-01-01,2,False,6,Active,True,sri ram,sri ram,Marketing,Asian,L1,27,1997-01-18,India,Male,He/Him,"travelling, chess, sports entertainment",,1.0,Social Media Coordinator,Any,2023-07-02,Unknown,,,2.0,Paid Leave,30.0,50.0,50.0,100.0,100.0,50.0,10.0,50.0,50.0,50.0,100.0,100.0,50.0,50.0,1.0,8.0,4.0,22500,270000,ICICI,monthly,EMP2133,22500.0,21600.0,5400.0,0.0,1200.0,0.0,2000.0,0.0,3000.0,Harleen Quinnzel
1.0,Full-Time,40.878549192648414,3409706891188634624,Karnataka,Bengaluru,2015-05-01,9,True,18,Active,True,Faith Indrakanti,Faith Indrakanti,Marketing,White,L5,41,1983-10-02,UK,Male,He/Him,"travelling, chess, sports entertainment",,0.0,Marketing Manager,Any,2015-10-30,Unknown,,,0.0,Sick Leave,44.0,50.0,10.0,10.0,10.0,10.0,100.0,10.0,10.0,50.0,100.0,10.0,50.0,50.0,7.0,4.0,2.0,67000,804000,HSBC,monthly,EMP3348,67000.0,80400.0,32160.0,48240.0,1200.0,600.0,0.0,1000.0,0.0,Pamela Isley
1.0,Full-Time,41.27830219335975,3412487155765740032,Karnataka,Bengaluru,2015-01-28,10,True,19,Active,True,Lara Bateson,Lara Bateson,Finance & Admin,White,L6,43,1981-12-20,USA,Male,He/Him,"coffee, fitness, cooking",,0.0,Senior Finance Manager,Any,2015-07-29,Unknown,,,3.0,Maternity Leave,195.0,10.0,10.0,100.0,100.0,10.0,50.0,10.0,10.0,10.0,100.0,10.0,50.0,50.0,7.0,3.0,3.0,73000,876000,HSBC,monthly,EMP7729,73000.0,87600.0,35040.0,52560.0,1200.0,600.0,0.0,0.0,0.0,Oswald Cobblepot
1.0,Full-Time,45.57197390127054,3412489266029134336,Karnataka,Bengaluru,2014-11-20,10,True,19,Active,True,Matthew White,Matthew White,Marketing,White,L6,43,1981-06-10,USA,Male,He/Him,"theatres and movies, travelling",,0.0,Senior Marketing Manager,Any,2015-05-21,Unknown,,,0.0,Paid Leave,29.0,50.0,10.0,10.0,10.0,10.0,10.0,10.0,10.0,50.0,100.0,10.0,50.0,50.0,8.0,4.0,1.0,73000,876000,HSBC,monthly,EMP7866,73000.0,87600.0,35040.0,52560.0,1200.0,600.0,0.0,0.0,0.0,Harleen Quinnzel
1.0,Full-Time,46.63575700194887,3412500417735557632,Karnataka,Bengaluru,2015-05-01,9,True,12,Active,True,Audrey Tullin,Audrey Tullin,Marketing,White,L3,33,1991-04-05,USA,Female,She/Her,"coffee, fitness, cooking",,1.0,Marketing Analyst,Any,2015-10-30,Unknown,,,1.0,Sick Leave,43.0,50.0,50.0,50.0,50.0,50.0,100.0,10.0,10.0,50.0,100.0,10.0,50.0,50.0,3.0,8.0,2.0,50000,600000,HSBC,monthly,EMP7782,50000.0,48000.0,12000.0,0.0,1200.0,0.0,2000.0,1000.0,0.0,Harleen Quinnzel
1.0,Full-Time,46.380586229638496,3412504217137447424,Karnataka,Bengaluru,2014-02-02,11,True,16,Active,True,Hanu Lavery,Hanu Lavery,Finance & Admin,African American,L5,40,1984-08-03,USA,Female,She/Her,"travelling, chess, sports entertainment",,2.0,Finance Manager,Any,2014-08-03,Unknown,,,0.0,Paid Leave,35.0,10.0,10.0,10.0,10.0,100.0,50.0,10.0,10.0,10.0,100.0,10.0,50.0,50.0,8.0,3.0,2.0,66000,792000,HSBC,monthly,EMP2460,66000.0,79200.0,31680.0,47520.0,1200.0,0.0,4000.0,1000.0,3000.0,Victor Fries
1.0,Full-Time,43.538506835406366,3412513182411915776,Karnataka,Bengaluru,2015-05-01,9,True,17,Active,True,Alan Finley,Alan Finley,Customer Service,White,L5,39,1985-05-07,UK,Male,He/Him,"coffee, fitness, cooking",,0.0,Team Lead,Any,2015-10-30,Unknown,,,2.0,Paid Leave,36.0,50.0,10.0,100.0,100.0,10.0,50.0,10.0,10.0,50.0,100.0,10.0,10.0,10.0,7.0,3.0,3.0,65000,780000,HSBC,monthly,EMP3121,65000.0,78000.0,31200.0,46800.0,1200.0,0.0,0.0,1000.0,0.0,Selina Kyle
1.0,Full-Time,47.76157286134854,3412521151614681600,Karnataka,Bengaluru,2013-11-01,11,True,19,Active,True,Matthew Reed,Matthew Reed,Sales,White,L5,42,1982-03-08,USA,Male,He/Him,"fitness, coffee, football",,0.0,Regional Sales Manager,Any,2014-05-02,Unknown,,,0.0,Paid Leave,27.0,50.0,10.0,10.0,10.0,10.0,10.0,10.0,10.0,50.0,100.0,10.0,10.0,10.0,10.0,2.0,1.0,72000,864000,HSBC,monthly,EMP4354,72000.0,86400.0,34560.0,51840.0,1200.0,0.0,0.0,0.0,3000.0,Renee Montoya
1.0,Full-Time,42.82345808967674,3412525943237902848,Karnataka,Bengaluru,2014-03-12,11,True,20,Active,True,Darren Laurence,Darren Laurence,Machine Learning,White,L6,42,1982-01-31,UK,Female,She/Her,"coffee, fitness, cooking",,0.0,Principal Data Scientist,Any,2014-09-10,Unknown,,,2.0,Paid Leave,29.0,50.0,10.0,100.0,100.0,10.0,10.0,10.0,10.0,50.0,100.0,10.0,10.0,10.0,8.0,2.0,3.0,76500,918000,HSBC,monthly,EMP6469,76500.0,91800.0,36720.0,55080.0,1200.0,600.0,0.0,2000.0,0.0,Stephanie Brown
1.0,Full-Time,34.96044096049379,3412530719778406912,Haryana,Gurgaon,2024-01-19,1,False,7,Active,True,Audrey Blackburn,Audrey Blackburn,Sales,White,L2,30,1994-10-04,Canada,Female,She/Her,"craft beer, blogging",,0.0,Sales Representative,Any,2024-07-19,Unknown,,,1.0,Paid Leave,29.0,50.0,10.0,50.0,50.0,10.0,10.0,100.0,50.0,50.0,100.0,50.0,10.0,10.0,5.0,6.0,2.0,25500,306000,Standard Chartered,monthly,EMP4944,25500.0,24480.0,6120.0,0.0,1200.0,0.0,0.0,0.0,0.0,Jim Gordon
1.0,Full-Time,35.76251746317449,3412538953255879168,Haryana,Gurgaon,2023-08-01,1,False,1,Active,True,Hanu White,Hanu White,UI/UX,White,L3,24,2000-08-01,UK,Female,She/Her,"travelling, chess, sports entertainment",,0.0,UX Designer,Any,2024-01-30,Unknown,,,1.0,Paid Leave,36.0,100.0,100.0,50.0,50.0,10.0,50.0,100.0,50.0,100.0,100.0,100.0,100.0,100.0,1.0,4.0,8.0,16000,192000,Standard Chartered,monthly,EMP309,16000.0,19200.0,0.0,0.0,1200.0,0.0,0.0,1000.0,0.0,Tim Drake
1.0,Full-Time,36.7839354958799,3412546110441390592,Karnataka,Bengaluru,2015-02-16,10,True,17,Active,True,Hanu Indrakanti,Hanu Indrakanti,Finance & Admin,White,L4,41,1983-08-04,UK,Female,She/Her,"sports entertainment, cooking, blogging",,2.0,Account Manager,Any,2015-08-17,Unknown,,,3.0,Sick Leave,48.0,10.0,10.0,100.0,100.0,100.0,100.0,10.0,10.0,10.0,100.0,10.0,50.0,50.0,6.0,2.0,5.0,64000,768000,HSBC,monthly,EMP3158,64000.0,76800.0,0.0,0.0,1200.0,0.0,4000.0,1000.0,0.0,Oswald Cobblepot
1.0,Full-Time,47.330394332213004,3412555766190572032,Karnataka,Bengaluru,2015-02-20,10,True,15,Active,True,Laura Francis,Laura Francis,Finance & Admin,White,L5,37,1987-07-30,Canada,Female,She/Her,"coffee, fitness, cooking",,2.0,Finance Manager,Any,2015-08-21,Unknown,,,2.0,Sick Leave,42.0,10.0,10.0,100.0,100.0,100.0,50.0,10.0,10.0,10.0,100.0,10.0,50.0,50.0,6.0,3.0,4.0,62500,750000,HSBC,monthly,EMP2714,62500.0,75000.0,30000.0,45000.0,1200.0,0.0,4000.0,1000.0,0.0,Oswald Cobblepot
1.0,Full-Time,40.47253987871604,3412589235033605120,West Bengal,Kolkata,2014-02-02,11,True,12,Active,True,Hanu Indrakanti,Hanu Indrakanti,Management,White,L3,35,1989-05-31,USA,Male,He/Him,"fitness, coffee, football",,0.0,Assistant Manager,Any,2014-08-03,Unknown,,,0.0,Paid Leave,34.0,10.0,10.0,10.0,10.0,10.0,50.0,10.0,10.0,10.0,100.0,10.0,10.0,10.0,11.0,1.0,1.0,53000,636000,HSBC,monthly,EMP7015,53000.0,50880.0,12720.0,0.0,1200.0,600.0,0.0,0.0,0.0,Bruce Wayne
1.0,Full-Time,31.257700294987853,3412590024401617920,Karnataka,Bengaluru,2024-01-19,1,False,5,Active,True,Ralph Francis,Ralph Francis,Marketing,White,L2,26,1998-08-13,Canada,Male,He/Him,"coffee, fitness, cooking",,1.0,Marketing Associate,Any,2024-07-19,Unknown,,,1.0,Sick Leave,48.0,50.0,10.0,50.0,50.0,50.0,100.0,100.0,50.0,50.0,100.0,100.0,50.0,50.0,1.0,8.0,4.0,21500,258000,Standard Chartered,monthly,EMP2797,21500.0,20640.0,5160.0,0.0,1200.0,600.0,2000.0,1000.0,0.0,Pamela Isley
1.0,Full-Time,39.81007911361752,3412602918111544320,Haryana,Gurgaon,2015-02-05,10,True,19,Active,True,Matthew Clark,Matthew Clark,Sales,White,L4,41,1983-06-26,USA,Male,He/Him,"chess, football",,1.0,Sales Manager,Any,2015-08-06,Unknown,,,0.0,Paid Leave,28.0,50.0,10.0,10.0,10.0,50.0,10.0,10.0,10.0,50.0,100.0,10.0,10.0,10.0,9.0,3.0,1.0,68000,816000,HSBC,monthly,EMP4047,68000.0,65280.0,16320.0,0.0,1200.0,0.0,2000.0,0.0,0.0,Arnold Flass
1.0,Full-Time,32.78260814581614,3412702225078682624,Haryana,Gurgaon,2023-08-17,1,False,3,Active,True,Aquera Test Manager,Aquera Test Manager,Sales,Hispanic,L3,25,1999-09-25,Mexico,Female,She/Her,"sports entertainment, cooking, blogging",,2.0,Sales Executive,Any,2024-02-15,Unknown,,,1.0,Paid Leave,28.0,50.0,50.0,50.0,50.0,100.0,10.0,100.0,50.0,50.0,100.0,100.0,10.0,10.0,3.0,6.0,4.0,20000,240000,Standard Chartered,monthly,EMP8158,20000.0,19200.0,4800.0,0.0,1200.0,0.0,4000.0,0.0,3000.0,Arnold Flass
1.0,Full-Time,35.07553954923023,3412702306280408064,Karnataka,Bengaluru,2023-11-17,1,False,2,Active,True,AqueraTest Manager User,AqueraTest Manager User,Platform,Asian,L1,26,1998-12-04,India,Non-Binary,They/Them,"fitness, coffee, football",,0.0,Junior Backend Developer,Any,2024-05-17,Unknown,,,1.0,Paid Leave,31.0,100.0,100.0,50.0,50.0,10.0,50.0,100.0,50.0,100.0,100.0,100.0,100.0,100.0,1.0,4.0,8.0,13000,156000,Standard Chartered,monthly,EMP3696,13000.0,15600.0,0.0,0.0,1200.0,0.0,0.0,0.0,0.0,Roy Harper
1.0,Full-Time,38.38840627392418,3412704826939671552,Karnataka,Bengaluru,2015-02-20,10,True,13,Active,True,aTestUser atestsurname,aTestUser atestsurname,Finance & Admin,White,L5,36,1988-11-30,UK,Male,He/Him,"football, blogging",,0.0,Finance Manager,Any,2015-08-21,Unknown,,,0.0,Paid Leave,35.0,10.0,10.0,10.0,10.0,10.0,50.0,10.0,10.0,10.0,100.0,10.0,50.0,50.0,9.0,3.0,1.0,58500,702000,HSBC,monthly,EMP5266,58500.0,70200.0,28080.0,42120.0,1200.0,0.0,0.0,0.0,3000.0,Victor Fries
1.0,Full-Time,44.37955844892293,3412705566974280704,Karnataka,Bengaluru,2023-01-01,2,True,10,Active,True,sri ram,sri ram,Management,White,L5,32,1992-12-25,USA,Male,He/Him,"coffee, fitness, cooking",,0.0,Product Manager,Any,2023-07-02,Unknown,,,2.0,Sick Leave,43.0,10.0,10.0,100.0,100.0,10.0,100.0,50.0,10.0,10.0,100.0,50.0,10.0,10.0,7.0,2.0,4.0,40500,486000,ICICI,monthly,EMP7241,40500.0,48600.0,19440.0,29160.0,1200.0,0.0,0.0,0.0,3000.0,Bruce Wayne
1.0,Full-Time,44.98761518876511,3413198182752977408,Karnataka,Bengaluru,2015-02-10,10,True,10,Active,True,aTestUser atestsurname,aTestUser atestsurname,Finance & Admin,White,L4,34,1990-12-06,USA,Male,He/Him,"theatres and movies, travelling",,1.0,Account Manager,Any,2015-08-11,Unknown,,,1.0,Paid Leave,28.0,10.0,10.0,50.0,50.0,50.0,10.0,10.0,10.0,10.0,100.0,10.0,50.0,50.0,7.0,5.0,1.0,50000,600000,HSBC,monthly,EMP5207,50000.0,60000.0,0.0,0.0,1200.0,0.0,2000.0,0.0,3000.0,Oswald Cobblepot
1.0,Full-Time,41.49433269557149,3413331540933869568,West Bengal,Kolkata,2019-02-20,6,False,10,Active,True,aTestweUser atestsurname,aTestweUser atestsurname,UI/UX,White,L1,32,1992-09-05,Canada,Female,She/Her,"sports entertainment, cooking, blogging",,0.0,Junior UX Designer,Any,2019-08-21,Unknown,,,0.0,Paid Leave,32.0,100.0,100.0,10.0,10.0,10.0,50.0,10.0,50.0,100.0,100.0,50.0,100.0,100.0,4.0,3.0,6.0,36500,438000,HSBC,monthly,EMP3450,36500.0,43800.0,0.0,0.0,1200.0,600.0,0.0,0.0,0.0,Jason Todd
1.0,Full-Time,37.559870829137274,3413339312501031424,Karnataka,Bengaluru,2019-02-20,6,True,10,Active,True,aTestweUser atestsurname,aTestweUser atestsurname,Marketing,White,L6,31,1993-12-12,UK,Male,He/Him,"football, blogging",,1.0,Senior Marketing Manager,Kosher,2019-08-21,Unknown,,,0.0,Sick Leave,45.0,50.0,10.0,10.0,10.0,50.0,100.0,10.0,10.0,50.0,100.0,50.0,50.0,50.0,5.0,6.0,2.0,49000,588000,HSBC,monthly,EMP713,49000.0,58800.0,23520.0,35280.0,1200.0,600.0,2000.0,0.0,0.0,Pamela Isley
1.0,Full-Time,40.54343298683878,3414086533345444352,Karnataka,Bengaluru,2015-03-10,10,True,17,Active,True,Niall Bieber,Niall Bieber,Sales,White,L4,38,1986-05-15,UK,Male,He/Him,"football, blogging",,2.0,Sales Manager,Any,2015-09-08,Unknown,,,0.0,Maternity Leave,180.0,50.0,10.0,10.0,10.0,100.0,50.0,10.0,10.0,50.0,100.0,10.0,10.0,10.0,8.0,3.0,2.0,64000,768000,HSBC,monthly,EMP5881,64000.0,61440.0,15360.0,0.0,1200.0,600.0,4000.0,1000.0,0.0,Renee Montoya
1.0,Full-Time,34.72929432784911,3414125900663358464,Karnataka,Bengaluru,2024-02-19,1,False,7,Active,True,Hanul Eric Indrakantil,Hanul Eric Indrakantil,IT,White,L2,29,1995-03-16,UK,Female,She/Her,"sports entertainment, cooking, blogging",,0.0,System Administrator,Any,2024-08-19,Unknown,,,1.0,Sick Leave,42.0,50.0,50.0,50.0,50.0,10.0,50.0,100.0,50.0,50.0,100.0,100.0,50.0,50.0,1.0,9.0,3.0,25500,306000,Standard Chartered,monthly,EMP1691,25500.0,30600.0,0.0,0.0,1200.0,600.0,0.0,0.0,0.0,Guy Gardner
1.0,Full-Time,41.168358340437585,3422717280704790528,Karnataka,Bengaluru,2015-03-02,10,True,10,Active,True,Toby Dale,Toby Dale,Platform,White,L3,34,1990-12-20,USA,Female,She/Her,"sports entertainment, football",,2.0,Backend Developer,Any,2015-08-31,Unknown,,,0.0,Maternity Leave,198.0,100.0,50.0,10.0,10.0,100.0,50.0,10.0,10.0,100.0,100.0,10.0,100.0,100.0,5.0,2.0,6.0,47500,570000,HSBC,monthly,EMP4566,47500.0,57000.0,0.0,0.0,1200.0,0.0,4000.0,1000.0,3000.0,Roy Harper
1.0,Full-Time,39.33457659745712,3422751943104135168,Karnataka,Bengaluru,2015-03-14,10,True,19,Active,True,Zoe Francis,Zoe Francis,UI/UX,White,L5,43,1981-05-09,UK,Male,He/Him,"sports entertainment, football",,2.0,UI/UX Manager,Any,2015-09-12,Unknown,,,0.0,Paid Leave,28.0,100.0,50.0,10.0,10.0,100.0,10.0,10.0,10.0,100.0,100.0,10.0,100.0,100.0,6.0,1.0,6.0,70500,846000,HSBC,monthly,EMP9402,70500.0,84600.0,33840.0,50760.0,1200.0,0.0,4000.0,0.0,3000.0,Barabara Gordon
1.0,Full-Time,33.628311368438474,3424296835013935616,Karnataka,Bengaluru,2024-01-19,1,True,10,Active,True,zdad sAD,zdad sAD,Platform,American Indian,L6,34,1990-11-05,USA,Female,She/Her,"theatres and movies, travelling",,0.0,Platform Director,Any,2024-07-19,Unknown,,,1.0,Paid Leave,28.0,100.0,10.0,50.0,50.0,10.0,10.0,100.0,10.0,100.0,100.0,10.0,100.0,100.0,5.0,2.0,6.0,41500,498000,Standard Chartered,monthly,EMP6392,41500.0,49800.0,19920.0,29880.0,1200.0,0.0,0.0,1000.0,3000.0,Roy Harper
1.0,Full-Time,31.826671780659463,3425001345210384896,Haryana,Gurgaon,2024-01-19,1,False,6,Active,True,priya test,priya test,UI/UX,White,L3,30,1994-02-18,Canada,Male,He/Him,"coffee, fitness, cooking",,0.0,UX Designer,Any,2024-07-19,Unknown,,,1.0,Sick Leave,44.0,100.0,100.0,50.0,50.0,10.0,100.0,100.0,50.0,100.0,100.0,50.0,100.0,100.0,1.0,4.0,8.0,26000,312000,Standard Chartered,monthly,EMP8149,26000.0,31200.0,0.0,0.0,1200.0,600.0,0.0,0.0,0.0,Barabara Gordon
1.0,Full-Time,35.188787208551844,3425002300471509504,Karnataka,Bengaluru,2024-01-19,1,False,3,Active,True,priya test,priya test,Machine Learning,White,L1,25,1999-05-01,UK,Female,She/Her,"travelling, chess, sports entertainment",,1.0,ML Intern,Any,2024-07-19,Unknown,,,1.0,Paid Leave,28.0,50.0,50.0,50.0,50.0,50.0,10.0,100.0,50.0,50.0,100.0,100.0,10.0,10.0,3.0,7.0,3.0,15000,180000,Standard Chartered,monthly,EMP3791,15000.0,18000.0,0.0,0.0,1200.0,0.0,2000.0,0.0,0.0,Stephanie Brown
1.0,Full-Time,34.355098656334356,3425003733421916672,Karnataka,Bengaluru,2024-01-19,1,False,5,Active,True,test user,test user,Platform,Hispanic,L3,27,1997-09-24,Mexico,Male,He/Him,"theatres and movies, travelling",,1.0,Backend Developer,Any,2024-07-19,Unknown,,,1.0,Sick Leave,45.0,100.0,50.0,50.0,50.0,50.0,100.0,100.0,50.0,100.0,100.0,100.0,100.0,100.0,0.0,5.0,8.0,24000,288000,Standard Chartered,monthly,EMP5780,24000.0,28800.0,0.0,0.0,1200.0,600.0,2000.0,0.0,0.0,Damian Wayne
1.0,Full-Time,33.47919340954391,3425035562812178944,Karnataka,Bengaluru,2024-01-19,1,True,7,Active,True,supriya middle test user,supriya middle test user,Platform,Hispanic,L6,31,1993-03-18,USA,Female,She/Her,"coffee, fitness, cooking",,0.0,Platform Director,Any,2024-07-19,Unknown,,,1.0,Sick Leave,42.0,100.0,10.0,50.0,50.0,10.0,50.0,100.0,10.0,100.0,100.0,50.0,100.0,100.0,3.0,4.0,6.0,35500,426000,Standard Chartered,monthly,EMP1574,35500.0,42600.0,17040.0,25560.0,1200.0,0.0,0.0,0.0,3000.0,Roy Harper
1.0,Full-Time,31.38424225244652,3425036072990540288,West Bengal,Kolkata,2024-01-19,1,True,10,Active,True,supriya middle test user,supriya middle test user,UI/UX,African American,L6,34,1990-12-31,USA,Male,He/Him,"football, blogging",,2.0,Senior UX Designer,Any,2024-07-19,Unknown,,,1.0,Paid Leave,29.0,100.0,10.0,50.0,50.0,100.0,10.0,100.0,10.0,100.0,100.0,10.0,100.0,100.0,4.0,2.0,7.0,41500,498000,Standard Chartered,monthly,EMP1657,41500.0,49800.0,19920.0,29880.0,1200.0,0.0,4000.0,1000.0,0.0,Jason Todd
1.0,Full-Time,34.13934013446642,3425036954801013248,Karnataka,Bengaluru,2024-01-19,1,False,5,Active,True,Test Jazz HR,Test Jazz HR,UI/UX,Hispanic,L1,28,1996-09-16,Mexico,Male,He/Him,"coffee, fitness, cooking",,1.0,Junior UX Designer,Any,2024-07-19,Unknown,,,1.0,Paid Leave,36.0,100.0,100.0,50.0,50.0,50.0,50.0,100.0,50.0,100.0,100.0,100.0,100.0,100.0,0.0,5.0,8.0,19000,228000,Standard Chartered,monthly,EMP5745,19000.0,22800.0,0.0,0.0,1200.0,600.0,2000.0,0.0,0.0,Barabara Gordon
1.0,Full-Time,35.73333370683912,3425039136594067968,West Bengal,Kolkata,2024-01-19,1,False,5,Active,True,gp user,gp user,Machine Learning,White,L2,26,1999-01-07,Canada,Female,She/Her,"theatres and movies, travelling",,0.0,Data Scientist,Any,2024-07-19,Unknown,,,1.0,Sick Leave,44.0,50.0,10.0,50.0,50.0,10.0,100.0,100.0,50.0,50.0,100.0,100.0,10.0,10.0,4.0,5.0,4.0,21500,258000,Standard Chartered,monthly,EMP1551,21500.0,25800.0,0.0,0.0,1200.0,600.0,0.0,1000.0,0.0,Stephanie Brown
1.0,Full-Time,33.921130100325094,3425568473789498368,West Bengal,Kolkata,2024-01-19,1,False,9,Active,True,kk user,kk user,Platform,White,L2,30,1994-01-19,UK,Male,He/Him,"travelling, chess, sports entertainment",,0.0,Platform Engineer,Vegetarian,2024-07-19,Unknown,,,1.0,Paid Leave,27.0,100.0,50.0,50.0,50.0,10.0,10.0,100.0,50.0,100.0,100.0,50.0,100.0,100.0,2.0,5.0,6.0,29500,354000,Standard Chartered,monthly,EMP4617,29500.0,35400.0,0.0,0.0,1200.0,600.0,0.0,0.0,0.0,Connor Hawke
1.0,Full-Time,46.83655262114204,3425592684310430720,Karnataka,Bengaluru,2018-02-02,7,True,9,Active,True,ria Brown,ria Brown,Platform,African American,L5,32,1992-05-10,USA,Male,He/Him,"sports entertainment, football",,2.0,Senior Backend Developer,Any,2018-08-03,Unknown,,,0.0,Sick Leave,49.0,100.0,10.0,10.0,10.0,100.0,100.0,10.0,10.0,100.0,100.0,50.0,100.0,100.0,5.0,1.0,7.0,46000,552000,HSBC,monthly,EMP1712,46000.0,55200.0,22080.0,33120.0,1200.0,0.0,4000.0,1000.0,3000.0,Connor Hawke
1.0,Full-Time,43.498291206841564,3425593197861012480,Karnataka,Bengaluru,2018-02-02,7,True,14,Active,True,ria Brown,ria Brown,Human Resources,African American,L4,37,1987-06-14,USA,Female,She/Her,"coffee, fitness, cooking",,1.0,HR Business Partner,Any,2018-08-03,Unknown,,,2.0,Sick Leave,46.0,10.0,10.0,100.0,100.0,50.0,100.0,10.0,10.0,10.0,100.0,10.0,10.0,10.0,8.0,1.0,4.0,53500,642000,HSBC,monthly,EMP1109,53500.0,64200.0,0.0,0.0,1200.0,0.0,2000.0,1000.0,3000.0,Joe Karr
1.0,Full-Time,42.8819296038464,3425593598970692608,Karnataka,Bengaluru,2018-02-02,7,False,11,Active,True,ria Brown,ria Brown,Platform,White,L1,32,1992-05-23,Canada,Male,He/Him,"football, blogging",,0.0,Junior Backend Developer,Any,2018-08-03,Unknown,,,0.0,Paid Leave,35.0,100.0,100.0,10.0,10.0,10.0,50.0,10.0,50.0,100.0,100.0,50.0,100.0,100.0,4.0,3.0,6.0,40000,480000,HSBC,monthly,EMP506,40000.0,48000.0,0.0,0.0,1200.0,0.0,0.0,0.0,0.0,Connor Hawke
1.0,Full-Time,32.0550441354139,3425606654605919232,Karnataka,Bengaluru,2024-01-19,1,False,3,Active,True,Test T,Test T,Customer Service,Hispanic,L1,27,1997-07-15,Mexico,Female,She/Her,"coffee, fitness, cooking",,1.0,Customer Service Associate,Any,2024-07-19,Unknown,,,1.0,Maternity Leave,180.0,50.0,50.0,50.0,50.0,50.0,50.0,100.0,50.0,50.0,100.0,100.0,10.0,10.0,2.0,8.0,3.0,15000,180000,Standard Chartered,monthly,EMP9815,15000.0,18000.0,0.0,0.0,1200.0,600.0,2000.0,1000.0,0.0,Zatanna Zatara
1.0,Full-Time,34.16025822436018,3425632429895844864,Karnataka,Bengaluru,2024-01-19,1,False,2,Active,True,Test T,Test T,Machine Learning,White,L1,24,2000-04-09,USA,Male,He/Him,"travelling, chess, sports entertainment",,2.0,ML Intern,Any,2024-07-19,Unknown,,,1.0,Paid Leave,31.0,50.0,50.0,50.0,50.0,100.0,50.0,100.0,50.0,50.0,100.0,100.0,10.0,10.0,2.0,7.0,4.0,13000,156000,Standard Chartered,monthly,EMP2331,13000.0,15600.0,0.0,0.0,1200.0,0.0,4000.0,0.0,3000.0,Cassandra Cain
1.0,Full-Time,31.635179921499514,3425653317554929664,Karnataka,Bengaluru,2024-01-19,1,False,10,Active,True,Test T,Test T,Platform,Hispanic,L2,33,1991-07-10,USA,Female,She/Her,"travelling, chess, sports entertainment",,2.0,Platform Engineer,Any,2024-07-19,Unknown,,,1.0,Paid Leave,36.0,100.0,50.0,50.0,50.0,100.0,50.0,100.0,50.0,100.0,100.0,10.0,100.0,100.0,1.0,5.0,7.0,31500,378000,Standard Chartered,monthly,EMP9727,31500.0,37800.0,0.0,0.0,1200.0,600.0,4000.0,0.0,0.0,Roy Harper
1.0,Full-Time,35.19146386434899,3425675153495818240,Karnataka,Bengaluru,2024-09-26,0,False,3,Active,True,Anna Reed,Anna Reed,Marketing,White,L2,25,1999-03-02,Canada,Male,He/Him,"coffee, fitness, cooking",,1.0,Marketing Associate,Any,2025-03-27,Unknown,,,0.0,Sick Leave,45.0,50.0,10.0,10.0,10.0,50.0,100.0,100.0,50.0,50.0,100.0,100.0,50.0,50.0,3.0,6.0,4.0,16000,192000,Standard Chartered,monthly,EMP2652,16000.0,15360.0,3840.0,0.0,1200.0,0.0,2000.0,0.0,0.0,Pamela Isley
1.0,Full-Time,44.47448701929872,3425678360687149056,Karnataka,Bengaluru,2014-11-20,10,True,18,Active,True,Niall Indrakanti,Niall Indrakanti,Machine Learning,White,L6,39,1985-04-03,USA,Male,He/Him,"football, blogging",,0.0,Principal Data Scientist,Any,2015-05-21,Unknown,,,2.0,Sick Leave,48.0,50.0,10.0,100.0,100.0,10.0,100.0,10.0,10.0,50.0,100.0,10.0,10.0,10.0,7.0,2.0,4.0,71000,852000,HSBC,monthly,EMP4797,71000.0,85200.0,34080.0,51120.0,1200.0,0.0,0.0,1000.0,3000.0,Stephanie Brown
1.0,Full-Time,30.06697775683659,3425686785584267264,Karnataka,Bengaluru,2024-08-01,0,False,3,Active,True,people user test,people user test,Customer Service,African American,L1,25,1999-10-27,USA,Female,She/Her,"travelling, chess, sports entertainment",,0.0,Customer Service Associate,Any,2025-01-30,Unknown,,,0.0,Sick Leave,48.0,50.0,50.0,10.0,10.0,10.0,100.0,100.0,50.0,50.0,100.0,100.0,10.0,10.0,5.0,4.0,4.0,13500,162000,Standard Chartered,monthly,EMP9497,13500.0,16200.0,0.0,0.0,1200.0,0.0,0.0,0.0,3000.0,Zatanna Zatara
1.0,Full-Time,43.74921056902181,3425692077613122048,Haryana,Gurgaon,2016-01-01,9,True,16,Active,True,ertyu werty,ertyu werty,UI/UX,White,L5,38,1987-01-07,USA,Male,He/Him,"fitness, coffee, football",,0.0,UI/UX Manager,Any,2016-07-01,Unknown,,,0.0,Sick Leave,42.0,100.0,50.0,10.0,10.0,10.0,50.0,10.0,10.0,100.0,100.0,10.0,100.0,100.0,6.0,2.0,5.0,63000,756000,HSBC,monthly,EMP3936,63000.0,75600.0,30240.0,45360.0,1200.0,0.0,0.0,0.0,3000.0,Richard Grayson
1.0,Full-Time,30.685423681863334,3425797786220626432,Karnataka,Bengaluru,2024-01-19,1,False,5,Active,True,hibob QA test,hibob QA test,UI/UX,African American,L3,28,1996-09-13,USA,Male,He/Him,"coffee, fitness, cooking",,1.0,UX Designer,Any,2024-07-19,Unknown,,,1.0,Paid Leave,35.0,100.0,100.0,50.0,50.0,50.0,50.0,100.0,50.0,100.0,100.0,100.0,100.0,100.0,0.0,5.0,8.0,24000,288000,Standard Chartered,monthly,EMP9264,24000.0,28800.0,0.0,0.0,1200.0,0.0,2000.0,1000.0,0.0,Richard Grayson
1.0,Full-Time,35.44550216061819,3425800853548696064,West Bengal,Kolkata,2024-01-19,1,False,1,Active,True,kk user,kk user,Finance & Admin,Hispanic,L1,24,2000-11-06,Mexico,Male,He/Him,"sports entertainment, cooking, blogging",,1.0,Accounts Associate,Any,2024-07-19,Unknown,,,1.0,Sick Leave,48.0,10.0,50.0,50.0,50.0,50.0,100.0,100.0,50.0,10.0,100.0,100.0,50.0,50.0,2.0,7.0,4.0,11000,132000,Standard Chartered,monthly,EMP6990,11000.0,13200.0,0.0,0.0,1200.0,0.0,2000.0,0.0,0.0,Victor Fries
1.0,Full-Time,33.49592215865165,3427783343100396544,Karnataka,Bengaluru,2024-08-05,0,False,8,Active,True,test aquera,test aquera,Sales,White,L1,30,1994-11-20,USA,Female,She/Her,"football, blogging",,1.0,Sales Associate,Any,2025-02-03,Unknown,,,0.0,Paid Leave,36.0,50.0,50.0,10.0,10.0,50.0,50.0,100.0,50.0,50.0,100.0,50.0,10.0,10.0,4.0,7.0,2.0,23500,282000,Standard Chartered,monthly,EMP5666,23500.0,22560.0,5640.0,0.0,1200.0,0.0,2000.0,0.0,0.0,Jim Gordon
1.0,Full-Time,32.1039174314326,3427785112677254144,West Bengal,Kolkata,2024-08-05,0,False,6,Active,True,test aquera,test aquera,Marketing,White,L1,28,1996-08-03,USA,Female,She/Her,"theatres and movies, travelling",,0.0,Social Media Coordinator,Vegan,2025-02-03,Unknown,,,0.0,Paid Leave,35.0,50.0,50.0,10.0,10.0,10.0,50.0,100.0,50.0,50.0,100.0,100.0,50.0,50.0,3.0,7.0,3.0,19500,234000,Standard Chartered,monthly,EMP1986,19500.0,18720.0,4680.0,0.0,1200.0,0.0,0.0,0.0,3000.0,Harleen Quinnzel
1.0,Full-Time,34.152088646254654,3427785898043900928,Karnataka,Bengaluru,2024-08-05,0,False,5,Active,True,test aquera,test aquera,UI/UX,White,L3,29,1995-09-03,UK,Female,She/Her,"football, blogging",,0.0,UX Designer,Kosher,2025-02-03,Unknown,,,0.0,Paid Leave,36.0,100.0,100.0,10.0,10.0,10.0,50.0,100.0,50.0,100.0,100.0,100.0,100.0,100.0,3.0,2.0,8.0,22500,270000,Standard Chartered,monthly,EMP3635,22500.0,27000.0,0.0,0.0,1200.0,0.0,0.0,1000.0,0.0,Barabara Gordon
0.5,Part-Time,20.0,3427787693524780032,Karnataka,Bengaluru,2024-08-05,0,False,1,Active,True,test aquera,test aquera,Machine Learning,Hispanic,L3,22,2002-12-14,Mexico,Male,He/Him,"football, blogging",,2.0,Data Analyst,Any,2025-02-03,Unknown,,,0.0,Paid Leave,36.0,50.0,50.0,10.0,10.0,100.0,50.0,100.0,50.0,50.0,100.0,100.0,10.0,10.0,4.0,5.0,4.0,14500,174000,Standard Chartered,bi-weekly,EMP8043,14500.0,0.0,0.0,0.0,1200.0,0.0,0.0,0.0,0.0,Stephanie Brown
1.0,Full-Time,33.50788269733312,3427829552913580032,Karnataka,Bengaluru,2024-08-05,0,False,7,Active,True,test aquera,test aquera,UI/UX,White,L1,31,1993-02-28,UK,Female,She/Her,"sports entertainment, cooking, blogging",,2.0,Junior UX Designer,Any,2025-02-03,Unknown,,,0.0,Paid Leave,29.0,100.0,100.0,10.0,10.0,100.0,10.0,100.0,50.0,100.0,100.0,50.0,100.0,100.0,3.0,2.0,8.0,21500,258000,Standard Chartered,monthly,EMP7309,21500.0,25800.0,0.0,0.0,1200.0,600.0,4000.0,0.0,0.0,Jason Todd
1.0,Full-Time,32.97138249326237,3427830836529987584,West Bengal,Kolkata,2024-08-05,0,False,0,Active,True,test aquera,test aquera,Sales,Hispanic,L3,24,2000-10-10,USA,Female,She/Her,"travelling, chess, sports entertainment",,0.0,Sales Executive,Any,2025-02-03,Unknown,,,0.0,Paid Leave,34.0,50.0,50.0,10.0,10.0,10.0,50.0,100.0,50.0,50.0,100.0,100.0,10.0,10.0,5.0,5.0,3.0,12500,150000,Standard Chartered,monthly,EMP3999,12500.0,12000.0,3000.0,0.0,1200.0,0.0,0.0,0.0,0.0,Renee Montoya
1.0,Full-Time,31.293910121043325,3427856324946296832,West Bengal,Kolkata,2024-08-05,0,False,0,Active,True,test aquera,test aquera,Platform,White,L3,24,2000-04-17,Canada,Male,He/Him,"craft beer, chess",,0.0,Backend Developer,Any,2025-02-03,Unknown,,,0.0,Paid Leave,35.0,100.0,50.0,10.0,10.0,10.0,50.0,100.0,50.0,100.0,100.0,100.0,100.0,100.0,3.0,3.0,7.0,12500,150000,Standard Chartered,monthly,EMP5653,12500.0,15000.0,0.0,0.0,1200.0,600.0,0.0,1000.0,0.0,Duke Thomas
1.0,Full-Time,31.427977172041054,3427856486779322368,Karnataka,Bengaluru,2024-08-05,0,False,8,Active,True,test aquera,test aquera,UI/UX,African American,L1,29,1995-01-12,USA,Female,She/Her,"coffee, fitness, cooking",,0.0,Junior UX Designer,Vegan,2025-02-03,Unknown,,,0.0,Paid Leave,28.0,100.0,100.0,10.0,10.0,10.0,10.0,100.0,50.0,100.0,100.0,100.0,100.0,100.0,4.0,1.0,8.0,23500,282000,Standard Chartered,monthly,EMP5604,23500.0,28200.0,0.0,0.0,1200.0,0.0,0.0,2000.0,0.0,Jason Todd
1.0,Full-Time,34.5855925938413,3427861623560208896,Haryana,Gurgaon,2024-01-19,1,False,2,Active,True,prod tt test,prod tt test,UI/UX,White,L3,24,2000-04-07,USA,Female,She/Her,"theatres and movies, travelling",,0.0,UX Designer,Any,2024-07-19,Unknown,,,1.0,Paid Leave,30.0,100.0,100.0,50.0,50.0,10.0,10.0,100.0,50.0,100.0,100.0,100.0,100.0,100.0,2.0,3.0,8.0,18000,216000,Standard Chartered,monthly,EMP815,18000.0,21600.0,0.0,0.0,1200.0,0.0,0.0,0.0,3000.0,Barabara Gordon
1.0,Full-Time,44.12827688305298,3427913325411828224,Karnataka,Bengaluru,2015-02-20,10,True,10,Active,True,Pamala Gibbons,Pamala Gibbons,Human Resources,White,L6,32,1992-09-08,Canada,Female,She/Her,"craft beer, chess",,2.0,HR Director,Vegetarian,2015-08-21,Unknown,,,0.0,Paid Leave,33.0,10.0,10.0,10.0,10.0,100.0,50.0,10.0,10.0,10.0,100.0,50.0,10.0,10.0,9.0,2.0,2.0,55000,660000,HSBC,monthly,EMP8518,55000.0,66000.0,26400.0,39600.0,1200.0,0.0,4000.0,0.0,0.0,Joe Karr
1.0,Full-Time,40.019185718314,3428598805623211008,Karnataka,Bengaluru,2014-11-20,10,True,11,Active,True,Patrick Kirby,Patrick Kirby,IT,White,L5,33,1991-07-04,UK,Male,He/Him,"sports entertainment, football",,0.0,IT Manager,Any,2015-05-21,Unknown,,,0.0,Paid Leave,35.0,50.0,10.0,10.0,10.0,10.0,50.0,10.0,10.0,50.0,100.0,10.0,50.0,50.0,7.0,5.0,1.0,54500,654000,HSBC,monthly,EMP1640,54500.0,65400.0,26160.0,39240.0,1200.0,0.0,0.0,1000.0,3000.0,Hal Jordan
1.0,Full-Time,37.33606579966873,3429924030507909632,Karnataka,Bengaluru,2015-05-01,9,True,12,Active,True,Laura Bieber,Laura Bieber,IT,White,L6,34,1990-09-09,USA,Female,She/Her,"travelling, chess, sports entertainment",,2.0,Senior IT Manager,Any,2015-10-30,Unknown,,,0.0,Paid Leave,28.0,50.0,10.0,10.0,10.0,100.0,10.0,10.0,10.0,50.0,100.0,10.0,50.0,50.0,7.0,4.0,2.0,57500,690000,HSBC,monthly,EMP1861,57500.0,69000.0,27600.0,41400.0,1200.0,600.0,4000.0,0.0,0.0,Guy Gardner
1.0,Full-Time,40.39274065726749,3429928477376119296,Haryana,Gurgaon,2013-11-01,11,True,16,Active,True,Darren Lavery,Darren Lavery,Machine Learning,African American,L6,39,1985-06-06,USA,Female,She/Her,"coffee, fitness, cooking",,1.0,Principal Data Scientist,Any,2014-05-02,Unknown,,,3.0,Paid Leave,32.0,50.0,10.0,100.0,100.0,50.0,50.0,10.0,10.0,50.0,100.0,10.0,10.0,10.0,6.0,4.0,3.0,68500,822000,HSBC,monthly,EMP8516,68500.0,82200.0,32880.0,49320.0,1200.0,600.0,2000.0,1000.0,0.0,Cassandra Cain
1.0,Full-Time,33.56554542186931,3429932459003740672,Karnataka,Bengaluru,2023-08-01,1,False,3,Active,True,Mason Clark,Mason Clark,UI/UX,White,L1,27,1997-03-16,UK,Male,He/Him,"football, blogging",,1.0,Junior UX Designer,Any,2024-01-30,Unknown,,,1.0,Sick Leave,47.0,100.0,100.0,50.0,50.0,50.0,100.0,100.0,50.0,100.0,100.0,100.0,100.0,100.0,0.0,4.0,9.0,15000,180000,Standard Chartered,monthly,EMP5021,15000.0,18000.0,0.0,0.0,1200.0,600.0,2000.0,0.0,0.0,Tim Drake
1.0,Full-Time,31.464649133010408,3430006591624053760,Karnataka,Bengaluru,2024-01-19,1,False,1,Active,True,Niall Bieber,Niall Bieber,UI/UX,White,L2,24,2000-08-30,Canada,Female,She/Her,"football, blogging",,1.0,Frontend Developer,Any,2024-07-19,Unknown,,,1.0,Paid Leave,33.0,100.0,50.0,50.0,50.0,50.0,50.0,100.0,50.0,100.0,100.0,100.0,100.0,100.0,0.0,6.0,7.0,13500,162000,Standard Chartered,monthly,EMP5530,13500.0,16200.0,0.0,0.0,1200.0,0.0,2000.0,0.0,0.0,Barabara Gordon
1.0,Full-Time,33.04688159219488,3430011028543374336,Karnataka,Bengaluru,2024-01-19,1,False,1,Active,True,Anna Logen,Anna Logen,Platform,White,L3,25,1999-07-31,Canada,Female,She/Her,"coffee, fitness, cooking",,2.0,Backend Developer,Any,2024-07-19,Unknown,,,1.0,Paid Leave,31.0,100.0,50.0,50.0,50.0,100.0,50.0,100.0,50.0,100.0,100.0,100.0,100.0,100.0,0.0,5.0,8.0,16000,192000,Standard Chartered,monthly,EMP7161,16000.0,19200.0,0.0,0.0,1200.0,0.0,4000.0,0.0,3000.0,Duke Thomas
1.0,Full-Time,35.29425558186275,3430111519696748544,Karnataka,Bengaluru,2024-01-01,1,False,8,Active,True,Phillip Chase,Phillip Chase,Platform,White,L1,32,1992-11-05,UK,Male,He/Him,"theatres and movies, travelling",,0.0,Junior Backend Developer,Any,2024-07-01,Unknown,,,1.0,Sick Leave,47.0,100.0,100.0,50.0,50.0,10.0,100.0,100.0,50.0,100.0,100.0,50.0,100.0,100.0,1.0,4.0,8.0,25000,300000,Standard Chartered,monthly,EMP6341,25000.0,30000.0,0.0,0.0,1200.0,600.0,0.0,0.0,0.0,Connor Hawke
1.0,Full-Time,42.309752822656876,3430645778580767232,West Bengal,Kolkata,2015-02-16,10,True,12,Active,True,Sandra Clark,Sandra Clark,Customer Service,White,L5,34,1990-06-02,UK,Male,He/Him,"fitness, coffee, football",,2.0,Team Lead,Any,2015-08-17,Unknown,,,2.0,Paid Leave,27.0,50.0,10.0,100.0,100.0,100.0,10.0,10.0,10.0,50.0,100.0,10.0,10.0,10.0,7.0,2.0,4.0,56500,678000,HSBC,monthly,EMP318,56500.0,67800.0,27120.0,40680.0,1200.0,0.0,4000.0,1000.0,0.0,Selina Kyle
1.0,Full-Time,44.188723634853325,3430646716670411264,Haryana,Gurgaon,2014-02-12,11,True,16,Active,True,Niall Tullin,Niall Tullin,Platform,Hispanic,L3,39,1985-07-30,Mexico,Male,He/Him,"sports entertainment, cooking, blogging",,2.0,Backend Developer,Any,2014-08-13,Unknown,,,3.0,Paid Leave,29.0,100.0,50.0,100.0,100.0,100.0,10.0,10.0,10.0,100.0,100.0,10.0,100.0,100.0,4.0,1.0,8.0,61000,732000,HSBC,monthly,EMP4050,61000.0,73200.0,0.0,0.0,1200.0,0.0,4000.0,0.0,3000.0,Roy Harper
1.0,Full-Time,46.9137076595592,3430651156156645888,West Bengal,Kolkata,2014-12-01,10,True,11,Active,True,Morgan Indrakanti,Morgan Indrakanti,IT,Hispanic,L3,35,1989-11-27,Mexico,Male,He/Him,"craft beer, chess",,0.0,Network Engineer,Any,2015-06-01,Unknown,,,3.0,Paid Leave,34.0,50.0,50.0,100.0,100.0,10.0,50.0,10.0,10.0,50.0,100.0,10.0,50.0,50.0,4.0,6.0,3.0,49500,594000,HSBC,monthly,EMP4801,49500.0,59400.0,0.0,0.0,1200.0,0.0,0.0,1000.0,3000.0,Guy Gardner
1.0,Full-Time,40.2997732658508,3430676360652128768,West Bengal,Kolkata,2013-11-01,11,True,14,Active,True,Ralph Atkinson,Ralph Atkinson,IT,White,L4,36,1988-06-19,Canada,Female,She/Her,"travelling, chess, sports entertainment",,2.0,Site Reliability Engineer,Any,2014-05-02,Unknown,,,0.0,Paid Leave,32.0,50.0,10.0,10.0,10.0,100.0,50.0,10.0,10.0,50.0,100.0,10.0,50.0,50.0,6.0,5.0,2.0,59500,714000,HSBC,monthly,EMP1356,59500.0,71400.0,0.0,0.0,1200.0,600.0,4000.0,0.0,0.0,Hal Jordan
1.0,Full-Time,35.061984748763585,3430725547875893248,West Bengal,Kolkata,2023-08-17,1,False,3,Active,True,Aquera Test Manager,Aquera Test Manager,Sales,White,L1,24,2000-08-23,Canada,Female,She/Her,"coffee, fitness, cooking",,1.0,Sales Associate,Any,2024-02-15,Unknown,,,1.0,Paid Leave,34.0,50.0,50.0,50.0,50.0,50.0,50.0,100.0,50.0,50.0,100.0,100.0,10.0,10.0,2.0,8.0,3.0,15000,180000,Standard Chartered,monthly,EMP7789,15000.0,14400.0,3600.0,0.0,1200.0,0.0,2000.0,1000.0,0.0,Renee Montoya
1.0,Full-Time,35.761313228357366,3430725649176723456,Haryana,Gurgaon,2023-11-17,1,True,8,Active,True,AqueraTest Manager User,AqueraTest Manager User,Marketing,White,L6,32,1992-04-19,USA,Male,He/Him,"theatres and movies, travelling",,0.0,Senior Marketing Manager,Vegetarian,2024-05-17,Unknown,,,1.0,Sick Leave,44.0,50.0,10.0,50.0,50.0,10.0,100.0,100.0,10.0,50.0,100.0,50.0,50.0,50.0,3.0,7.0,3.0,37500,450000,Standard Chartered,monthly,EMP2920,37500.0,45000.0,18000.0,27000.0,1200.0,600.0,0.0,1000.0,0.0,Harleen Quinnzel
1.0,Full-Time,40.50757923685502,3430728737501478912,Karnataka,Bengaluru,2023-01-01,2,False,2,Active,True,sri ram,sri ram,UI/UX,White,L1,24,2000-08-23,Canada,Female,She/Her,"football, blogging",,1.0,Junior UX Designer,Any,2023-07-02,Unknown,,,2.0,Sick Leave,47.0,100.0,100.0,100.0,100.0,50.0,100.0,50.0,50.0,100.0,100.0,100.0,100.0,100.0,0.0,3.0,10.0,14500,174000,ICICI,monthly,EMP2285,14500.0,17400.0,0.0,0.0,1200.0,600.0,2000.0,1000.0,0.0,Jason Todd
1.0,Full-Time,44.23078414944469,3430763938650784256,Karnataka,Bengaluru,2019-02-02,6,True,13,Active,True,Ammy Brown,Ammy Brown,Human Resources,White,L5,37,1987-09-28,USA,Male,He/Him,"theatres and movies, travelling",,0.0,HR Manager,Any,2019-08-03,Unknown,,,0.0,Sick Leave,46.0,10.0,10.0,10.0,10.0,10.0,100.0,10.0,10.0,10.0,100.0,10.0,10.0,10.0,11.0,0.0,2.0,52500,630000,HSBC,monthly,EMP3507,52500.0,63000.0,25200.0,37800.0,1200.0,600.0,0.0,1000.0,0.0,Joe Karr
1.0,Full-Time,39.844985356683615,3430764025909084672,Haryana,Gurgaon,2019-02-02,6,False,12,Active,True,Joy may Marie,Joy8 Marie8,Customer Service,White,L1,34,1990-02-20,Canada,Female,She/Her,"craft beer, blogging","pilates,yoga,craft beer",1.0,Customer Service Associate,Any,2019-08-03,Unknown,,,0.0,Paid Leave,31.0,50.0,50.0,10.0,10.0,50.0,50.0,10.0,50.0,50.0,100.0,10.0,10.0,10.0,6.0,6.0,1.0,40500,486000,HSBC,monthly,EMP8690,40500.0,48600.0,0.0,0.0,1200.0,600.0,2000.0,0.0,0.0,Zatanna Zatara
1.0,Full-Time,33.75361061303441,3430808982799778304,Karnataka,Bengaluru,2023-08-17,1,False,1,Active,True,Aquera Test Manager,Aquera Test Manager,Customer Service,White,L1,24,2000-08-06,UK,Female,She/Her,"craft beer, chess",,0.0,Customer Service Associate,Vegetarian,2024-02-15,Unknown,,,1.0,Sick Leave,45.0,50.0,50.0,50.0,50.0,10.0,100.0,100.0,50.0,50.0,100.0,100.0,10.0,10.0,3.0,6.0,4.0,11000,132000,Standard Chartered,monthly,EMP8156,11000.0,13200.0,0.0,0.0,1200.0,0.0,0.0,0.0,3000.0,Zatanna Zatara
1.0,Full-Time,31.235668021214146,3430809066618749440,Karnataka,Bengaluru,2023-11-17,1,False,2,Active,True,AqueraTest Manager User,AqueraTest Manager User,Sales,African American,L1,23,2001-10-03,USA,Male,He/Him,"theatres and movies, travelling",,0.0,Sales Associate,Any,2024-05-17,Unknown,,,1.0,Bereavement Leave,44.0,50.0,50.0,50.0,50.0,10.0,100.0,100.0,50.0,50.0,100.0,100.0,10.0,10.0,3.0,6.0,4.0,13000,156000,Standard Chartered,monthly,EMP7818,13000.0,12480.0,3120.0,0.0,1200.0,0.0,0.0,1000.0,3000.0,Harvey Bullock
1.0,Full-Time,43.55233645919035,3430812034382430720,West Bengal,Kolkata,2023-01-01,2,False,8,Active,True,sri ram,sri ram,Platform,White,L1,29,1995-01-09,Canada,Male,He/Him,"craft beer, chess",,0.0,Junior Backend Developer,Any,2023-07-02,Unknown,,,2.0,Paid Leave,34.0,100.0,100.0,100.0,100.0,10.0,50.0,50.0,50.0,100.0,100.0,100.0,100.0,100.0,1.0,3.0,9.0,26500,318000,ICICI,monthly,EMP1542,26500.0,31800.0,0.0,0.0,1200.0,0.0,0.0,1000.0,0.0,Connor Hawke
1.0,Full-Time,30.024266042757105,3430818442842735104,Karnataka,Bengaluru,2024-01-19,1,True,9,Active,True,Darren Logen,Darren Logen,IT,African American,L5,30,1994-06-23,USA,Female,She/Her,"travelling, chess, sports entertainment",,0.0,IT Manager,Any,2024-07-19,Unknown,,,1.0,Sick Leave,50.0,50.0,10.0,50.0,50.0,10.0,100.0,100.0,10.0,50.0,100.0,50.0,50.0,50.0,3.0,7.0,3.0,37000,444000,Standard Chartered,monthly,EMP5788,37000.0,44400.0,17760.0,26640.0,1200.0,600.0,0.0,1000.0,0.0,Jon Stewart
1.0,Full-Time,30.7709665636353,3432870637180289536,West Bengal,Kolkata,2023-08-17,1,False,7,Active,True,Aquera Test Manager,Aquera Test Manager,Sales,White,L3,29,1995-12-23,Canada,Female,She/Her,"fitness, coffee, football",,2.0,Sales Executive,Vegetarian,2024-02-15,Unknown,,,1.0,Sick Leave,44.0,50.0,50.0,50.0,50.0,100.0,100.0,100.0,50.0,50.0,100.0,100.0,10.0,10.0,2.0,6.0,5.0,28000,336000,Standard Chartered,monthly,EMP3448,28000.0,26880.0,6720.0,0.0,1200.0,0.0,4000.0,0.0,3000.0,Renee Montoya
1.0,Full-Time,34.797992075330164,3432870712291885568,West Bengal,Kolkata,2023-11-17,1,False,4,Active,True,AqueraTest Manager User,AqueraTest Manager User,Platform,White,L1,25,1999-11-24,Canada,Female,She/Her,"fitness, coffee, football",,1.0,Junior Backend Developer,Any,2024-05-17,Unknown,,,1.0,Paid Leave,29.0,100.0,100.0,50.0,50.0,50.0,10.0,100.0,50.0,100.0,100.0,100.0,100.0,100.0,1.0,4.0,8.0,17000,204000,Standard Chartered,monthly,EMP9903,17000.0,20400.0,0.0,0.0,1200.0,0.0,2000.0,1000.0,3000.0,Duke Thomas
1.0,Full-Time,47.54203856905252,3432873802621518336,West Bengal,Kolkata,2023-01-01,2,False,6,Active,True,sri ram,sri ram,Marketing,White,L2,29,1995-02-10,USA,Male,He/Him,"theatres and movies, travelling",,0.0,Marketing Associate,Any,2023-07-02,Unknown,,,2.0,Paid Leave,30.0,50.0,10.0,100.0,100.0,10.0,10.0,50.0,50.0,50.0,100.0,100.0,50.0,50.0,3.0,6.0,4.0,25000,300000,ICICI,monthly,EMP8652,25000.0,24000.0,6000.0,0.0,1200.0,0.0,0.0,0.0,3000.0,Pamela Isley
1.0,Full-Time,41.03568206759629,3432876083567919616,Karnataka,Bengaluru,2014-11-20,10,True,17,Active,True,Summer Laurence,Summer Laurence,Machine Learning,White,L5,39,1985-03-22,UK,Male,He/Him,"football, blogging",,0.0,Senior Data Scientist,Any,2015-05-21,Unknown,,,3.0,Paid Leave,36.0,50.0,10.0,100.0,100.0,10.0,50.0,10.0,10.0,50.0,100.0,10.0,10.0,10.0,7.0,3.0,3.0,66500,798000,HSBC,monthly,EMP9640,66500.0,79800.0,31920.0,47880.0,1200.0,0.0,0.0,1000.0,0.0,Stephanie Brown
0.5,Part-Time,20.0,3432938954012230144,Karnataka,Bengaluru,2023-08-17,1,False,4,Active,True,Aquera Test Manager,Aquera Test Manager,UI/UX,White,L1,25,1999-03-19,USA,Male,He/Him,"sports entertainment, cooking, blogging",,0.0,Junior UX Designer,Vegetarian,2024-02-15,Unknown,,,1.0,Sick Leave,47.0,100.0,100.0,50.0,50.0,10.0,100.0,100.0,50.0,100.0,100.0,100.0,100.0,100.0,1.0,3.0,9.0,17000,204000,Standard Chartered,bi-weekly,EMP310,17000.0,0.0,0.0,0.0,1200.0,0.0,0.0,0.0,0.0,Tim Drake
1.0,Full-Time,35.74444020511582,3432939043325739520,West Bengal,Kolkata,2023-11-17,1,False,5,Active,True,AqueraTest Manager User,AqueraTest Manager User,Marketing,African American,L3,26,1998-10-10,USA,Female,She/Her,"coffee, fitness, cooking",,0.0,Marketing Analyst,Any,2024-05-17,Unknown,,,1.0,Paid Leave,35.0,50.0,50.0,50.0,50.0,10.0,50.0,100.0,50.0,50.0,100.0,100.0,50.0,50.0,1.0,9.0,3.0,24000,288000,Standard Chartered,monthly,EMP826,24000.0,23040.0,5760.0,0.0,1200.0,0.0,0.0,1000.0,0.0,Harvey Dent
1.0,Full-Time,46.3184852157292,3432941784940937728,Karnataka,Bengaluru,2023-01-01,2,False,4,Active,True,sri ram,sri ram,Finance & Admin,Hispanic,L1,25,1999-04-16,USA,Female,She/Her,"fitness, coffee, football",,2.0,Accounts Associate,Any,2023-07-02,Unknown,,,2.0,Sick Leave,50.0,10.0,50.0,100.0,100.0,100.0,100.0,50.0,50.0,10.0,100.0,100.0,50.0,50.0,2.0,5.0,6.0,18500,222000,ICICI,monthly,EMP6706,18500.0,22200.0,0.0,0.0,1200.0,0.0,4000.0,1000.0,0.0,Oswald Cobblepot
1.0,Full-Time,40.294550472483266,3432974240314294784,Karnataka,Bengaluru,2013-11-01,11,True,17,Active,True,Anna Reed,Anna Reed,Platform,White,L6,41,1983-06-07,Canada,Male,He/Him,"coffee, fitness, cooking",,2.0,Platform Director,Vegetarian,2014-05-02,Unknown,,,0.0,Sick Leave,50.0,100.0,10.0,10.0,10.0,100.0,100.0,10.0,10.0,100.0,100.0,10.0,100.0,100.0,6.0,0.0,7.0,70500,846000,HSBC,monthly,EMP858,70500.0,84600.0,33840.0,50760.0,1200.0,0.0,4000.0,0.0,3000.0,Connor Hawke
1.0,Full-Time,31.052083413619343,3434404634452558336,Karnataka,Bengaluru,2024-01-19,1,False,1,Active,True,Morgan Hirst,Morgan Hirst,Sales,White,L3,24,2000-04-10,UK,Male,He/Him,"chess, football",,0.0,Sales Executive,Vegetarian,2024-07-19,Unknown,,,1.0,Sick Leave,42.0,50.0,50.0,50.0,50.0,10.0,50.0,100.0,50.0,50.0,100.0,100.0,10.0,10.0,3.0,7.0,3.0,16000,192000,Standard Chartered,monthly,EMP4452,16000.0,15360.0,3840.0,0.0,1200.0,0.0,0.0,0.0,0.0,Renee Montoya
1.0,Full-Time,47.93886021449782,3438596516560765440,Karnataka,Bengaluru,2014-02-12,11,True,13,Active,True,Ryan Blackburn,Ryan Blackburn,Finance & Admin,White,L5,34,1990-09-10,Canada,Female,She/Her,"craft beer, chess",,0.0,Finance Manager,Any,2014-08-13,Unknown,,,0.0,Paid Leave,33.0,10.0,10.0,10.0,10.0,10.0,50.0,10.0,10.0,10.0,100.0,10.0,50.0,50.0,9.0,3.0,1.0,60000,720000,HSBC,monthly,EMP9676,60000.0,72000.0,28800.0,43200.0,1200.0,0.0,0.0,1000.0,3000.0,Oswald Cobblepot
1.0,Full-Time,36.87511089717785,3438604469103755776,Karnataka,Bengaluru,2015-03-14,10,True,18,Active,True,Owen Bieber,Owen Bieber,Human Resources,African American,L3,41,1983-06-29,USA,Female,She/Her,"fitness, coffee, football",,1.0,HR Generalist,Any,2015-09-12,Unknown,,,2.0,Maternity Leave,180.0,10.0,10.0,100.0,100.0,50.0,50.0,10.0,10.0,10.0,100.0,10.0,10.0,10.0,8.0,2.0,3.0,63500,762000,HSBC,monthly,EMP6491,63500.0,76200.0,0.0,0.0,1200.0,0.0,2000.0,0.0,3000.0,Joe Karr
1.0,Full-Time,43.725502575499924,3438605512319435264,Karnataka,Bengaluru,2015-02-16,10,True,19,Active,True,Anna Indrakanti,Anna Indrakanti,Machine Learning,African American,L5,40,1984-12-30,USA,Male,He/Him,"coffee, fitness, cooking",,1.0,Senior Data Scientist,Vegan,2015-08-17,Unknown,,,0.0,Paid Leave,34.0,50.0,10.0,10.0,10.0,50.0,50.0,10.0,10.0,50.0,100.0,10.0,10.0,10.0,8.0,4.0,1.0,70500,846000,HSBC,monthly,EMP8932,70500.0,84600.0,33840.0,50760.0,1200.0,600.0,2000.0,0.0,0.0,Cassandra Cain
1.0,Full-Time,38.5664167733881,3438609849322045952,Karnataka,Bengaluru,2014-02-02,11,True,20,Active,True,Alan Hopkins,Alan Hopkins,Human Resources,White,L5,44,1980-05-15,UK,Male,He/Him,"coffee, fitness, cooking",,1.0,HR Manager,Any,2014-08-03,Unknown,,,0.0,Paid Leave,29.0,10.0,10.0,10.0,10.0,50.0,10.0,10.0,10.0,10.0,100.0,10.0,10.0,10.0,11.0,1.0,1.0,74000,888000,HSBC,monthly,EMP3609,74000.0,88800.0,35520.0,53280.0,1200.0,0.0,2000.0,1000.0,0.0,Joe Karr
1.0,Full-Time,32.35121092064982,3438612837000282624,Haryana,Gurgaon,2023-08-01,1,False,6,Active,True,Aadhya Kirby,Aadhya Kirby,Platform,White,L2,30,1994-11-16,Canada,Male,He/Him,"football, blogging",,1.0,Platform Engineer,Any,2024-01-30,Unknown,,,1.0,Maternity Leave,198.0,100.0,50.0,50.0,50.0,50.0,50.0,100.0,50.0,100.0,100.0,50.0,100.0,100.0,0.0,7.0,6.0,23500,282000,Standard Chartered,monthly,EMP7980,23500.0,28200.0,0.0,0.0,1200.0,0.0,2000.0,2000.0,0.0,Duke Thomas
1.0,Full-Time,44.07621223512691,3438613575810155008,Karnataka,Bengaluru,2015-02-10,10,True,14,Active,True,Alan Blackburn,Alan Blackburn,Finance & Admin,White,L6,37,1987-05-21,USA,Male,He/Him,"coffee, fitness, cooking",,0.0,Senior Finance Manager,Vegetarian,2015-08-11,Unknown,,,0.0,Sick Leave,45.0,10.0,10.0,10.0,10.0,10.0,100.0,10.0,10.0,10.0,100.0,10.0,50.0,50.0,9.0,2.0,2.0,63000,756000,HSBC,monthly,EMP4794,63000.0,75600.0,30240.0,45360.0,1200.0,600.0,0.0,0.0,0.0,Oswald Cobblepot
0.5,Part-Time,20.0,3438703228068298752,Karnataka,Bengaluru,2023-08-17,1,False,10,Active,True,Aquera Test Manager,Aquera Test Manager,IT,Hispanic,L3,34,1990-04-20,Mexico,Male,He/Him,"chess, football",,0.0,Network Engineer,Any,2024-02-15,Unknown,,,1.0,Paid Leave,31.0,50.0,50.0,50.0,50.0,10.0,50.0,100.0,50.0,50.0,100.0,10.0,50.0,50.0,2.0,9.0,2.0,34000,408000,Standard Chartered,bi-weekly,EMP6849,34000.0,0.0,0.0,0.0,1200.0,0.0,0.0,0.0,0.0,Hal Jordan
1.0,Full-Time,42.948527169803626,3439433435574174208,Haryana,Gurgaon,2015-02-20,10,True,16,Active,True,Frederick Hall,Frederick Hall,IT,White,L4,38,1986-08-17,UK,Male,He/Him,"travelling, chess, sports entertainment",,0.0,Site Reliability Engineer,Any,2015-08-21,Unknown,,,3.0,Paid Leave,27.0,50.0,10.0,100.0,100.0,10.0,10.0,10.0,10.0,50.0,100.0,10.0,50.0,50.0,6.0,4.0,3.0,62000,744000,HSBC,monthly,EMP8853,62000.0,74400.0,0.0,0.0,1200.0,600.0,0.0,0.0,0.0,Hal Jordan
1.0,Full-Time,41.07782160904993,3440221039622095360,Karnataka,Bengaluru,2014-02-02,11,True,13,Active,True,Laura Kirby,Laura Kirby,IT,Asian,L6,36,1988-11-05,India,Female,She/Her,"coffee, fitness, cooking",,1.0,Senior IT Manager,Any,2014-08-03,Unknown,,,0.0,Sick Leave,45.0,50.0,10.0,10.0,10.0,50.0,100.0,10.0,10.0,50.0,100.0,10.0,50.0,50.0,6.0,5.0,2.0,62500,750000,HSBC,monthly,EMP4688,62500.0,75000.0,30000.0,45000.0,1200.0,0.0,2000.0,1000.0,3000.0,Jon Stewart
1.0,Full-Time,41.75056914316203,3440228146702451200,Karnataka,Bengaluru,2015-02-05,10,True,14,Active,True,Niall Francis,Niall Francis,Marketing,White,L5,36,1988-01-14,Canada,Female,She/Her,"craft beer, chess",,1.0,Marketing Manager,Any,2015-08-06,Unknown,,,0.0,Maternity Leave,195.0,50.0,10.0,10.0,10.0,50.0,50.0,10.0,10.0,50.0,100.0,10.0,50.0,50.0,6.0,6.0,1.0,60500,726000,HSBC,monthly,EMP1861,60500.0,72600.0,29040.0,43560.0,1200.0,0.0,2000.0,1000.0,0.0,Harvey Dent
1.0,Full-Time,34.78932901298659,3440764316989522944,Haryana,Gurgaon,2024-10-04,0,False,4,Active,True,Aadhya Dale,Aadhya Dale,UI/UX,White,L3,26,1998-05-23,USA,Male,He/Him,"coffee, fitness, cooking",,0.0,UX Designer,Any,2025-04-04,Unknown,,,0.0,Paid Leave,36.0,100.0,100.0,10.0,10.0,10.0,50.0,100.0,50.0,100.0,100.0,100.0,100.0,100.0,3.0,2.0,8.0,20500,246000,Standard Chartered,monthly,EMP9464,20500.0,24600.0,0.0,0.0,1200.0,0.0,0.0,1000.0,3000.0,Jason Todd
1.0,Full-Time,45.150784100492686,3440765402248905728,Haryana,Gurgaon,2015-02-10,10,True,12,Active,True,Summer Bateson,Summer Bateson,Finance & Admin,African American,L6,33,1991-12-20,USA,Female,She/Her,"craft beer, chess",,1.0,Senior Finance Manager,Any,2015-08-11,Unknown,,,0.0,Paid Leave,34.0,10.0,10.0,10.0,10.0,50.0,50.0,10.0,10.0,10.0,100.0,10.0,50.0,50.0,8.0,4.0,1.0,59000,708000,HSBC,monthly,EMP1515,59000.0,70800.0,28320.0,42480.0,1200.0,0.0,2000.0,1000.0,0.0,Oswald Cobblepot
1.0,Full-Time,36.20856619512629,3440773935182906368,Karnataka,Bengaluru,2014-03-12,11,True,18,Active,True,Hanu Darby,Hanu Darby,Customer Service,White,L6,41,1983-01-19,UK,Male,He/Him,"fitness, coffee, football",,2.0,Engagement Manager,Any,2014-09-10,Unknown,,,0.0,Paid Leave,29.0,50.0,10.0,10.0,10.0,100.0,10.0,10.0,10.0,50.0,100.0,10.0,10.0,10.0,9.0,2.0,2.0,72500,870000,HSBC,monthly,EMP8804,72500.0,87000.0,34800.0,52200.0,1200.0,0.0,4000.0,0.0,0.0,Selina Kyle
1.0,Full-Time,41.37409196258494,3440962267242299904,Karnataka,Bengaluru,2014-11-20,10,True,12,Active,True,Ralph Canavan,Ralph Canavan,Machine Learning,White,L7,35,1989-11-04,Canada,Male,He/Him,"sports entertainment, cooking, blogging",,0.0,ML Director,Any,2015-05-21,Unknown,,,2.0,Sick Leave,47.0,50.0,10.0,100.0,100.0,10.0,100.0,10.0,10.0,50.0,100.0,10.0,10.0,10.0,7.0,2.0,4.0,61500,738000,HSBC,monthly,EMP1360,61500.0,73800.0,29520.0,44280.0,1200.0,600.0,0.0,1000.0,0.0,Cassandra Cain
1.0,Full-Time,45.37209404446687,3440965103246115328,West Bengal,Kolkata,2015-02-20,10,True,19,Active,True,Sandra Clark,Sandra Clark,Customer Service,White,L6,41,1983-01-23,UK,Female,She/Her,"coffee, fitness, cooking",,0.0,Engagement Manager,Any,2015-08-21,Unknown,,,2.0,Paid Leave,36.0,50.0,10.0,100.0,100.0,10.0,50.0,10.0,10.0,50.0,100.0,10.0,10.0,10.0,7.0,3.0,3.0,73000,876000,HSBC,monthly,EMP5012,73000.0,87600.0,35040.0,52560.0,1200.0,0.0,0.0,1000.0,0.0,Selina Kyle
1.0,Full-Time,40.991294528515965,3442954175078466048,Karnataka,Bengaluru,2014-11-11,10,True,19,Active,True,Hanu Atkinson,Hanu Atkinson,Finance & Admin,White,L5,43,1981-10-16,Canada,Female,She/Her,"travelling, chess, sports entertainment",,2.0,Finance Manager,Vegetarian,2015-05-12,Unknown,,,0.0,Sick Leave,44.0,10.0,10.0,10.0,10.0,100.0,100.0,10.0,10.0,10.0,100.0,10.0,50.0,50.0,8.0,2.0,3.0,70500,846000,HSBC,monthly,EMP7201,70500.0,84600.0,33840.0,50760.0,1200.0,600.0,4000.0,0.0,0.0,Victor Fries
1.0,Full-Time,41.63144513743724,3442960936086798848,Karnataka,Bengaluru,2015-03-10,10,True,13,Active,True,Darren Laurence,Darren Laurence,IT,White,L5,34,1990-08-02,Canada,Male,He/Him,"coffee, fitness, cooking",,0.0,IT Manager,Any,2015-09-08,Unknown,,,0.0,Paid Leave,31.0,50.0,10.0,10.0,10.0,10.0,50.0,10.0,10.0,50.0,100.0,10.0,50.0,50.0,7.0,5.0,1.0,58500,702000,HSBC,monthly,EMP461,58500.0,70200.0,28080.0,42120.0,1200.0,600.0,0.0,1000.0,0.0,Jon Stewart
1.0,Full-Time,43.92447004762189,3442962157803667968,Haryana,Gurgaon,2014-02-12,11,True,15,Active,True,Ryan Tullin,Ryan Tullin,Marketing,White,L6,38,1986-08-16,UK,Male,He/Him,"coffee, fitness, cooking",,0.0,Senior Marketing Manager,Any,2014-08-13,Unknown,,,3.0,Bereavement Leave,42.43,50.0,10.0,100.0,100.0,10.0,100.0,10.0,10.0,50.0,100.0,10.0,50.0,50.0,5.0,4.0,4.0,66500,798000,HSBC,monthly,EMP1553,66500.0,79800.0,31920.0,47880.0,1200.0,0.0,0.0,1000.0,0.0,Pamela Isley
1.0,Full-Time,35.74426944409557,3442982375120699904,Haryana,Gurgaon,2024-01-19,1,False,10,Active,True,Ralph Hirst,Ralph Hirst,Management,African American,L3,32,1992-03-28,USA,Female,She/Her,"craft beer, chess",,0.0,Assistant Manager,Vegetarian,2024-07-19,Unknown,,,1.0,Sick Leave,47.0,10.0,10.0,50.0,50.0,10.0,100.0,100.0,50.0,10.0,100.0,50.0,10.0,10.0,6.0,4.0,3.0,34000,408000,Standard Chartered,monthly,EMP423,34000.0,32640.0,8160.0,0.0,1200.0,0.0,0.0,0.0,0.0,Bruce Wayne
1.0,Full-Time,45.927088774625645,3443675002224771584,Karnataka,Bengaluru,2015-02-20,10,True,14,Active,True,Frederick Gibbons,Frederick Gibbons,Marketing,African American,L5,38,1986-07-08,USA,Female,She/Her,"theatres and movies, travelling",,2.0,Marketing Manager,Any,2015-08-21,Unknown,,,0.0,Paid Leave,36.0,50.0,10.0,10.0,10.0,100.0,50.0,10.0,10.0,50.0,100.0,10.0,50.0,50.0,6.0,5.0,2.0,60500,726000,HSBC,monthly,EMP3055,60500.0,72600.0,29040.0,43560.0,1200.0,600.0,4000.0,1000.0,0.0,Harvey Dent
1.0,Full-Time,32.34228976948682,3443675739457585664,West Bengal,Kolkata,2023-08-01,1,False,10,Active,True,Mason Indrakanti,Mason Indrakanti,UI/UX,Hispanic,L3,33,1991-06-23,USA,Female,She/Her,"coffee, fitness, cooking",,2.0,UX Designer,Any,2024-01-30,Unknown,,,1.0,Maternity Leave,189.0,100.0,100.0,50.0,50.0,100.0,50.0,100.0,50.0,100.0,100.0,10.0,100.0,100.0,1.0,4.0,8.0,34000,408000,Standard Chartered,monthly,EMP7105,34000.0,40800.0,0.0,0.0,1200.0,0.0,4000.0,1000.0,0.0,Jason Todd
1.0,Full-Time,40.78722107951124,3443694551162683904,Karnataka,Bengaluru,2015-02-10,10,True,18,Active,True,Alan Hirst,Alan Hirst,Machine Learning,American Indian,L4,41,1983-09-01,USA,Female,She/Her,"coffee, fitness, cooking",,0.0,MLOps Engineer,Any,2015-08-11,Unknown,,,0.0,Paid Leave,34.0,50.0,10.0,10.0,10.0,10.0,50.0,10.0,10.0,50.0,100.0,10.0,10.0,10.0,9.0,3.0,1.0,66000,792000,HSBC,monthly,EMP8327,66000.0,79200.0,0.0,0.0,1200.0,600.0,0.0,0.0,0.0,Stephanie Brown
1.0,Full-Time,44.599107662486404,3443696618803560960,Haryana,Gurgaon,2015-02-10,10,True,14,Active,True,Aadhya middlename Hirst,Aadhya middlename Hirst,Finance & Admin,White,L4,36,1988-02-27,USA,Male,He/Him,"theatres and movies, travelling",,2.0,Account Manager,Any,2015-08-11,Unknown,,,0.0,Sick Leave,51.0,10.0,10.0,10.0,10.0,100.0,100.0,10.0,10.0,10.0,100.0,10.0,50.0,50.0,8.0,2.0,3.0,58000,696000,HSBC,monthly,EMP3184,58000.0,69600.0,0.0,0.0,1200.0,0.0,4000.0,1000.0,3000.0,Victor Fries
1.0,Full-Time,44.14660701448598,3443698175838257664,Karnataka,Bengaluru,2013-11-01,11,True,14,Active,True,Owen Clark,Owen Clark,UI/UX,White,L5,36,1988-01-31,Canada,Female,She/Her,"craft beer, blogging",,2.0,UI/UX Manager,Any,2014-05-02,Unknown,,,0.0,Paid Leave,30.0,100.0,50.0,10.0,10.0,100.0,10.0,10.0,10.0,100.0,100.0,10.0,100.0,100.0,6.0,1.0,6.0,62000,744000,HSBC,monthly,EMP8229,62000.0,74400.0,29760.0,44640.0,1200.0,600.0,4000.0,1000.0,0.0,Tim Drake
1.0,Full-Time,31.76873837357214,3443776520311537664,West Bengal,Kolkata,2024-01-19,1,False,6,Active,True,Hanu Blackburn,Hanu Blackburn,Customer Service,White,L3,28,1996-05-28,Canada,Female,She/Her,"sports entertainment, football",,0.0,Technical Consultant,Any,2024-07-19,Unknown,,,1.0,Sick Leave,50.0,50.0,50.0,50.0,50.0,10.0,100.0,100.0,50.0,50.0,100.0,100.0,10.0,10.0,3.0,6.0,4.0,26000,312000,Standard Chartered,monthly,EMP3856,26000.0,31200.0,0.0,0.0,1200.0,600.0,0.0,1000.0,0.0,Zatanna Zatara
1.0,Full-Time,46.27584179738346,3443778973660610560,Karnataka,Bengaluru,2015-03-14,10,True,15,Active,True,Darren Canavan,Darren Canavan,Machine Learning,White,L4,39,1985-09-28,USA,Male,He/Him,"travelling, chess, sports entertainment",,1.0,MLOps Engineer,Any,2015-09-12,Unknown,,,0.0,Sick Leave,44.0,50.0,10.0,10.0,10.0,50.0,100.0,10.0,10.0,50.0,100.0,10.0,10.0,10.0,8.0,3.0,2.0,60000,720000,HSBC,monthly,EMP6737,60000.0,72000.0,0.0,0.0,1200.0,600.0,2000.0,1000.0,0.0,Cassandra Cain
1.0,Full-Time,44.53130589953319,3443783717057724416,Karnataka,Bengaluru,2015-03-14,10,True,16,Active,True,Ralph Reed,Ralph Reed,Customer Service,American Indian,L7,38,1986-02-26,USA,Non-Binary,They/Them,"fitness, coffee, football",,1.0,Senior Engagement Manager,Any,2015-09-12,Unknown,,,0.0,Unpaid Leave,39.0,50.0,10.0,10.0,10.0,50.0,50.0,10.0,10.0,50.0,100.0,10.0,10.0,10.0,8.0,4.0,1.0,69500,834000,HSBC,monthly,EMP3402,69500.0,83400.0,33360.0,50040.0,1200.0,600.0,2000.0,0.0,0.0,Jason Blood
1.0,Full-Time,30.850834358975206,3448131732803421184,Haryana,Gurgaon,2023-08-17,1,True,9,Active,True,Aquera Test Manager,Aquera Test Manager,Human Resources,White,L6,31,1993-01-14,Canada,Male,He/Him,"craft beer, blogging",,2.0,HR Director,Any,2024-02-15,Unknown,,,1.0,Paid Leave,27.0,10.0,10.0,50.0,50.0,100.0,10.0,100.0,10.0,10.0,100.0,50.0,10.0,10.0,7.0,3.0,3.0,39500,474000,Standard Chartered,monthly,EMP6478,39500.0,47400.0,18960.0,28440.0,1200.0,0.0,4000.0,1000.0,3000.0,Joe Karr
1.0,Full-Time,33.00928443921452,3448131803276116992,Haryana,Gurgaon,2023-11-17,1,False,3,Active,True,AqueraTest Manager User,AqueraTest Manager User,Human Resources,Hispanic,L3,25,1999-06-28,USA,Female,She/Her,"theatres and movies, travelling",,1.0,HR Generalist,Vegetarian,2024-05-17,Unknown,,,1.0,Maternity Leave,189.0,10.0,10.0,50.0,50.0,50.0,50.0,100.0,50.0,10.0,100.0,100.0,10.0,10.0,5.0,5.0,3.0,20000,240000,Standard Chartered,monthly,EMP7628,20000.0,24000.0,0.0,0.0,1200.0,600.0,2000.0,1000.0,0.0,Joe Karr
1.0,Full-Time,40.735626579706334,3448134590869275648,Karnataka,Bengaluru,2023-01-01,2,False,2,Active,True,sri ram,sri ram,Customer Service,White,L2,26,1998-09-24,USA,Male,He/Him,"theatres and movies, travelling",,0.0,Support Specialist,Any,2023-07-02,Unknown,,,1.0,Sick Leave,43.0,50.0,10.0,50.0,50.0,10.0,100.0,50.0,50.0,50.0,100.0,100.0,10.0,10.0,4.0,6.0,3.0,17000,204000,ICICI,monthly,EMP3663,17000.0,20400.0,0.0,0.0,1200.0,600.0,0.0,0.0,0.0,Selina Kyle
1.0,Full-Time,32.502845058795614,3448185312235225600,Karnataka,Bengaluru,2023-08-17,1,False,5,Active,True,Aquera Test Manager,Aquera Test Manager,Platform,White,L1,26,1998-06-20,USA,Male,He/Him,"coffee, fitness, cooking",,1.0,Junior Backend Developer,Any,2024-02-15,Unknown,,,1.0,Paid Leave,31.0,100.0,100.0,50.0,50.0,50.0,50.0,100.0,50.0,100.0,100.0,100.0,100.0,100.0,0.0,5.0,8.0,19000,228000,Standard Chartered,monthly,EMP1002,19000.0,22800.0,0.0,0.0,1200.0,0.0,2000.0,1000.0,3000.0,Roy Harper
1.0,Full-Time,30.90745117374157,3448239503666315264,Karnataka,Bengaluru,2024-01-19,1,False,7,Active,True,kk user,kk user,UI/UX,African American,L1,29,1995-05-30,USA,Female,She/Her,"football, blogging",,2.0,Junior UX Designer,Any,2024-07-19,Unknown,,,1.0,Paid Leave,29.0,100.0,100.0,50.0,50.0,100.0,10.0,100.0,50.0,100.0,100.0,100.0,100.0,100.0,1.0,3.0,9.0,23000,276000,Standard Chartered,monthly,EMP3325,23000.0,27600.0,0.0,0.0,1200.0,0.0,4000.0,1000.0,3000.0,Barabara Gordon
1.0,Full-Time,35.57298580845313,3448239818784374784,Karnataka,Bengaluru,2023-08-17,1,True,10,Active,True,Aquera Test Manager,Aquera Test Manager,IT,White,L4,31,1993-10-18,UK,Female,She/Her,"sports entertainment, cooking, blogging",,0.0,Site Reliability Engineer,Any,2024-02-15,Unknown,,,1.0,Paid Leave,32.0,50.0,10.0,50.0,50.0,10.0,50.0,100.0,10.0,50.0,100.0,50.0,50.0,50.0,3.0,8.0,2.0,36500,438000,Standard Chartered,monthly,EMP8556,36500.0,43800.0,0.0,0.0,1200.0,600.0,0.0,1000.0,0.0,Hal Jordan
1.0,Full-Time,30.01076370370641,3448239978016931840,Karnataka,Bengaluru,2023-11-17,1,False,5,Active,True,AqueraTest Manager User,AqueraTest Manager User,Customer Service,African American,L3,26,1998-09-15,USA,Female,She/Her,"travelling, chess, sports entertainment",,2.0,Technical Consultant,Any,2024-05-17,Unknown,,,1.0,Sick Leave,46.0,50.0,50.0,50.0,50.0,100.0,100.0,100.0,50.0,50.0,100.0,100.0,10.0,10.0,2.0,6.0,5.0,24000,288000,Standard Chartered,monthly,EMP9607,24000.0,28800.0,0.0,0.0,1200.0,0.0,4000.0,0.0,0.0,Zatanna Zatara
1.0,Full-Time,39.945391581850366,3448244118801612800,Karnataka,Bengaluru,2023-01-01,2,False,6,Active,True,sri ram,sri ram,UI/UX,White,L1,29,1995-09-23,UK,Male,He/Him,"sports entertainment, cooking, blogging",,1.0,Junior UX Designer,Vegetarian,2023-07-02,Unknown,,,2.0,Paid Leave,31.0,100.0,100.0,100.0,100.0,50.0,50.0,50.0,50.0,100.0,100.0,100.0,100.0,100.0,0.0,4.0,9.0,22500,270000,ICICI,monthly,EMP465,22500.0,27000.0,0.0,0.0,1200.0,0.0,2000.0,0.0,3000.0,Tim Drake
1.0,Full-Time,34.556390113658495,3448251592850014208,Karnataka,Bengaluru,2024-01-19,1,False,9,Active,True,write only,write only,Customer Service,White,L2,32,1992-05-22,USA,Female,She/Her,"sports entertainment, cooking, blogging",,0.0,Support Specialist,Vegetarian,2024-07-19,Unknown,,,1.0,Sick Leave,42.0,50.0,10.0,50.0,50.0,10.0,50.0,100.0,50.0,50.0,100.0,50.0,10.0,10.0,4.0,7.0,2.0,29500,354000,Standard Chartered,monthly,EMP7803,29500.0,35400.0,0.0,0.0,1200.0,600.0,0.0,1000.0,0.0,Jason Blood
1.0,Full-Time,30.211207754508802,3459709029708726272,Karnataka,Bengaluru,2024-10-10,0,False,7,Active,True,scimone test,scimone test,Sales,White,L1,31,1993-07-29,UK,Female,She/Her,"coffee, fitness, cooking",,2.0,Sales Associate,Any,2025-04-10,Unknown,,,0.0,Paid Leave,33.0,50.0,50.0,10.0,10.0,100.0,50.0,100.0,50.0,50.0,100.0,50.0,10.0,10.0,4.0,6.0,3.0,21500,258000,Standard Chartered,monthly,EMP4326,21500.0,20640.0,5160.0,0.0,1200.0,600.0,4000.0,1000.0,0.0,Harvey Bullock
1.0,Full-Time,33.92861885186423,3459710794403414016,Karnataka,Bengaluru,2024-01-01,1,False,2,Active,True,scimtwo middlename test,scimtwo middlename test,Sales,White,L1,25,1999-06-20,UK,Female,She/Her,"fitness, coffee, football",,1.0,Sales Associate,Any,2024-07-01,Unknown,,,1.0,Maternity Leave,198.0,50.0,50.0,50.0,50.0,50.0,50.0,100.0,50.0,50.0,100.0,100.0,10.0,10.0,2.0,8.0,3.0,13000,156000,Standard Chartered,monthly,EMP2782,13000.0,12480.0,3120.0,0.0,1200.0,0.0,2000.0,2000.0,0.0,Jim Gordon
1.0,Full-Time,31.71919856480656,3464007351885890560,Haryana,Gurgaon,2023-08-17,1,False,1,Active,True,Aquera Test Manager,Aquera Test Manager,Management,African American,L1,24,2000-12-25,USA,Female,She/Her,"football, blogging",,2.0,Management Trainee,Vegetarian,2024-02-15,Unknown,,,1.0,Bereavement Leave,42.43,10.0,10.0,50.0,50.0,100.0,100.0,100.0,50.0,10.0,100.0,100.0,10.0,10.0,5.0,3.0,5.0,11000,132000,Standard Chartered,monthly,EMP1662,11000.0,10560.0,2640.0,0.0,1200.0,0.0,4000.0,1000.0,3000.0,Bruce Wayne
1.0,Full-Time,34.76661944665718,3464007451794211840,Karnataka,Bengaluru,2023-11-17,1,False,2,Active,True,AqueraTest Manager User,AqueraTest Manager User,Customer Service,White,L3,24,2000-09-14,USA,Female,She/Her,"football, blogging",,2.0,Technical Consultant,Any,2024-05-17,Unknown,,,1.0,Paid Leave,33.0,50.0,50.0,50.0,50.0,100.0,50.0,100.0,50.0,50.0,100.0,100.0,10.0,10.0,2.0,7.0,4.0,18000,216000,Standard Chartered,monthly,EMP2568,18000.0,21600.0,0.0,0.0,1200.0,0.0,4000.0,1000.0,0.0,Zatanna Zatara
1.0,Full-Time,42.68981426052956,3464010621983392768,Karnataka,Bengaluru,2023-01-01,2,True,7,Active,True,sri ram,sri ram,IT,White,L5,29,1995-05-31,UK,Non-Binary,They/Them,"football, blogging",,1.0,IT Manager,Any,2023-07-02,Unknown,,,2.0,Paid Leave,34.0,50.0,10.0,100.0,100.0,50.0,50.0,50.0,10.0,50.0,100.0,100.0,50.0,50.0,2.0,7.0,4.0,34500,414000,ICICI,monthly,EMP3817,34500.0,41400.0,16560.0,24840.0,1200.0,0.0,2000.0,1000.0,0.0,Jon Stewart
1.0,Full-Time,34.89605545249783,3464771990844343296,Karnataka,Bengaluru,2024-09-25,0,False,0,Active,True,scimfive mdname test,scimfive mdname test,UI/UX,White,L1,21,2003-11-06,USA,Female,She/Her,"football, blogging",,1.0,Junior UX Designer,Vegetarian,2025-03-26,Unknown,,,0.0,Sick Leave,46.0,100.0,100.0,10.0,10.0,50.0,100.0,100.0,50.0,100.0,100.0,100.0,100.0,100.0,2.0,2.0,9.0,7500,90000,Standard Chartered,monthly,EMP1247,7500.0,9000.0,0.0,0.0,1200.0,0.0,2000.0,0.0,3000.0,Tim Drake
1.0,Full-Time,32.29882956464248,3464779821509248000,Haryana,Gurgaon,2024-01-01,1,False,2,Active,True,scimthree middlename test,scimthree middlename test,IT,African American,L1,26,1998-06-16,USA,Male,He/Him,"coffee, fitness, cooking",,0.0,IT Support,Any,2024-07-01,Unknown,,,1.0,Paid Leave,30.0,50.0,100.0,50.0,50.0,10.0,10.0,100.0,50.0,50.0,100.0,100.0,50.0,50.0,2.0,7.0,4.0,13000,156000,Standard Chartered,monthly,EMP3529,13000.0,15600.0,0.0,0.0,1200.0,600.0,0.0,0.0,0.0,Guy Gardner
1.0,Full-Time,38.79019083026604,3469060382981620224,West Bengal,Kolkata,2015-02-10,10,True,18,Active,True,Niall Bieber,Niall Bieber,Human Resources,White,L6,39,1985-08-21,UK,Female,She/Her,"sports entertainment, cooking, blogging",,0.0,HR Director,Any,2015-08-11,Unknown,,,0.0,Sick Leave,49.0,10.0,10.0,10.0,10.0,10.0,100.0,10.0,10.0,10.0,100.0,10.0,10.0,10.0,11.0,0.0,2.0,71000,852000,HSBC,monthly,EMP7149,71000.0,85200.0,34080.0,51120.0,1200.0,0.0,0.0,0.0,0.0,Joe Karr
1.0,Full-Time,30.70336514066624,3470504218169705472,Haryana,Gurgaon,2024-01-19,1,False,5,Active,True,Erik Kiffe,Erik Kiffe,UI/UX,White,L1,27,1997-11-08,Canada,Male,He/Him,"travelling, chess, sports entertainment",,1.0,Junior UX Designer,Any,2024-07-19,Unknown,,,1.0,Maternity Leave,186.0,100.0,100.0,50.0,50.0,50.0,50.0,100.0,50.0,100.0,100.0,100.0,100.0,100.0,0.0,5.0,8.0,19000,228000,Standard Chartered,monthly,EMP5028,19000.0,22800.0,0.0,0.0,1200.0,0.0,2000.0,0.0,0.0,Richard Grayson
1.0,Full-Time,33.851091979872564,3470505585294705664,Karnataka,Bengaluru,2024-01-19,1,False,10,Active,True,henry reed,henry reed,Sales,White,L2,31,1993-09-22,UK,Male,He/Him,"coffee, fitness, cooking",,1.0,Sales Representative,Vegetarian,2024-07-19,Unknown,,,1.0,Paid Leave,36.0,50.0,10.0,50.0,50.0,50.0,50.0,100.0,50.0,50.0,100.0,50.0,10.0,10.0,3.0,8.0,2.0,31500,378000,Standard Chartered,monthly,EMP6879,31500.0,30240.0,7560.0,0.0,1200.0,0.0,2000.0,0.0,3000.0,Jim Gordon
1.0,Full-Time,34.02375489408853,3470507203692069888,Haryana,Gurgaon,2024-01-19,1,False,9,Active,True,Syd Mills,Syd Mills,Finance & Admin,African American,L3,32,1992-12-26,USA,Male,He/Him,"theatres and movies, travelling",,1.0,Financial Analyst,Any,2024-07-19,Unknown,,,1.0,Maternity Leave,186.0,10.0,10.0,50.0,50.0,50.0,50.0,100.0,50.0,10.0,100.0,50.0,50.0,50.0,3.0,8.0,2.0,32000,384000,Standard Chartered,monthly,EMP7848,32000.0,38400.0,0.0,0.0,1200.0,0.0,2000.0,0.0,3000.0,Victor Fries
1.0,Full-Time,31.131669864180775,3481434316964102656,Karnataka,Bengaluru,2024-10-14,0,True,9,Active,True,virat kohli,virat kohli,Finance & Admin,White,L6,33,1991-01-14,UK,Male,He/Him,"theatres and movies, travelling",,2.0,Senior Finance Manager,Any,2025-04-14,Unknown,,,0.0,Sick Leave,50.0,10.0,10.0,10.0,10.0,100.0,100.0,100.0,10.0,10.0,100.0,10.0,50.0,50.0,7.0,2.0,4.0,38000,456000,Standard Chartered,monthly,EMP5665,38000.0,45600.0,18240.0,27360.0,1200.0,0.0,4000.0,0.0,3000.0,Oswald Cobblepot
1.0,Full-Time,45.90859695216863,3481502696517664768,West Bengal,Kolkata,2023-01-01,2,False,5,Active,True,John Doe,John Doe,Customer Service,White,L1,27,1997-05-28,UK,Female,She/Her,"sports entertainment, cooking, blogging",,1.0,Customer Service Associate,Vegetarian,2023-07-02,Unknown,,,0.0,Sick Leave,46.0,50.0,50.0,10.0,10.0,50.0,100.0,50.0,50.0,50.0,100.0,100.0,10.0,10.0,4.0,6.0,3.0,20500,246000,ICICI,monthly,EMP4960,20500.0,24600.0,0.0,0.0,1200.0,600.0,2000.0,0.0,0.0,Selina Kyle
1.0,Full-Time,35.44260731286609,3481503588813897728,Karnataka,Bengaluru,2024-01-01,1,False,6,Active,True,Jane Smith,Jane Smith,Machine Learning,White,L1,29,1995-06-30,Canada,Male,He/Him,"craft beer, chess",,0.0,ML Intern,Any,2024-07-01,Unknown,,,1.0,Sick Leave,43.0,50.0,50.0,50.0,50.0,10.0,100.0,100.0,50.0,50.0,100.0,100.0,10.0,10.0,3.0,6.0,4.0,21000,252000,Standard Chartered,monthly,EMP2856,21000.0,25200.0,0.0,0.0,1200.0,0.0,0.0,0.0,3000.0,Stephanie Brown
1.0,Full-Time,33.9470029611175,3481504394917183488,Karnataka,Bengaluru,2024-07-01,0,False,7,Active,True,michael Johnson,michael Johnson,Sales,White,L3,30,1994-11-23,UK,Male,He/Him,"coffee, fitness, cooking",,0.0,Sales Executive,Any,2024-12-30,Unknown,,,0.0,Unpaid Leave,41.0,50.0,50.0,10.0,10.0,10.0,50.0,100.0,50.0,50.0,100.0,50.0,10.0,10.0,5.0,6.0,2.0,26500,318000,Standard Chartered,monthly,EMP4869,26500.0,25440.0,6360.0,0.0,1200.0,600.0,0.0,0.0,0.0,Arnold Flass
1.0,Full-Time,43.25142760888178,3481505184369082368,Karnataka,Bengaluru,2017-06-21,7,False,11,Active,True,emily davis,emily davis,UI/UX,White,L1,33,1991-12-24,UK,Male,He/Him,"coffee, fitness, cooking",,0.0,Junior UX Designer,Any,2017-12-20,Unknown,,,0.0,Paid Leave,29.0,100.0,100.0,10.0,10.0,10.0,10.0,10.0,50.0,100.0,100.0,10.0,100.0,100.0,6.0,1.0,6.0,40000,480000,HSBC,monthly,EMP4478,40000.0,48000.0,0.0,0.0,1200.0,0.0,0.0,0.0,3000.0,Barabara Gordon
1.0,Full-Time,45.51091471286131,3481506061356105728,West Bengal,Kolkata,2021-08-18,3,False,10,Active,True,robert brown,robert brown,IT,White,L3,31,1993-02-03,UK,Male,He/Him,"fitness, coffee, football",,0.0,Network Engineer,Any,2022-02-16,Unknown,,,1.0,Paid Leave,32.0,50.0,50.0,50.0,50.0,10.0,50.0,50.0,50.0,50.0,100.0,50.0,50.0,50.0,1.0,11.0,1.0,37000,444000,ICICI,monthly,EMP668,37000.0,44400.0,0.0,0.0,1200.0,600.0,0.0,0.0,0.0,Guy Gardner
0.0,,30.6436863633827,50191,,Kolkata,2022-10-10,1,,3,terminated,False,Maria Yates,Maria Yates,Marketing,African American,L3,24,,,Female,,,,0.0,Marketing Analyst,,,Unknown,2024-04-03,Non-voluntary,1.0,,0.0,0.0,0.0,0.0,0.0,0.0,0.0,0.0,0.0,0.0,0.0,0.0,0.0,0.0,0.0,0.0,0.0,20000,240000,,,704386,24000.0,0.0,0.0,0.0,0.0,0.0,0.0,0.0,0.0,Harvey Dent
0.0,,29.332975941340184,333377,,Gurgaon,2018-05-23,5,,6,terminated,False,Marcus Nelson,Marcus Nelson,Marketing,African American,L2,28,,,Male,,,,0.0,Marketing Associate,,,Unknown,2024-04-16,Non-voluntary,3.0,,0.0,0.0,0.0,0.0,0.0,0.0,0.0,0.0,0.0,0.0,0.0,0.0,0.0,0.0,0.0,0.0,0.0,29500,354000,,,438016,35400.0,0.0,0.0,0.0,0.0,0.0,0.0,0.0,0.0,Harleen Quinnzel
0.0,,28.158084842071467,724735,,Gurgaon,2020-08-09,3,,3,terminated,False,Hailey Parks,Hailey Parks,Sales,African American,L2,24,,,Female,,,,0.0,Sales Representative,,,Career Change,2024-03-27,Voluntary,3.0,,0.0,0.0,0.0,0.0,0.0,0.0,0.0,0.0,0.0,0.0,0.0,0.0,0.0,0.0,0.0,0.0,0.0,20500,246000,,,419641,24600.0,0.0,0.0,0.0,0.0,0.0,0.0,0.0,0.0,Jim Gordon
0.0,,29.410680649545995,15286,,Bengaluru,2022-09-11,1,,4,terminated,False,Luis Kemp,Luis Kemp,UI/UX,African American,L2,27,,,Male,,,,0.0,Frontend Developer,,,Career Change,2024-07-06,Voluntary,1.0,,0.0,0.0,0.0,0.0,0.0,0.0,0.0,0.0,0.0,0.0,0.0,0.0,0.0,0.0,0.0,0.0,0.0,19500,234000,,,138144,23400.0,0.0,0.0,0.0,0.0,0.0,0.0,0.0,0.0,Tim Drake
0.0,,30.965526460115672,87149,,Bengaluru,2021-10-13,2,,3,terminated,False,Erica Shepard,Erica Shepard,Sales,African American,L1,32,,,Male,,,,0.0,Sales Associate,,,Better WLB,2024-02-07,Voluntary,2.0,,0.0,0.0,0.0,0.0,0.0,0.0,0.0,0.0,0.0,0.0,0.0,0.0,0.0,0.0,0.0,0.0,0.0,16500,198000,,,908183,19800.0,0.0,0.0,0.0,0.0,0.0,0.0,0.0,0.0,Jim Gordon
0.0,,31.259133329899335,136512,,Bengaluru,2022-12-21,1,,1,terminated,False,Terry Lewis,Terry Lewis,UI/UX,Asian,L4,24,,,Male,,,,0.0,Senior Frontend Developer,,,Better Pay,2024-02-23,Voluntary,1.0,,0.0,0.0,0.0,0.0,0.0,0.0,0.0,0.0,0.0,0.0,0.0,0.0,0.0,0.0,0.0,0.0,0.0,18500,222000,,,434961,22200.0,0.0,0.0,0.0,0.0,0.0,0.0,0.0,0.0,Tim Drake
0.0,,30.44880238797533,375312,,Gurgaon,2021-09-25,2,,2,terminated,False,Erik Cooke,Erik Cooke,Platform,Asian,L2,26,,,Female,,,,0.0,Platform Engineer,,,Career Change,2024-06-25,Voluntary,2.0,,0.0,0.0,0.0,0.0,0.0,0.0,0.0,0.0,0.0,0.0,0.0,0.0,0.0,0.0,0.0,0.0,0.0,17000,204000,,,994895,20400.0,0.0,0.0,0.0,0.0,0.0,0.0,0.0,0.0,Connor Hawke
0.0,,31.772794567709106,316958,,Kolkata,2019-07-04,4,,4,terminated,False,Zachary Brown,Zachary Brown,Sales,White,L3,31,,,Male,,,,0.0,Sales Executive,,,Better Pay,2024-03-26,Voluntary,3.0,,0.0,0.0,0.0,0.0,0.0,0.0,0.0,0.0,0.0,0.0,0.0,0.0,0.0,0.0,0.0,0.0,0.0,26500,318000,,,705838,31800.0,0.0,0.0,0.0,0.0,0.0,0.0,0.0,0.0,Harvey Bullock
0.0,,31.672294814651572,238712,,Gurgaon,2022-03-22,1,,1,terminated,False,Kristina Kemp,Kristina Kemp,Marketing,African American,L2,25,,,Male,,,,0.0,Marketing Associate,,,Better Pay,2024-02-27,Voluntary,1.0,,0.0,0.0,0.0,0.0,0.0,0.0,0.0,0.0,0.0,0.0,0.0,0.0,0.0,0.0,0.0,0.0,0.0,13500,162000,,,692489,16200.0,0.0,0.0,0.0,0.0,0.0,0.0,0.0,0.0,Pamela Isley
0.0,,31.689619866287785,173298,,Gurgaon,2022-09-05,1,,1,terminated,False,Michael Sandoval,Michael Sandoval,UI/UX,White,L2,31,,,Male,,,,0.0,Frontend Developer,,,Unknown,2024-02-11,Non-voluntary,1.0,,0.0,0.0,0.0,0.0,0.0,0.0,0.0,0.0,0.0,0.0,0.0,0.0,0.0,0.0,0.0,0.0,0.0,13500,162000,,,833616,16200.0,0.0,0.0,0.0,0.0,0.0,0.0,0.0,0.0,Richard Grayson
0.0,,28.45485116659799,706479,,Bengaluru,2024-03-08,0,,0,terminated,False,Michael Walker,Michael Walker,Sales,White,L1,31,,,Male,,,,0.0,Sales Associate,,,Better WLB,2024-06-06,Voluntary,0.0,,0.0,0.0,0.0,0.0,0.0,0.0,0.0,0.0,0.0,0.0,0.0,0.0,0.0,0.0,0.0,0.0,0.0,7500,90000,,,746520,9000.0,0.0,0.0,0.0,0.0,0.0,0.0,0.0,0.0,Renee Montoya
0.0,,31.580402842314587,644302,,Gurgaon,2021-09-17,2,,4,terminated,False,Catherine Lawrence,Catherine Lawrence,Marketing,White,L1,30,,,Male,,,,0.0,Social Media Coordinator,,,Unknown,2024-07-21,Non-voluntary,2.0,,0.0,0.0,0.0,0.0,0.0,0.0,0.0,0.0,0.0,0.0,0.0,0.0,0.0,0.0,0.0,0.0,0.0,18500,222000,,,605034,22200.0,0.0,0.0,0.0,0.0,0.0,0.0,0.0,0.0,Harvey Dent
0.0,,28.71199106733298,512743,,Gurgaon,2023-02-26,1,,2,terminated,False,Shelby Higgins,Shelby Higgins,IT,African American,L1,28,,,Male,,,,0.0,IT Support,,,Better Pay,2024-07-20,Voluntary,1.0,,0.0,0.0,0.0,0.0,0.0,0.0,0.0,0.0,0.0,0.0,0.0,0.0,0.0,0.0,0.0,0.0,0.0,13000,156000,,,175900,15600.0,0.0,0.0,0.0,0.0,0.0,0.0,0.0,0.0,Hal Jordan
0.0,,31.967357283710125,862013,,Bengaluru,2023-02-23,1,,2,terminated,False,Sarah Jones,Sarah Jones,Marketing,Asian,L1,24,,,Male,,,,0.0,Social Media Coordinator,,,Unknown,2024-05-13,Non-voluntary,1.0,,0.0,0.0,0.0,0.0,0.0,0.0,0.0,0.0,0.0,0.0,0.0,0.0,0.0,0.0,0.0,0.0,0.0,13000,156000,,,346632,15600.0,0.0,0.0,0.0,0.0,0.0,0.0,0.0,0.0,Harleen Quinnzel
0.0,,29.916430340327615,857621,,Gurgaon,2021-11-02,2,,2,terminated,False,Kayla Jones,Kayla Jones,Sales,White,L2,34,,,Female,,,,0.0,Sales Representative,,,Unknown,2024-04-10,Non-voluntary,2.0,,0.0,0.0,0.0,0.0,0.0,0.0,0.0,0.0,0.0,0.0,0.0,0.0,0.0,0.0,0.0,0.0,0.0,17000,204000,,,281711,20400.0,0.0,0.0,0.0,0.0,0.0,0.0,0.0,0.0,Jim Gordon
0.0,,31.497281829584338,939623,,Gurgaon,2022-11-13,1,,2,terminated,False,Jamie Randolph,Jamie Randolph,Sales,White,L1,27,,,Male,,,,0.0,Sales Associate,,,Career Change,2024-08-08,Voluntary,1.0,,0.0,0.0,0.0,0.0,0.0,0.0,0.0,0.0,0.0,0.0,0.0,0.0,0.0,0.0,0.0,0.0,0.0,13000,156000,,,734932,15600.0,0.0,0.0,0.0,0.0,0.0,0.0,0.0,0.0,Renee Montoya
0.0,,29.809191925469975,834952,,Bengaluru,2022-11-26,1,,1,terminated,False,Megan Lewis,Megan Lewis,Platform,White,L2,32,,,Female,,,,0.0,Platform Engineer,,,Unknown,2024-09-15,Non-voluntary,1.0,,0.0,0.0,0.0,0.0,0.0,0.0,0.0,0.0,0.0,0.0,0.0,0.0,0.0,0.0,0.0,0.0,0.0,13500,162000,,,333264,16200.0,0.0,0.0,0.0,0.0,0.0,0.0,0.0,0.0,Duke Thomas
0.0,,28.546975859983736,796369,,Bengaluru,2023-01-31,1,,1,terminated,False,Sara Moses,Sara Moses,Marketing,African American,L1,25,,,Female,,,,0.0,Social Media Coordinator,,,Better Pay,2024-06-13,Voluntary,1.0,,0.0,0.0,0.0,0.0,0.0,0.0,0.0,0.0,0.0,0.0,0.0,0.0,0.0,0.0,0.0,0.0,0.0,11000,132000,,,753890,13200.0,0.0,0.0,0.0,0.0,0.0,0.0,0.0,0.0,Harleen Quinnzel
0.0,,29.54006605554364,159810,,Gurgaon,2023-04-14,1,,2,terminated,False,Alexa Jones,Alexa Jones,Marketing,African American,L3,25,,,Male,,,,0.0,Marketing Analyst,,,Better WLB,2024-09-06,Voluntary,1.0,,0.0,0.0,0.0,0.0,0.0,0.0,0.0,0.0,0.0,0.0,0.0,0.0,0.0,0.0,0.0,0.0,0.0,18000,216000,,,925885,21600.0,0.0,0.0,0.0,0.0,0.0,0.0,0.0,0.0,Pamela Isley
0.0,,30.498707020823943,156723,,Gurgaon,2022-10-18,1,,2,terminated,False,Dustin Dixon,Dustin Dixon,Customer Service,African American,L2,32,,,Non-Binary,,,,0.0,Support Specialist,,,Better Pay,2024-07-19,Voluntary,1.0,,0.0,0.0,0.0,0.0,0.0,0.0,0.0,0.0,0.0,0.0,0.0,0.0,0.0,0.0,0.0,0.0,0.0,15500,186000,,,629240,18600.0,0.0,0.0,0.0,0.0,0.0,0.0,0.0,0.0,Selina Kyle
0.0,,28.156512682039562,708710,,Kolkata,2022-02-21,2,,3,terminated,False,Tyler Kerr,Tyler Kerr,Customer Service,Asian,L3,26,,,Female,,,,0.0,Technical Consultant,,,Unknown,2024-06-27,Non-voluntary,2.0,,0.0,0.0,0.0,0.0,0.0,0.0,0.0,0.0,0.0,0.0,0.0,0.0,0.0,0.0,0.0,0.0,0.0,21500,258000,,,514778,25800.0,0.0,0.0,0.0,0.0,0.0,0.0,0.0,0.0,Selina Kyle
0.0,,28.49269298979527,749022,,Gurgaon,2020-05-28,4,,4,terminated,False,Ashley Russell,Ashley Russell,Sales,African American,L3,30,,,Female,,,,0.0,Sales Executive,,,Better Pay,2024-10-06,Voluntary,3.0,,0.0,0.0,0.0,0.0,0.0,0.0,0.0,0.0,0.0,0.0,0.0,0.0,0.0,0.0,0.0,0.0,0.0,26500,318000,,,581122,31800.0,0.0,0.0,0.0,0.0,0.0,0.0,0.0,0.0,Jim Gordon
0.0,,28.341179272792893,418357,,Bengaluru,2019-12-24,4,,6,terminated,False,Lonnie Gordon,Lonnie Gordon,Customer Service,African American,L1,25,,,Male,,,,0.0,Customer Service Associate,,,Unknown,2024-10-30,Non-voluntary,3.0,,0.0,0.0,0.0,0.0,0.0,0.0,0.0,0.0,0.0,0.0,0.0,0.0,0.0,0.0,0.0,0.0,0.0,25500,306000,,,760304,30600.0,0.0,0.0,0.0,0.0,0.0,0.0,0.0,0.0,Jason Blood
0.0,,30.728212163722457,792194,,Kolkata,2023-03-19,1,,1,terminated,False,Holly Anderson,Holly Anderson,Sales,White,L1,28,,,Male,,,,0.0,Sales Associate,,,Career Change,2024-08-20,Voluntary,1.0,,0.0,0.0,0.0,0.0,0.0,0.0,0.0,0.0,0.0,0.0,0.0,0.0,0.0,0.0,0.0,0.0,0.0,11000,132000,,,423626,13200.0,0.0,0.0,0.0,0.0,0.0,0.0,0.0,0.0,Harvey Bullock
0.0,,29.97599088262526,151257,,Gurgaon,2022-04-07,1,,1,terminated,False,Emily Davis,Emily Davis,UI/UX,White,L3,24,,,Male,,,,0.0,UX Designer,,,Better Pay,2024-03-12,Voluntary,1.0,,0.0,0.0,0.0,0.0,0.0,0.0,0.0,0.0,0.0,0.0,0.0,0.0,0.0,0.0,0.0,0.0,0.0,16000,192000,,,763238,19200.0,0.0,0.0,0.0,0.0,0.0,0.0,0.0,0.0,Jason Todd
0.0,,31.000086372943176,128051,,Gurgaon,2024-06-10,0,,1,terminated,False,Brent Fitzpatrick,Brent Fitzpatrick,Customer Service,African American,L3,28,,,Male,,,,0.0,Technical Consultant,,,Unknown,2024-10-09,Non-voluntary,0.0,,0.0,0.0,0.0,0.0,0.0,0.0,0.0,0.0,0.0,0.0,0.0,0.0,0.0,0.0,0.0,0.0,0.0,14500,174000,,,399824,17400.0,0.0,0.0,0.0,0.0,0.0,0.0,0.0,0.0,Jason Blood
0.0,,30.832836916928866,66658,,Bengaluru,2021-06-13,2,,2,terminated,False,Valerie Evans,Valerie Evans,Sales,African American,L1,34,,,Female,,,,0.0,Sales Associate,,,Unknown,2024-05-21,Non-voluntary,2.0,,0.0,0.0,0.0,0.0,0.0,0.0,0.0,0.0,0.0,0.0,0.0,0.0,0.0,0.0,0.0,0.0,0.0,14500,174000,,,46016,17400.0,0.0,0.0,0.0,0.0,0.0,0.0,0.0,0.0,Renee Montoya
0.0,,31.902731428950815,696342,,Bengaluru,2023-02-09,1,,4,terminated,False,Karen Dean,Karen Dean,UI/UX,White,L1,28,,,Male,,,,0.0,Junior UX Designer,,,Unknown,2024-04-30,Non-voluntary,1.0,,0.0,0.0,0.0,0.0,0.0,0.0,0.0,0.0,0.0,0.0,0.0,0.0,0.0,0.0,0.0,0.0,0.0,17000,204000,,,120903,20400.0,0.0,0.0,0.0,0.0,0.0,0.0,0.0,0.0,Richard Grayson
0.0,,28.178460797514777,39707,,Gurgaon,2022-11-04,1,,1,terminated,False,Sarah Butler,Sarah Butler,Customer Service,Asian,L2,29,,,Female,,,,0.0,Support Specialist,,,Unknown,2024-10-21,Non-voluntary,1.0,,0.0,0.0,0.0,0.0,0.0,0.0,0.0,0.0,0.0,0.0,0.0,0.0,0.0,0.0,0.0,0.0,0.0,13500,162000,,,854993,16200.0,0.0,0.0,0.0,0.0,0.0,0.0,0.0,0.0,Jason Blood
0.0,,31.483170172944856,60415,,Gurgaon,2023-03-12,1,,1,terminated,False,Juan Wright,Juan Wright,Sales,White,L3,25,,,Male,,,,0.0,Sales Executive,,,Better Pay,2024-04-16,Voluntary,1.0,,0.0,0.0,0.0,0.0,0.0,0.0,0.0,0.0,0.0,0.0,0.0,0.0,0.0,0.0,0.0,0.0,0.0,16000,192000,,,903085,19200.0,0.0,0.0,0.0,0.0,0.0,0.0,0.0,0.0,Arnold Flass
0.0,,30.246775653219867,809531,,Kolkata,2023-05-31,1,,2,terminated,False,Brandy Henderson,Brandy Henderson,IT,African American,L1,30,,,Female,,,,0.0,IT Support,,,Better Pay,2024-08-13,Voluntary,1.0,,0.0,0.0,0.0,0.0,0.0,0.0,0.0,0.0,0.0,0.0,0.0,0.0,0.0,0.0,0.0,0.0,0.0,13000,156000,,,414529,15600.0,0.0,0.0,0.0,0.0,0.0,0.0,0.0,0.0,Guy Gardner
0.0,,28.054868567256175,802618,,Gurgaon,2020-12-10,3,,4,terminated,False,Kimberly Juarez,Kimberly Juarez,Sales,White,L3,28,,,Male,,,,0.0,Sales Executive,,,Better Pay,2024-10-19,Voluntary,3.0,,0.0,0.0,0.0,0.0,0.0,0.0,0.0,0.0,0.0,0.0,0.0,0.0,0.0,0.0,0.0,0.0,0.0,25000,300000,,,716699,30000.0,0.0,0.0,0.0,0.0,0.0,0.0,0.0,0.0,Jim Gordon
0.0,,28.190353211675767,852147,,Gurgaon,2021-11-09,2,,2,terminated,False,John Adams,John Adams,Customer Service,African American,L1,29,,,Female,,,,0.0,Customer Service Associate,,,Unknown,2024-03-14,Non-voluntary,2.0,,0.0,0.0,0.0,0.0,0.0,0.0,0.0,0.0,0.0,0.0,0.0,0.0,0.0,0.0,0.0,0.0,0.0,14500,174000,,,716071,17400.0,0.0,0.0,0.0,0.0,0.0,0.0,0.0,0.0,Zatanna Zatara
0.0,,30.158047488660568,850188,,Gurgaon,2023-02-11,1,,1,terminated,False,Carlos Banks,Carlos Banks,UI/UX,White,L2,29,,,Female,,,,0.0,Frontend Developer,,,Unknown,2024-05-08,Non-voluntary,1.0,,0.0,0.0,0.0,0.0,0.0,0.0,0.0,0.0,0.0,0.0,0.0,0.0,0.0,0.0,0.0,0.0,0.0,13500,162000,,,517778,16200.0,0.0,0.0,0.0,0.0,0.0,0.0,0.0,0.0,Richard Grayson
0.0,,31.465828295797373,589609,,Gurgaon,2022-03-02,1,,2,terminated,False,Heather Fisher,Heather Fisher,UI/UX,African American,L1,25,,,Female,,,,0.0,Junior UX Designer,,,Better Pay,2024-02-13,Voluntary,1.0,,0.0,0.0,0.0,0.0,0.0,0.0,0.0,0.0,0.0,0.0,0.0,0.0,0.0,0.0,0.0,0.0,0.0,13000,156000,,,667285,15600.0,0.0,0.0,0.0,0.0,0.0,0.0,0.0,0.0,Jason Todd
0.0,,30.81447571497532,559759,,Gurgaon,2023-08-01,1,,2,terminated,False,Victor Allen,Victor Allen,Sales,African American,L1,25,,,Female,,,,0.0,Sales Associate,,,Better WLB,2024-09-22,Voluntary,1.0,,0.0,0.0,0.0,0.0,0.0,0.0,0.0,0.0,0.0,0.0,0.0,0.0,0.0,0.0,0.0,0.0,0.0,13000,156000,,,828605,15600.0,0.0,0.0,0.0,0.0,0.0,0.0,0.0,0.0,Harvey Bullock
0.0,,29.212166087453856,676501,,Gurgaon,2022-09-19,1,,2,terminated,False,Kim Jordan MD,Kim Jordan MD,Sales,White,L1,26,,,Male,,,,0.0,Sales Associate,,,Unknown,2024-09-12,Non-voluntary,1.0,,0.0,0.0,0.0,0.0,0.0,0.0,0.0,0.0,0.0,0.0,0.0,0.0,0.0,0.0,0.0,0.0,0.0,13000,156000,,,344353,15600.0,0.0,0.0,0.0,0.0,0.0,0.0,0.0,0.0,Harvey Bullock
0.0,,29.433168144024048,213090,,Gurgaon,2023-05-30,0,,0,terminated,False,Kimberly Mcgrath,Kimberly Mcgrath,Sales,Asian,L3,25,,,Male,,,,0.0,Sales Executive,,,Unknown,2024-03-10,Non-voluntary,0.0,,0.0,0.0,0.0,0.0,0.0,0.0,0.0,0.0,0.0,0.0,0.0,0.0,0.0,0.0,0.0,0.0,0.0,12500,150000,,,907360,15000.0,0.0,0.0,0.0,0.0,0.0,0.0,0.0,0.0,Harvey Bullock
0.0,,30.000749118758517,498873,,Gurgaon,2022-03-03,2,,2,terminated,False,Carlos Holt,Carlos Holt,Customer Service,African American,L2,27,,,Male,,,,0.0,Support Specialist,,,Better Pay,2024-06-26,Voluntary,2.0,,0.0,0.0,0.0,0.0,0.0,0.0,0.0,0.0,0.0,0.0,0.0,0.0,0.0,0.0,0.0,0.0,0.0,17000,204000,,,125462,20400.0,0.0,0.0,0.0,0.0,0.0,0.0,0.0,0.0,Jason Blood
0.0,,29.387880078942864,68197,,Gurgaon,2023-05-18,1,,1,terminated,False,Stephanie Aguilar,Stephanie Aguilar,Sales,African American,L2,29,,,Female,,,,0.0,Sales Representative,,,Better WLB,2024-07-06,Voluntary,1.0,,0.0,0.0,0.0,0.0,0.0,0.0,0.0,0.0,0.0,0.0,0.0,0.0,0.0,0.0,0.0,0.0,0.0,13500,162000,,,689698,16200.0,0.0,0.0,0.0,0.0,0.0,0.0,0.0,0.0,Renee Montoya
0.0,,28.1321484991797,542968,,Gurgaon,2023-02-27,1,,1,terminated,False,Thomas Vargas,Thomas Vargas,UI/UX,African American,L2,27,,,Female,,,,0.0,Frontend Developer,,,Better Pay,2024-10-02,Voluntary,1.0,,0.0,0.0,0.0,0.0,0.0,0.0,0.0,0.0,0.0,0.0,0.0,0.0,0.0,0.0,0.0,0.0,0.0,13500,162000,,,359925,16200.0,0.0,0.0,0.0,0.0,0.0,0.0,0.0,0.0,Jason Todd
0.0,,28.797280178046105,499660,,Gurgaon,2022-02-16,2,,4,terminated,False,Michael Brown,Michael Brown,Sales,African American,L2,27,,,Male,,,,0.0,Sales Representative,,,Career Change,2024-06-11,Voluntary,2.0,,0.0,0.0,0.0,0.0,0.0,0.0,0.0,0.0,0.0,0.0,0.0,0.0,0.0,0.0,0.0,0.0,0.0,21000,252000,,,418088,25200.0,0.0,0.0,0.0,0.0,0.0,0.0,0.0,0.0,Harvey Bullock
0.0,,30.36341073647392,304312,,Gurgaon,2023-01-16,1,,1,terminated,False,Susan Chavez,Susan Chavez,Sales,White,L2,25,,,Male,,,,0.0,Sales Representative,,,Unknown,2024-07-01,Non-voluntary,1.0,,0.0,0.0,0.0,0.0,0.0,0.0,0.0,0.0,0.0,0.0,0.0,0.0,0.0,0.0,0.0,0.0,0.0,13500,162000,,,133283,16200.0,0.0,0.0,0.0,0.0,0.0,0.0,0.0,0.0,Harvey Bullock
0.0,,30.054941424187966,167419,,Gurgaon,2020-01-31,4,,5,terminated,False,Melinda Williams,Melinda Williams,Sales,African American,L1,25,,,Female,,,,0.0,Sales Associate,,,Better Pay,2024-05-03,Voluntary,3.0,,0.0,0.0,0.0,0.0,0.0,0.0,0.0,0.0,0.0,0.0,0.0,0.0,0.0,0.0,0.0,0.0,0.0,23500,282000,,,406332,28200.0,0.0,0.0,0.0,0.0,0.0,0.0,0.0,0.0,Arnold Flass
0.0,,31.677700635774446,793545,,Gurgaon,2022-06-21,1,,1,terminated,False,Sara Poole,Sara Poole,UI/UX,African American,L1,27,,,Male,,,,0.0,Junior UX Designer,,,Career Change,2024-02-10,Voluntary,1.0,,0.0,0.0,0.0,0.0,0.0,0.0,0.0,0.0,0.0,0.0,0.0,0.0,0.0,0.0,0.0,0.0,0.0,11000,132000,,,476559,13200.0,0.0,0.0,0.0,0.0,0.0,0.0,0.0,0.0,Barabara Gordon
0.0,,30.6773856041766,878962,,Bengaluru,2021-11-07,2,,2,terminated,False,Cathy Soto,Cathy Soto,Marketing,African American,L3,25,,,Male,,,,0.0,Marketing Analyst,,,Better WLB,2024-04-20,Voluntary,2.0,,0.0,0.0,0.0,0.0,0.0,0.0,0.0,0.0,0.0,0.0,0.0,0.0,0.0,0.0,0.0,0.0,0.0,19500,234000,,,991093,23400.0,0.0,0.0,0.0,0.0,0.0,0.0,0.0,0.0,Harleen Quinnzel
0.0,,30.175155198528277,231324,,Kolkata,2021-07-23,2,,5,terminated,False,Jordan Simmons,Jordan Simmons,Sales,Asian,L1,30,,,Male,,,,0.0,Sales Associate,,,Better Pay,2024-02-09,Voluntary,2.0,,0.0,0.0,0.0,0.0,0.0,0.0,0.0,0.0,0.0,0.0,0.0,0.0,0.0,0.0,0.0,0.0,0.0,20500,246000,,,900915,24600.0,0.0,0.0,0.0,0.0,0.0,0.0,0.0,0.0,Arnold Flass
0.0,,28.557738693310995,829100,,Bengaluru,2022-08-31,1,,2,terminated,False,Jesse Bright,Jesse Bright,Sales,African American,L3,31,,,Male,,,,0.0,Sales Executive,,,Better Pay,2024-06-07,Voluntary,1.0,,0.0,0.0,0.0,0.0,0.0,0.0,0.0,0.0,0.0,0.0,0.0,0.0,0.0,0.0,0.0,0.0,0.0,18000,216000,,,398172,21600.0,0.0,0.0,0.0,0.0,0.0,0.0,0.0,0.0,Renee Montoya
0.0,,30.217736992570824,844679,,Gurgaon,2021-02-24,3,,5,terminated,False,Samantha Diaz,Samantha Diaz,Sales,Asian,L3,28,,,Male,,,,0.0,Sales Executive,,,Unknown,2024-10-17,Non-voluntary,3.0,,0.0,0.0,0.0,0.0,0.0,0.0,0.0,0.0,0.0,0.0,0.0,0.0,0.0,0.0,0.0,0.0,0.0,27000,324000,,,783989,32400.0,0.0,0.0,0.0,0.0,0.0,0.0,0.0,0.0,Jim Gordon
0.0,,31.74734837540859,16795,,Bengaluru,2023-10-15,0,,1,terminated,False,Alicia Morrison,Alicia Morrison,Marketing,African American,L2,24,,,Male,,,,0.0,Marketing Associate,,,Better Pay,2024-08-13,Voluntary,0.0,,0.0,0.0,0.0,0.0,0.0,0.0,0.0,0.0,0.0,0.0,0.0,0.0,0.0,0.0,0.0,0.0,0.0,12000,144000,,,214847,14400.0,0.0,0.0,0.0,0.0,0.0,0.0,0.0,0.0,Harleen Quinnzel
